PROPERTY: Calculated Density (g/cm$^3$),PROPERTY: Test temperature ($^\circ$C),PROPERTY: YS (MPa),PROPERTY: Calculated Young modulus (GPa),PROPERTY: Type of test::C,PROPERTY: Type of test::T,PROPERTY: Processing method::CAST,PROPERTY: Processing method::WROUGHT,PROPERTY: Processing method::ANNEAL,PROPERTY: Processing method::OTHER,PROPERTY: Processing method::POWDER,PROPERTY: Microstructure::BCC,PROPERTY: Microstructure::FCC,FORMULA::Al,FORMULA::Co,FORMULA::Fe,FORMULA::Ni,FORMULA::Si,FORMULA::Cr,FORMULA::Mn,FORMULA::Mo,FORMULA::Nb,FORMULA::Cu,FORMULA::Ti,FORMULA::V,FORMULA::Ta,FORMULA::Zr,FORMULA::Hf,FORMULA::W,FORMULA::Zn,FORMULA::Re,FORMULA::Mg
7.9,25,158,192,1,0,1,0,0,0,0,0,1,0.25,1,1,1,0,0,0,0,0,0,0,0,0,0,0,0,0,0,0
6.6,25,964,162,1,0,1,0,0,0,0,1,0,1,1,1,1,0,0,0,0,0,0,0,0,0,0,0,0,0,0,0
8.5,25,204,207,1,0,1,0,0,0,0,0,1,0,1,1,1,0,0,0,0,0,0,0,0,0,0,0,0,0,0,0
8.5,25,209,207,1,0,1,0,0,0,0,0,1,0,1,1,1,0,0,0,0,0,0,0,0,0,0,0,0,0,0,0
7.7,25,196,186,1,0,1,0,0,0,0,0,1,0,1,1,1,0.25,0,0,0,0,0,0,0,0,0,0,0,0,0,0
8.2,25,274,226,0,1,0,1,0,0,0,0,1,0,1,1,1,0,1,0,0,0,0,0,0,0,0,0,0,0,0,0
8.1,25,282,222,0,1,0,1,0,0,0,0,1,0,1,0,1,0,1,1,0,0,0,0,0,0,0,0,0,0,0,0
8.3,25,300,231,0,1,0,1,0,0,0,0,1,0,1,0,1,0,1,0,0,0,0,0,0,0,0,0,0,0,0,0
8.2,25,170,204,0,1,0,1,0,0,0,0,1,0,1,1,1,0,0,1,0,0,0,0,0,0,0,0,0,0,0,0
8.5,25,211,207,0,1,0,1,0,0,0,0,1,0,1,1,1,0,0,0,0,0,0,0,0,0,0,0,0,0,0,0
8.4,25,231,202,0,1,0,1,0,0,0,0,1,0,1,0,1,0,0,1,0,0,0,0,0,0,0,0,0,0,0,0
8.1,25,221,203,0,1,0,1,0,0,0,0,1,0,0,1,1,0,0,1,0,0,0,0,0,0,0,0,0,0,0,0
8.2,25,148,226,0,1,1,0,0,0,0,0,1,0,1,1,1,0,1,0,0,0,0,0,0,0,0,0,0,0,0,0
6.7,25,1251,184,1,0,1,0,0,0,0,1,0,1,1,1,1,0,1,0,0,0,0,0,0,0,0,0,0,0,0,0
6.7,25,1138,184,1,0,1,0,0,0,0,1,0,1,1,1,1,0,1,0,0,0,0,0,0,0,0,0,0,0,0,0
6.8,25,1804,188,1,0,1,0,0,0,0,1,0,1,1,1,1,0,1,0,0.1,0,0,0,0,0,0,0,0,0,0,0
6.7,25,1051,184,1,0,1,0,0,0,0,1,0,1,1,1,1,0,1,0,0,0,0,0,0,0,0,0,0,0,0,0
6.8,25,1641,182,1,0,1,0,0,0,0,1,0,1,1,1,1,0,1,0,0,0.1,0,0,0,0,0,0,0,0,0,0
6.7,25,1373,184,1,0,1,0,0,0,0,1,0,1,1,1,1,0,1,0,0,0,0,0,0,0,0,0,0,0,0,0
6.7,25,1110,184,1,0,1,0,0,0,0,1,0,1,1,1,1,0,1,0,0,0,0,0,0,0,0,0,0,0,0,0
6.5,25,1265,176,1,0,1,0,0,0,0,1,0,1,1,1,1,0.2,1,0,0,0,0,0,0,0,0,0,0,0,0,0
6.2,25,1481,169,1,0,1,0,0,0,0,1,0,1,1,1,1,0.4,1,0,0,0,0,0,0,0,0,0,0,0,0,0
6,25,1834,162,1,0,1,0,0,0,0,1,0,1,1,1,1,0.6,1,0,0,0,0,0,0,0,0,0,0,0,0,0
7.5,25,750,189,1,0,1,0,0,0,0,0,1,0.25,1,1,1,0,1,0,0,0,0.75,0.5,0,0,0,0,0,0,0,0
7.8,25,700,194,1,0,1,0,0,0,0,0,1,0,1,1,1,0,1,0,0,0,1,0.5,0,0,0,0,0,0,0,0
7.7,25,220,212,0,1,1,0,0,0,0,0,1,0.2,1,1,1,0,1,1,0,0,0,0,0,0,0,0,0,0,0,0
7.5,25,244,205,0,1,1,0,0,0,0,0,1,0.38,1,1,1,0,1,1,0,0,0,0,0,0,0,0,0,0,0,0
8,25,208,220,0,1,1,0,0,0,0,0,1,0,1,1,1,0,1,1,0,0,0,0,0,0,0,0,0,0,0,0
8,25,230,220,1,0,0,0,1,0,0,0,1,0,1,1,1,0,1,1,0,0,0,0,0,0,0,0,0,0,0,0
7.8,25,620,210,1,0,0,0,1,0,0,0,1,0,1,1,1,0,1,1,0,0,0,0,0.5,0,0,0,0,0,0,0
7.4,25,1272,185,1,0,1,0,0,0,0,0,1,0,1,1,1,0,1,0,0,0,1,1,0,0,0,0,0,0,0,0
7.8,25,700,194,1,0,1,0,0,0,0,0,1,0,1,1,1,0,1,0,0,0,1,0.5,0,0,0,0,0,0,0,0
5.9,25,980,131,1,0,1,0,0,0,0,0,1,1,0,0.667,0.889,0,0,0,0,0,0.889,1,0,0,0,0,0,0,0,0
5.9,25,980,131,1,0,1,0,0,0,0,0,1,1,0,0.667,0.889,0,0,0,0,0,0.889,1,0,0,0,0,0,0,0,0
6.1,25,1074,137,1,0,1,0,0,0,0,0,1,1,0,1,1,0,0,0,0,0,1,1,0,0,0,0,0,0,0,0
5.7,25,300,122,1,0,1,0,0,0,0,0,1,1,0,0,1,0,0,0,0,0,1,1,0,0,0,0,0,0,0,0
7.7,25,1965,107,1,0,0,0,0,1,0,1,0,0.214,0,0,0,0,0,0,0,0.714,0,1,0.143,0.571,0.929,0,0,0,0,0
7.7,800,678,107,1,0,0,0,0,1,0,1,0,0.214,0,0,0,0,0,0,0,0.714,0,1,0.143,0.571,0.929,0,0,0,0,0
7.7,1000,166,107,1,0,0,0,0,1,0,1,0,0.214,0,0,0,0,0,0,0,0.714,0,1,0.143,0.571,0.929,0,0,0,0,0
8.1,25,1965,110,1,0,0,0,0,1,0,1,0,0.214,0,0,0,0,0,0,0,0.714,0,1,0,0.714,0.929,0,0,0,0,0
8.1,800,362,110,1,0,0,0,0,1,0,1,0,0.214,0,0,0,0,0,0,0,0.714,0,1,0,0.714,0.929,0,0,0,0,0
8.1,1000,236,110,1,0,0,0,0,1,0,1,0,0.214,0,0,0,0,0,0,0,0.714,0,1,0,0.714,0.929,0,0,0,0,0
9.1,25,1841,107,1,0,0,0,0,1,0,1,0,0.4,0,0,0,0,0,0,0,1,0,1,0,1,1,0.6,0,0,0,0
9.1,800,796,107,1,0,0,0,0,1,0,1,0,0.4,0,0,0,0,0,0,0,1,0,1,0,1,1,0.6,0,0,0,0
9.1,1000,298,107,1,0,0,0,0,1,0,1,0,0.4,0,0,0,0,0,0,0,1,0,1,0,1,1,0.6,0,0,0,0
7.6,25,2035,109,1,0,0,0,0,1,0,1,0,0.333,0,0,0,0,0,0,0,0.667,0,1,0.133,0.533,0.667,0,0,0,0,0
7.6,800,796,109,1,0,0,0,0,1,0,1,0,0.333,0,0,0,0,0,0,0,0.667,0,1,0.133,0.533,0.667,0,0,0,0,0
7.6,1000,220,109,1,0,0,0,0,1,0,1,0,0.333,0,0,0,0,0,0,0,0.667,0,1,0.133,0.533,0.667,0,0,0,0,0
6.8,25,1280,105,1,0,0,0,0,1,0,1,0,0.667,0,0,0,0,0,0,0,1,0,1,0,0.333,0.333,0,0,0,0,0
6.8,800,728,105,1,0,0,0,0,1,0,1,0,0.667,0,0,0,0,0,0,0,1,0,1,0,0.333,0.333,0,0,0,0,0
6.8,1000,403,105,1,0,0,0,0,1,0,1,0,0.667,0,0,0,0,0,0,0,1,0,1,0,0.333,0.333,0,0,0,0,0
9.5,25,1188,105,1,0,1,0,0,0,0,1,0,0.3,0,0,0,0,0,0,0,1,0,1,0,1,1,1,0,0,0,0
9.3,25,1302,104,1,0,1,0,0,0,0,1,0,0.5,0,0,0,0,0,0,0,1,0,1,0,1,1,1,0,0,0,0
9.1,25,1415,103,1,0,1,0,0,0,0,1,0,0.75,0,0,0,0,0,0,0,1,0,1,0,1,1,1,0,0,0,0
9.9,25,1073,107,1,0,1,0,0,0,0,1,0,0,0,0,0,0,0,0,0,1,0,1,0,1,1,1,0,0,0,0
7.1,25,1250,161,1,0,1,0,0,0,0,1,0,0.25,0,0,0,0,0,0,1,1,0,1,1,0,0,0,0,0,0,0
6.8,25,1625,156,1,0,1,0,0,0,0,1,0,0.5,0,0,0,0,0,0,1,1,0,1,1,0,0,0,0,0,0,0
6.6,25,1260,151,1,0,1,0,0,0,0,1,0,0.75,0,0,0,0,0,0,1,1,0,1,1,0,0,0,0,0,0,0
6.4,25,1375,147,1,0,1,0,0,0,0,1,0,1,0,0,0,0,0,0,1,1,0,1,1,0,0,0,0,0,0,0
7.3,25,1200,167,1,0,1,0,0,0,0,1,0,0,0,0,0,0,0,0,1,1,0,1,1,0,0,0,0,0,0,0
8.8,25,1330,130,1,0,1,0,0,0,0,1,0,0.25,0,0,0,0,0,0,0,1,0,1,1,1,0,0,0,0,0,0
8.5,25,1014,127,1,0,1,0,0,0,0,1,0,0.5,0,0,0,0,0,0,0,1,0,1,1,1,0,0,0,0,0,0
7.9,25,993,122,1,0,1,0,0,0,0,1,0,1,0,0,0,0,0,0,0,1,0,1,1,1,0,0,0,0,0,0
9.2,25,1092,134,1,0,1,0,0,0,0,1,0,0,0,0,0,0,0,0,0,1,0,1,1,1,0,0,0,0,0,0
5.5,25,1020,104,1,0,0,0,1,0,0,1,0,1,0,0,0,0,0,0,0,1,0,1,1,0,0,0,0,0,0,0
5.5,600,810,104,1,0,0,0,1,0,0,1,0,1,0,0,0,0,0,0,0,1,0,1,1,0,0,0,0,0,0,0
5.5,800,685,104,1,0,0,0,1,0,0,1,0,1,0,0,0,0,0,0,0,1,0,1,1,0,0,0,0,0,0,0
5.5,1000,158,104,1,0,0,0,1,0,0,1,0,1,0,0,0,0,0,0,0,1,0,1,1,0,0,0,0,0,0,0
6.4,25,918,105,1,0,0,0,0,1,0,1,0,0,0,0,0,0,0,0,0,0.5,0,0.5,1,0,0.5,0,0,0,0,0
6.4,600,571,105,1,0,0,0,0,1,0,1,0,0,0,0,0,0,0,0,0,0.5,0,0.5,1,0,0.5,0,0,0,0,0
6.4,800,240,105,1,0,0,0,0,1,0,1,0,0,0,0,0,0,0,0,0,0.5,0,0.5,1,0,0.5,0,0,0,0,0
6.4,1000,72,105,1,0,0,0,0,1,0,1,0,0,0,0,0,0,0,0,0,0.5,0,0.5,1,0,0.5,0,0,0,0,0
6.5,25,1105,100,1,0,0,0,0,1,0,1,0,0,0,0,0,0,0,0,0,1,0,1,1,0,1,0,0,0,0,0
6.5,600,834,100,1,0,0,0,0,1,0,1,0,0,0,0,0,0,0,0,0,1,0,1,1,0,1,0,0,0,0,0
6.5,800,187,100,1,0,0,0,0,1,0,1,0,0,0,0,0,0,0,0,0,1,0,1,1,0,1,0,0,0,0,0
6.5,1000,58,100,1,0,0,0,0,1,0,1,0,0,0,0,0,0,0,0,0,1,0,1,1,0,1,0,0,0,0,0
7.9,25,1176,115,1,0,1,0,0,0,0,1,0,0,0,0,0,0,0,0,0.5,1,0,1,0,0,1,0.5,0,0,0,0
9.9,25,1112,115,1,0,1,0,0,0,0,1,0,0,0,0,0,0,0,0,0.25,1,0,1,0,1,1,1,0,0,0,0
9.9,25,1317,123,1,0,1,0,0,0,0,1,0,0,0,0,0,0,0,0,0.5,1,0,1,0,1,1,1,0,0,0,0
9.9,25,1373,130,1,0,1,0,0,0,0,1,0,0,0,0,0,0,0,0,0.75,1,0,1,0,1,1,1,0,0,0,0
9.9,25,1512,137,1,0,1,0,0,0,0,1,0,0,0,0,0,0,0,0,1,1,0,1,0,1,1,1,0,0,0,0
9.9,25,1015,107,1,0,1,0,0,0,0,1,0,0,0,0,0,0,0,0,0,1,0,1,0,1,1,1,0,0,0,0
9.9,25,1512,137,1,0,1,0,0,0,0,1,0,0,0,0,0,0,0,0,1,1,0,1,0,1,1,1,0,0,0,0
9.9,800,1007,137,1,0,1,0,0,0,0,1,0,0,0,0,0,0,0,0,1,1,0,1,0,1,1,1,0,0,0,0
9.9,1000,814,137,1,0,1,0,0,0,0,1,0,0,0,0,0,0,0,0,1,1,0,1,0,1,1,1,0,0,0,0
9.9,1200,556,137,1,0,1,0,0,0,0,1,0,0,0,0,0,0,0,0,1,1,0,1,0,1,1,1,0,0,0,0
10.2,25,1600,143,1,0,1,0,0,0,0,1,0,0,0,0,0,0,0,0,1,0,0,1,0,1,1,1,0,0,0,0
10.2,800,1045,143,1,0,1,0,0,0,0,1,0,0,0,0,0,0,0,0,1,0,0,1,0,1,1,1,0,0,0,0
10.2,1000,855,143,1,0,1,0,0,0,0,1,0,0,0,0,0,0,0,0,1,0,0,1,0,1,1,1,0,0,0,0
10.2,1200,404,143,1,0,1,0,0,0,0,1,0,0,0,0,0,0,0,0,1,0,0,1,0,1,1,1,0,0,0,0
8.7,25,1575,128,1,0,0,0,1,0,0,1,0,0,0,0,0,0,0,0,1,1,0,1,0,0,1,1,0,0,0,0
8.7,800,825,128,1,0,0,0,1,0,0,1,0,0,0,0,0,0,0,0,1,1,0,1,0,0,1,1,0,0,0,0
8.7,1000,635,128,1,0,0,0,1,0,0,1,0,0,0,0,0,0,0,0,1,1,0,1,0,0,1,1,0,0,0,0
8.7,1200,187,128,1,0,0,0,1,0,0,1,0,0,0,0,0,0,0,0,1,1,0,1,0,0,1,1,0,0,0,0
8.7,25,1719,128,1,0,1,0,0,0,0,1,0,0,0,0,0,0,0,0,1,1,0,1,0,0,1,1,0,0,0,0
8.2,25,903,103,0,1,1,0,0,0,0,1,0,0,0,0,0,0,0,0,0,0.333,0,1,0,0.333,0.667,0.333,0,0,0,0
9.9,25,929,107,1,0,0,0,0,1,0,1,0,0,0,0,0,0,0,0,0,1,0,1,0,1,1,1,0,0,0,0
9.9,400,790,107,1,0,0,0,0,1,0,1,0,0,0,0,0,0,0,0,0,1,0,1,0,1,1,1,0,0,0,0
9.9,600,675,107,1,0,0,0,0,1,0,1,0,0,0,0,0,0,0,0,0,1,0,1,0,1,1,1,0,0,0,0
9.9,800,535,107,1,0,0,0,0,1,0,1,0,0,0,0,0,0,0,0,0,1,0,1,0,1,1,1,0,0,0,0
9.9,1000,295,107,1,0,0,0,0,1,0,1,0,0,0,0,0,0,0,0,0,1,0,1,0,1,1,1,0,0,0,0
9.9,1200,92,107,1,0,0,0,0,1,0,1,0,0,0,0,0,0,0,0,0,1,0,1,0,1,1,1,0,0,0,0
8.4,25,879,89,0,1,1,0,0,0,0,1,0,0,0,0,0,0,0,0,0,1,0,1,0,0,1,1,0,0,0,0
10.7,25,1525,186,1,0,0,0,1,0,0,1,0,0,0,0,0,0,0,0,1,1,0,0,1,1,0,0,0,0,0,0
12.4,25,1246,229,1,0,1,0,0,0,0,1,0,0,0,0,0,0,0,0,1,1,0,0,1,1,0,0,1,0,0,0
12.4,600,862,229,1,0,1,0,0,0,0,1,0,0,0,0,0,0,0,0,1,1,0,0,1,1,0,0,1,0,0,0
12.4,800,846,229,1,0,1,0,0,0,0,1,0,0,0,0,0,0,0,0,1,1,0,0,1,1,0,0,1,0,0,0
12.4,1000,842,229,1,0,1,0,0,0,0,1,0,0,0,0,0,0,0,0,1,1,0,0,1,1,0,0,1,0,0,0
12.4,1200,735,229,1,0,1,0,0,0,0,1,0,0,0,0,0,0,0,0,1,1,0,0,1,1,0,0,1,0,0,0
12.4,1400,656,229,1,0,1,0,0,0,0,1,0,0,0,0,0,0,0,0,1,1,0,0,1,1,0,0,1,0,0,0
12.4,1600,477,229,1,0,1,0,0,0,0,1,0,0,0,0,0,0,0,0,1,1,0,0,1,1,0,0,1,0,0,0
13.7,25,1058,250,1,0,1,0,0,0,0,1,0,0,0,0,0,0,0,0,1,1,0,0,0,1,0,0,1,0,0,0
13.7,600,561,250,1,0,1,0,0,0,0,1,0,0,0,0,0,0,0,0,1,1,0,0,0,1,0,0,1,0,0,0
13.7,800,552,250,1,0,1,0,0,0,0,1,0,0,0,0,0,0,0,0,1,1,0,0,0,1,0,0,1,0,0,0
13.7,1000,548,250,1,0,1,0,0,0,0,1,0,0,0,0,0,0,0,0,1,1,0,0,0,1,0,0,1,0,0,0
13.7,1200,506,250,1,0,1,0,0,0,0,1,0,0,0,0,0,0,0,0,1,1,0,0,0,1,0,0,1,0,0,0
13.7,1400,421,250,1,0,1,0,0,0,0,1,0,0,0,0,0,0,0,0,1,1,0,0,0,1,0,0,1,0,0,0
13.7,1600,405,250,1,0,1,0,0,0,0,1,0,0,0,0,0,0,0,0,1,1,0,0,0,1,0,0,1,0,0,0
6.7,25,1289,114,1,0,0,0,1,0,0,1,0,0,0,0,0,0,0,0,0.3,1,0,1,1,0,1,0,0,0,0,0
6.8,25,1473,122,1,0,0,0,1,0,0,1,0,0,0,0,0,0,0,0,0.5,1,0,1,1,0,1,0,0,0,0,0
6.9,25,1706,130,1,0,0,0,1,0,0,1,0,0,0,0,0,0,0,0,0.7,1,0,1,1,0,1,0,0,0,0,0
7.3,25,1496,150,1,0,0,0,1,0,0,1,0,0,0,0,0,0,0,0,1,0.769,0,0.769,0.769,0,0.769,0,0,0,0,0
7.4,25,1603,156,1,0,0,0,1,0,0,1,0,0,0,0,0,0,0,0,1,0.667,0,0.667,0.667,0,0.667,0,0,0,0,0
7.5,25,1645,161,1,0,0,0,1,0,0,1,0,0,0,0,0,0,0,0,1,0.588,0,0.588,0.588,0,0.588,0,0,0,0,0
7.6,25,1765,169,1,0,0,0,1,0,0,1,0,0,0,0,0,0,0,0,1,0.5,0,0.5,0.5,0,0.5,0,0,0,0,0
7.1,25,1779,141,1,0,0,0,1,0,0,1,0,0,0,0,0,0,0,0,1,1,0,1,1,0,1,0,0,0,0,0
7.2,25,1455,142,1,0,0,0,1,0,0,1,0,0,0,0,0,0,0,0,1,1,0,1,0.3,0,1,0,0,0,0,0
6.6,25,932,102,1,0,0,0,1,0,0,1,0,0,0,0,0,0,0,0,0.1,1,0,1,0.3,0,1,0,0,0,0,0
6.8,25,1312,112,1,0,0,0,1,0,0,1,0,0,0,0,0,0,0,0,0.3,1,0,1,0.3,0,1,0,0,0,0,0
6.9,25,1301,122,1,0,0,0,1,0,0,1,0,0,0,0,0,0,0,0,0.5,1,0,1,0.3,0,1,0,0,0,0,0
7.1,25,1436,130,1,0,0,0,1,0,0,1,0,0,0,0,0,0,0,0,0.7,1,0,1,0.3,0,1,0,0,0,0,0
7.4,25,1603,153,1,0,0,0,1,0,0,1,0,0,0,0,0,0,0,0,1,0.769,0,0.769,0.231,0,0.769,0,0,0,0,0
7.5,25,1576,159,1,0,0,0,1,0,0,1,0,0,0,0,0,0,0,0,1,0.667,0,0.667,0.2,0,0.667,0,0,0,0,0
6.5,25,866,96,1,0,0,0,1,0,0,1,0,0,0,0,0,0,0,0,0,1,0,1,0.3,0,1,0,0,0,0,0
6.5,25,1104,100,1,0,0,0,1,0,0,1,0,0,0,0,0,0,0,0,0,1,0,1,1,0,1,0,0,0,0,0
7.3,25,1776,142,1,0,1,0,0,0,0,1,0,0,0,0,0,0,0,0,1,1,0,1,0.25,0,1,0,0,0,0,0
7.2,25,1647,142,1,0,1,0,0,0,0,1,0,0,0,0,0,0,0,0,1,1,0,1,0.5,0,1,0,0,0,0,0
7.2,25,1708,141,1,0,1,0,0,0,0,1,0,0,0,0,0,0,0,0,1,1,0,1,0.75,0,1,0,0,0,0,0
7.1,25,1786,141,1,0,1,0,0,0,0,1,0,0,0,0,0,0,0,0,1,1,0,1,1,0,1,0,0,0,0,0
7.1,25,1735,140,1,0,1,0,0,0,0,1,0,0,0,0,0,0,0,0,0.667,0.667,0,0.667,1,0,0.667,0,0,0,0,0
7,25,1538,139,1,0,1,0,0,0,0,1,0,0,0,0,0,0,0,0,0.5,0.5,0,0.5,1,0,0.5,0,0,0,0,0
6.9,25,1418,138,1,0,1,0,0,0,0,1,0,0,0,0,0,0,0,0,0.333,0.333,0,0.333,1,0,0.333,0,0,0,0,0
7.3,25,1592,143,1,0,1,0,0,0,0,1,0,0,0,0,0,0,0,0,1,1,0,1,0,0,1,0,0,0,0,0
7.1,25,1465,174,1,0,1,0,0,0,0,1,0,0.25,1,1,1,0,1,1,0,0,1,1,1,0,0,0,0,0,0,0
8.3,25,215,167,1,0,1,0,0,0,0,0,1,0,0,0,1,0,0,1,0,0,1,0,0,0,0,0,0,0.333,0,0
8.3,25,140,169,1,0,1,0,0,0,0,0,1,0,0,0,1,0,0,1,0,0,1,0,0,0,0,0,0,0.25,0,0
8.3,25,330,173,1,0,1,0,0,0,0,0,1,0.053,0,0,1,0,0,1,0,0,1,0,0,0,0,0,0,0,0,0
7.6,1000,150,189,1,0,1,0,0,0,0,0,1,0.5,1,1,1,0,1,0,0,0,1,0,0,0,0,0,0,0,0,0
7.6,25,388,189,1,0,1,0,0,0,0,0,1,0.5,1,1,1,0,1,0,0,0,1,0,0,0,0,0,0,0,0,0
7.6,300,411,189,1,0,1,0,0,0,0,0,1,0.5,1,1,1,0,1,0,0,0,1,0,0,0,0,0,0,0,0,0
7.6,500,421,189,1,0,1,0,0,0,0,0,1,0.5,1,1,1,0,1,0,0,0,1,0,0,0,0,0,0,0,0,0
7.6,700,426,189,1,0,1,0,0,0,0,0,1,0.5,1,1,1,0,1,0,0,0,1,0,0,0,0,0,0,0,0,0
7.6,900,230,189,1,0,1,0,0,0,0,0,1,0.5,1,1,1,0,1,0,0,0,1,0,0,0,0,0,0,0,0,0
7.6,1100,80,189,1,0,1,0,0,0,0,0,1,0.5,1,1,1,0,1,0,0,0,1,0,0,0,0,0,0,0,0,0
6.3,1000,116,156,1,0,1,0,0,0,0,1,0,1,0.5,0.5,0.5,0,0.5,0,0,0,0.5,0,0,0,0,0,0,0,0,0
6.3,1100,79,156,1,0,1,0,0,0,0,1,0,1,0.5,0.5,0.5,0,0.5,0,0,0,0.5,0,0,0,0,0,0,0,0,0
6.3,25,1620,156,1,0,1,0,0,0,0,1,0,1,0.5,0.5,0.5,0,0.5,0,0,0,0.5,0,0,0,0,0,0,0,0,0
6.3,600,805,156,1,0,1,0,0,0,0,1,0,1,0.5,0.5,0.5,0,0.5,0,0,0,0.5,0,0,0,0,0,0,0,0,0
6.3,500,1120,156,1,0,1,0,0,0,0,1,0,1,0.5,0.5,0.5,0,0.5,0,0,0,0.5,0,0,0,0,0,0,0,0,0
6.3,700,567,156,1,0,1,0,0,0,0,1,0,1,0.5,0.5,0.5,0,0.5,0,0,0,0.5,0,0,0,0,0,0,0,0,0
6.3,900,214,156,1,0,1,0,0,0,0,1,0,1,0.5,0.5,0.5,0,0.5,0,0,0,0.5,0,0,0,0,0,0,0,0,0
6.3,800,302,156,1,0,1,0,0,0,0,1,0,1,0.5,0.5,0.5,0,0.5,0,0,0,0.5,0,0,0,0,0,0,0,0,0
6.6,400,1080,170,1,0,1,0,0,0,0,1,0,1,0,0,0,0,1,0,1,1,0,1,0,0,0,0,0,0,0,0
6.6,600,1060,170,1,0,1,0,0,0,0,1,0,1,0,0,0,0,1,0,1,1,0,1,0,0,0,0,0,0,0,0
6.6,800,860,170,1,0,1,0,0,0,0,1,0,1,0,0,0,0,1,0,1,1,0,1,0,0,0,0,0,0,0,0
6.6,1000,594,170,1,0,1,0,0,0,0,1,0,1,0,0,0,0,1,0,1,1,0,1,0,0,0,0,0,0,0,0
6.6,1200,105,170,1,0,1,0,0,0,0,1,0,1,0,0,0,0,1,0,1,1,0,1,0,0,0,0,0,0,0,0
6.6,600,930,170,1,0,0,0,1,0,0,1,0,1,0,0,0,0,1,0,1,1,0,1,0,0,0,0,0,0,0,0
6.6,800,875,170,1,0,0,0,1,0,0,1,0,1,0,0,0,0,1,0,1,1,0,1,0,0,0,0,0,0,0,0
6.6,1000,550,170,1,0,0,0,1,0,0,1,0,1,0,0,0,0,1,0,1,1,0,1,0,0,0,0,0,0,0,0
6.6,1200,150,170,1,0,0,0,1,0,0,1,0,1,0,0,0,0,1,0,1,1,0,1,0,0,0,0,0,0,0,0
6,400,1070,189,1,0,0,0,1,0,0,1,0,1,0,0,0,0,1,0,1,0,0,1,0,0,0,0,0,0,0,0
6,600,1020,189,1,0,0,0,1,0,0,1,0,1,0,0,0,0,1,0,1,0,0,1,0,0,0,0,0,0,0,0
6,800,875,189,1,0,0,0,1,0,0,1,0,1,0,0,0,0,1,0,1,0,0,1,0,0,0,0,0,0,0,0
6,1000,375,189,1,0,0,0,1,0,0,1,0,1,0,0,0,0,1,0,1,0,0,1,0,0,0,0,0,0,0,0
6,1200,100,189,1,0,0,0,1,0,0,1,0,1,0,0,0,0,1,0,1,0,0,1,0,0,0,0,0,0,0,0
6.5,600,520,151,1,0,0,0,1,0,0,1,0,1,0,0,0,0,0,0,1,1,0,1,0,0,0,0,0,0,0,0
6.5,800,500,151,1,0,0,0,1,0,0,1,0,1,0,0,0,0,0,0,1,1,0,1,0,0,0,0,0,0,0,0
6.5,1000,540,151,1,0,0,0,1,0,0,1,0,1,0,0,0,0,0,0,1,1,0,1,0,0,0,0,0,0,0,0
6.5,1200,200,151,1,0,0,0,1,0,0,1,0,1,0,0,0,0,0,0,1,1,0,1,0,0,0,0,0,0,0,0
8.1,25,1253,95,1,0,0,0,1,0,0,1,0,0,0,0,0,0,0,0,0,1,0,1,1,0,1,1,0,0,0,0
8.1,25,1140,95,1,0,0,0,1,0,0,1,0,0,0,0,0,0,0,0,0,1,0,1,1,0,1,1,0,0,0,0
8.1,25,1120,95,1,0,0,0,1,0,0,1,0,0,0,0,0,0,0,0,0,1,0,1,1,0,1,1,0,0,0,0
10.4,60,795,122,1,0,1,0,0,0,0,1,0,0,0,0,0,0,0,0,0,1,0,0.578,0,1,0.416,0.26,0,0,0,0
10.4,100,765,122,1,0,1,0,0,0,0,1,0,0,0,0,0,0,0,0,0,1,0,0.578,0,1,0.416,0.26,0,0,0,0
10.4,200,650,122,1,0,1,0,0,0,0,1,0,0,0,0,0,0,0,0,0,1,0,0.578,0,1,0.416,0.26,0,0,0,0
10.4,300,590,122,1,0,1,0,0,0,0,1,0,0,0,0,0,0,0,0,0,1,0,0.578,0,1,0.416,0.26,0,0,0,0
10.4,25,845,122,1,0,1,0,0,0,0,1,0,0,0,0,0,0,0,0,0,1,0,0.578,0,1,0.416,0.26,0,0,0,0
8.4,-268.8,2250,100,1,0,0,1,0,0,0,1,0,0,0,0,0,0,0,0,0,0.667,0,1,0,0.333,0.833,0.5,0,0,0,0
8.4,-268.8,2210,100,1,0,0,1,0,0,0,1,0,0,0,0,0,0,0,0,0,0.667,0,1,0,0.333,0.833,0.5,0,0,0,0
8.4,-196,1880,100,1,0,0,1,0,0,0,1,0,0,0,0,0,0,0,0,0,0.667,0,1,0,0.333,0.833,0.5,0,0,0,0
8.4,-196,1750,100,1,0,0,1,0,0,0,1,0,0,0,0,0,0,0,0,0,0.667,0,1,0,0.333,0.833,0.5,0,0,0,0
8.4,-153,1640,100,1,0,0,1,0,0,0,1,0,0,0,0,0,0,0,0,0,0.667,0,1,0,0.333,0.833,0.5,0,0,0,0
8.4,-153,1550,100,1,0,0,1,0,0,0,1,0,0,0,0,0,0,0,0,0,0.667,0,1,0,0.333,0.833,0.5,0,0,0,0
8.4,-103,1380,100,1,0,0,1,0,0,0,1,0,0,0,0,0,0,0,0,0,0.667,0,1,0,0.333,0.833,0.5,0,0,0,0
8.4,-103,1370,100,1,0,0,1,0,0,0,1,0,0,0,0,0,0,0,0,0,0.667,0,1,0,0.333,0.833,0.5,0,0,0,0
8.4,-43,1200,100,1,0,0,1,0,0,0,1,0,0,0,0,0,0,0,0,0,0.667,0,1,0,0.333,0.833,0.5,0,0,0,0
8.4,-43,1180,100,1,0,0,1,0,0,0,1,0,0,0,0,0,0,0,0,0,0.667,0,1,0,0.333,0.833,0.5,0,0,0,0
8.4,72,1040,100,1,0,0,1,0,0,0,1,0,0,0,0,0,0,0,0,0,0.667,0,1,0,0.333,0.833,0.5,0,0,0,0
8.4,72,1020,100,1,0,0,1,0,0,0,1,0,0,0,0,0,0,0,0,0,0.667,0,1,0,0.333,0.833,0.5,0,0,0,0
8.4,25,1150,100,1,0,0,1,0,0,0,1,0,0,0,0,0,0,0,0,0,0.667,0,1,0,0.333,0.833,0.5,0,0,0,0
8.4,25,1100,100,1,0,0,1,0,0,0,1,0,0,0,0,0,0,0,0,0,0.667,0,1,0,0.333,0.833,0.5,0,0,0,0
8.4,-268.8,2390,100,1,0,0,1,0,0,0,1,0,0,0,0,0,0,0,0,0,0.667,0,1,0,0.333,0.833,0.5,0,0,0,0
8.4,-196,1920,100,1,0,0,1,0,0,0,1,0,0,0,0,0,0,0,0,0,0.667,0,1,0,0.333,0.833,0.5,0,0,0,0
8.4,-153,1370,100,1,0,0,1,0,0,0,1,0,0,0,0,0,0,0,0,0,0.667,0,1,0,0.333,0.833,0.5,0,0,0,0
8.4,-103,1250,100,1,0,0,1,0,0,0,1,0,0,0,0,0,0,0,0,0,0.667,0,1,0,0.333,0.833,0.5,0,0,0,0
8.4,-43,1020,100,1,0,0,1,0,0,0,1,0,0,0,0,0,0,0,0,0,0.667,0,1,0,0.333,0.833,0.5,0,0,0,0
8.4,72,640,100,1,0,0,1,0,0,0,1,0,0,0,0,0,0,0,0,0,0.667,0,1,0,0.333,0.833,0.5,0,0,0,0
8.4,25,890,100,1,0,0,1,0,0,0,1,0,0,0,0,0,0,0,0,0,0.667,0,1,0,0.333,0.833,0.5,0,0,0,0
9,1000,368,126,1,0,1,0,0,0,0,1,0,0,0,0,0,0,0,0,0.5,1,0,1,0.5,0,0,1,0,0,0,0
9,1200,60,126,1,0,1,0,0,0,0,1,0,0,0,0,0,0,0,0,0.5,1,0,1,0.5,0,0,1,0,0,0,0
9,25,1260,126,1,0,1,0,0,0,0,1,0,0,0,0,0,0,0,0,0.5,1,0,1,0.5,0,0,1,0,0,0,0
8.5,25,540,92,0,1,0,1,0,0,0,1,0,0,0,0,0,0,0,0,0,0.142,0,1,0,0.142,0.787,0.787,0,0,0,0
9.9,25,1900,107,0,1,0,0,0,1,0,1,0,0,0,0,0,0,0,0,0,1,0,1,0,1,1,1,0,0,0,0
9.9,25,830,107,0,1,0,1,0,0,0,1,0,0,0,0,0,0,0,0,0,1,0,1,0,1,1,1,0,0,0,0
9.9,25,1202,107,0,1,0,1,0,0,0,1,0,0,0,0,0,0,0,0,0,1,0,1,0,1,1,1,0,0,0,0
9.9,25,1145,107,0,1,0,1,0,0,0,1,0,0,0,0,0,0,0,0,0,1,0,1,0,1,1,1,0,0,0,0
9.9,25,958,107,0,1,0,1,0,0,0,1,0,0,0,0,0,0,0,0,0,1,0,1,0,1,1,1,0,0,0,0
9.9,25,944,107,0,1,0,1,0,0,0,1,0,0,0,0,0,0,0,0,0,1,0,1,0,1,1,1,0,0,0,0
9.9,25,940,107,0,1,0,1,0,0,0,1,0,0,0,0,0,0,0,0,0,1,0,1,0,1,1,1,0,0,0,0
9.9,25,940,107,0,1,0,1,0,0,0,1,0,0,0,0,0,0,0,0,0,1,0,1,0,1,1,1,0,0,0,0
9.9,25,905,107,1,0,1,0,0,0,0,1,0,0,0,0,0,0,0,0,0,1,0,1,0,1,1,1,0,0,0,0
9.9,25,890,107,1,0,1,0,0,0,0,1,0,0,0,0,0,0,0,0,0,1,0,1,0,1,1,1,0,0,0,0
9.9,25,828,107,0,1,1,0,0,0,0,1,0,0,0,0,0,0,0,0,0,1,0,1,0,1,1,1,0,0,0,0
9.9,25,827,107,0,1,1,0,0,0,0,1,0,0,0,0,0,0,0,0,0,1,0,1,0,1,1,1,0,0,0,0
9.9,25,820,107,0,1,1,0,0,0,0,1,0,0,0,0,0,0,0,0,0,1,0,1,0,1,1,1,0,0,0,0
9.9,25,803,107,0,1,1,0,0,0,0,1,0,0,0,0,0,0,0,0,0,1,0,1,0,1,1,1,0,0,0,0
9.3,25,1021,183,1,0,1,0,0,0,0,1,0,0.2,0,0,0,0,0,0,1,0,0,1,1,1,0,0,0,0,0,0
8.7,25,962,173,1,0,1,0,0,0,0,1,0,0.6,0,0,0,0,0,0,1,0,0,1,1,1,0,0,0,0,0,0
9.6,25,1221,189,1,0,1,0,0,0,0,1,0,0,0,0,0,0,0,0,1,0,0,1,1,1,0,0,0,0,0,0
11.1,25,1315,105,1,0,1,0,0,0,0,1,0,0,0,0,0,0,0,0,0,1,0,0,0,1,1,1,0,0,0,0
10.2,25,1500,107,0,1,1,0,0,0,0,1,0,0,0,0,0,0,0,0,0,0,0,1,0,1,1,1,0,0,0,0
13.1,25,1109,242,1,0,1,0,0,0,0,1,0,0,0,0,0,0,0,0,1,1,0,0.25,0,1,0,0,1,0,0,0
12.6,25,1211,234,1,0,1,0,0,0,0,1,0,0,0,0,0,0,0,0,1,1,0,0.5,0,1,0,0,1,0,0,0
12.2,25,1304,228,1,0,1,0,0,0,0,1,0,0,0,0,0,0,0,0,1,1,0,0.75,0,1,0,0,1,0,0,0
11.8,25,1455,222,1,0,1,0,0,0,0,1,0,0,0,0,0,0,0,0,1,1,0,1,0,1,0,0,1,0,0,0
13.7,25,996,250,1,0,1,0,0,0,0,1,0,0,0,0,0,0,0,0,1,1,0,0,0,1,0,0,1,0,0,0
9.4,25,1400,171,1,0,1,0,0,0,0,1,0,0,0,0,0,0,0,0,1,1,0,1,1,1,0,0,0,0,0,0
11,600,973,209,1,0,1,0,0,0,0,1,0,0,0,0,0,0,0,0,1,1,0,1,1,1,0,0,1,0,0,0
11,800,791.3,209,1,0,1,0,0,0,0,1,0,0,0,0,0,0,0,0,1,1,0,1,1,1,0,0,1,0,0,0
11,1000,752.8,209,1,0,1,0,0,0,0,1,0,0,0,0,0,0,0,0,1,1,0,1,1,1,0,0,1,0,0,0
11,1200,659,209,1,0,1,0,0,0,0,1,0,0,0,0,0,0,0,0,1,1,0,1,1,1,0,0,1,0,0,0
11,25,1515,209,1,0,1,0,0,0,0,1,0,0,0,0,0,0,0,0,1,1,0,1,1,1,0,0,1,0,0,0
11.8,600,689,222,1,0,1,0,0,0,0,1,0,0,0,0,0,0,0,0,1,1,0,1,0,1,0,0,1,0,0,0
11.8,800,674,222,1,0,1,0,0,0,0,1,0,0,0,0,0,0,0,0,1,1,0,1,0,1,0,0,1,0,0,0
11.8,1000,620,222,1,0,1,0,0,0,0,1,0,0,0,0,0,0,0,0,1,1,0,1,0,1,0,0,1,0,0,0
11.8,1200,586,222,1,0,1,0,0,0,0,1,0,0,0,0,0,0,0,0,1,1,0,1,0,1,0,0,1,0,0,0
11.8,25,1343,222,1,0,1,0,0,0,0,1,0,0,0,0,0,0,0,0,1,1,0,1,0,1,0,0,1,0,0,0
12.4,25,2612,229,1,0,0,0,0,0,1,1,0,0,0,0,0,0,0,0,1,1,0,0,1,1,0,0,1,0,0,0
9.2,25,965,134,1,0,1,0,0,0,0,1,0,0,0,0,0,0,0,0,0,1,0,1,1,1,0,0,0,0,0,0
11.1,25,1420,187,1,0,1,0,0,0,0,1,0,0,0,0,0,0,0,0,0,1,0,1,1,1,0,0,1,0,0,0
12.9,25,1530,206,1,0,1,0,0,0,0,1,0,0,0,0,0,0,0,0,0,1,0,0,1,1,0,0,1,0,0,0
5.8,25,1240,134,1,0,1,0,0,0,0,1,0,0.25,0,0,0,0,0.5,0,0,0.5,0,1,0.25,0,0,0,0,0,0,0
5.6,600,1005,119,1,0,0,0,1,0,0,1,0,1,0,0,0,0,0.5,0,0,1,0,1,1,0,0,0,0,0,0,0
5.6,800,640,119,1,0,0,0,1,0,0,1,0,1,0,0,0,0,0.5,0,0,1,0,1,1,0,0,0,0,0,0,0
5.6,1000,40,119,1,0,0,0,1,0,0,1,0,1,0,0,0,0,0.5,0,0,1,0,1,1,0,0,0,0,0,0,0
5.6,25,1300,119,1,0,0,0,1,0,0,1,0,1,0,0,0,0,0.5,0,0,1,0,1,1,0,0,0,0,0,0,0
5.5,600,780,104,1,0,0,0,1,0,0,1,0,1,0,0,0,0,0,0,0,1,0,1,1,0,0,0,0,0,0,0
5.5,800,560,104,1,0,0,0,1,0,0,1,0,1,0,0,0,0,0,0,0,1,0,1,1,0,0,0,0,0,0,0
5.5,1000,110,104,1,0,0,0,1,0,0,1,0,1,0,0,0,0,0,0,0,1,0,1,1,0,0,0,0,0,0,0
5.5,25,1000,104,1,0,0,0,1,0,0,1,0,1,0,0,0,0,0,0,0,1,0,1,1,0,0,0,0,0,0,0
8,25,370,220,0,1,0,1,0,0,0,0,1,0,1,1,1,0,1,1,0,0,0,0,0,0,0,0,0,0,0,0
7.6,25,159,210,0,1,0,1,0,0,0,0,1,0.304,1,1,1,0,1,0,0,0,0,0,0,0,0,0,0,0,0,0
7.6,25,263,210,0,1,0,1,0,0,0,0,1,0.304,1,1,1,0,1,0,0,0,0,0,0,0,0,0,0,0,0,0
8.6,25,350,234,0,1,1,0,0,0,0,0,1,0,1,0.571,0.571,0,0.429,0,0.286,0,0,0,0,0,0,0,0,0,0,0
8.6,25,350,234,0,1,0,1,0,0,0,0,1,0,1,0.571,0.571,0,0.429,0,0.286,0,0,0,0,0,0,0,0,0,0,0
8.2,25,155,226,0,1,1,0,0,0,0,0,1,0,1,1,1,0,1,0,0,0,0,0,0,0,0,0,0,0,0,0
8,25,243,220,0,1,0,1,0,0,0,0,1,0,1,1,1,0,1,1,0,0,0,0,0,0,0,0,0,0,0,0
8,25,249,220,0,1,0,1,0,0,0,0,1,0,1,1,1,0,1,1,0,0,0,0,0,0,0,0,0,0,0,0
8.2,25,190,226,0,1,0,0,1,0,0,0,1,0,1,1,1,0,1,0,0,0,0,0,0,0,0,0,0,0,0,0
7.8,25,210,214,0,1,0,0,1,0,0,0,1,0.167,1,1,1,0,1,0,0,0,0,0.083,0,0,0,0,0,0,0,0
8,25,230,220,1,0,0,0,1,0,0,0,1,0,1,1,1,0,1,1,0,0,0,0,0,0,0,0,0,0,0,0
8,25,719,209,0,1,0,1,0,0,0,0,1,0.108,0.514,0.514,1,0,0.514,0,0,0,0.108,0,0,0,0,0,0,0,0,0
7.6,25,1290,189,0,1,0,1,0,0,0,0,1,0.5,1,1,1,0,1,0,0,0,1,0,0,0,0,0,0,0,0,0
7.6,700,180,189,0,1,0,1,0,0,0,0,1,0.5,1,1,1,0,1,0,0,0,1,0,0,0,0,0,0,0,0,0
7.9,25,700,218,0,1,0,1,0,0,0,0,1,0,1,1,1,0,1,0,0,0,0,0.2,0,0,0,0,0,0,0,0
7.9,-196,860,218,0,1,0,1,0,0,0,0,1,0,1,1,1,0,1,0,0,0,0,0.2,0,0,0,0,0,0,0,0
8,25,1198,220,0,1,0,1,0,0,0,0,1,0.1,1,1,1,0,1,0,0,0,0,0,0,0,0,0,0,0,0,0
8,25,1403,220,0,1,0,1,0,0,0,0,1,0.1,1,1,1,0,1,0,0,0,0,0,0,0,0,0,0,0,0,0
8,25,711,220,0,1,0,1,0,0,0,0,1,0.1,1,1,1,0,1,0,0,0,0,0,0,0,0,0,0,0,0,0
8,25,356,220,0,1,0,1,0,0,0,0,1,0.1,1,1,1,0,1,0,0,0,0,0,0,0,0,0,0,0,0,0
8,25,1120,220,0,1,0,1,0,0,0,0,1,0,1,1,1,0,1,1,0,0,0,0,0,0,0,0,0,0,0,0
8,-196,1692,220,0,1,0,1,0,0,0,0,1,0,1,1,1,0,1,1,0,0,0,0,0,0,0,0,0,0,0,0
7.3,25,441,196,0,1,1,0,0,0,0,0,1,0.25,0,0.417,1,0,0.417,0,0,0,0,0,0,0,0,0,0,0,0,0
8.3,25,1100,231,0,1,0,1,0,0,0,0,1,0,1,0,1,0,1,0,0,0,0,0,0,0,0,0,0,0,0,0
8.3,25,597,231,0,1,0,1,0,0,0,0,1,0,1,0,1,0,1,0,0,0,0,0,0,0,0,0,0,0,0,0
8.3,25,346,231,0,1,0,1,0,0,0,0,1,0,1,0,1,0,1,0,0,0,0,0,0,0,0,0,0,0,0,0
8,25,210,220,1,0,1,0,0,0,0,0,1,0,1,1,1,0,1,1,0,0,0,0,0,0,0,0,0,0,0,0
8,25,1150,220,1,0,0,1,0,0,0,0,1,0,1,1,1,0,1,1,0,0,0,0,0,0,0,0,0,0,0,0
8,25,1300,220,1,0,0,1,0,0,0,0,1,0,1,1,1,0,1,1,0,0,0,0,0,0,0,0,0,0,0,0
9.2,25,1108,134,1,0,0,0,0,0,1,1,0,0,0,0,0,0,0,0,0,1,0,1,1,1,0,0,0,0,0,0
9.2,25,1308,134,1,0,0,0,0,0,1,1,0,0,0,0,0,0,0,0,0,1,0,1,1,1,0,0,0,0,0,0
9.2,25,1373,134,1,0,0,0,0,0,1,1,0,0,0,0,0,0,0,0,0,1,0,1,1,1,0,0,0,0,0,0
8,25,300,220,0,1,0,1,0,0,0,0,1,0,1,1,1,0,1,1,0,0,0,0,0,0,0,0,0,0,0,0
8,25,800,220,0,1,0,1,0,0,0,0,1,0,1,1,1,0,1,1,0,0,0,0,0,0,0,0,0,0,0,0
8.2,20,446,226,0,1,0,1,0,0,0,0,1,0,1,1,1,0,1,0,0,0,0,0,0,0,0,0,0,0,0,0
8.2,-73,488,226,0,1,0,1,0,0,0,0,1,0,1,1,1,0,1,0,0,0,0,0,0,0,0,0,0,0,0,0
8.2,-196,590,226,0,1,0,1,0,0,0,0,1,0,1,1,1,0,1,0,0,0,0,0,0,0,0,0,0,0,0,0
8.2,-268.8,680,226,0,1,0,1,0,0,0,0,1,0,1,1,1,0,1,0,0,0,0,0,0,0,0,0,0,0,0,0
8,25,216,220,1,0,1,0,0,0,0,0,1,0,1,1,1,0,1,1,0,0,0,0,0,0,0,0,0,0,0,0
8.1,25,225,221,1,0,1,0,0,0,0,0,1,0,1,1,1,0,1,1,0.042,0,0,0,0,0,0,0,0,0,0,0
8,25,378.7,220,0,1,0,1,0,0,0,0,1,0,1,1,1,0,1,1,0,0,0,0,0,0,0,0,0,0,0,0
8.6,25,1100,231,0,1,0,1,0,0,0,0,1,0,1,0.176,1,0,0.588,0,0.176,0,0,0,0,0,0,0,0,0,0,0
8.6,25,950,231,0,1,0,1,0,0,0,0,1,0,1,0.176,1,0,0.588,0,0.176,0,0,0,0,0,0,0,0,0,0,0
8.6,25,649,231,0,1,0,1,0,0,0,0,1,0,1,0.176,1,0,0.588,0,0.176,0,0,0,0,0,0,0,0,0,0,0
8.6,25,439,231,0,1,0,1,0,0,0,0,1,0,1,0.176,1,0,0.588,0,0.176,0,0,0,0,0,0,0,0,0,0,0
8.6,25,309,231,0,1,0,1,0,0,0,0,1,0,1,0.176,1,0,0.588,0,0.176,0,0,0,0,0,0,0,0,0,0,0
8,25,386.2,220,0,1,0,1,0,0,0,0,1,0,1,1,1,0,1,1,0,0,0,0,0,0,0,0,0,0,0,0
7.6,25,159,210,0,1,0,1,0,0,0,0,1,0.3,1,1,1,0,1,0,0,0,0,0,0,0,0,0,0,0,0,0
8.2,25,214,219,0,1,0,1,0,0,0,0,1,0,0.5,1,1,0,0.5,0,0,0,0,0,0,0,0,0,0,0,0,0
8.3,25,241,220,0,1,0,1,0,0,0,0,1,0,0.875,1,1,0,0.625,0,0,0,0,0,0,0,0,0,0,0,0,0
8.3,25,299,222,0,1,0,1,0,0,0,0,1,0,1,0.667,0.667,0,0.556,0,0,0,0,0,0,0,0,0,0,0,0,0
8,25,1290,220,0,1,0,1,0,0,0,1,0,0,0.986,0.933,1,0,0.952,0.914,0,0,0,0,0,0,0,0,0,0,0,0
8,25,270,220,0,1,0,1,0,0,0,0,1,0,0.986,0.933,1,0,0.952,0.914,0,0,0,0,0,0,0,0,0,0,0,0
9.1,23,1841,107,1,0,0,0,0,1,0,1,0,0.4,0,0,0,0,0,0,0,1,0,1,0,1,1,0.6,0,0,0,0
6,23,1100,189,1,0,0,0,1,0,0,1,0,1,0,0,0,0,1,0,1,0,0,1,0,0,0,0,0,0,0,0
6.5,23,1100,151,1,0,0,0,1,0,0,1,0,1,0,0,0,0,0,0,1,1,0,1,0,0,0,0,0,0,0,0
9,23,1260,126,1,0,1,0,0,0,0,1,0,0,0,0,0,0,0,0,0.5,1,0,1,0.5,0,0,1,0,0,0,0
9.9,23,1512,137,1,0,1,0,0,0,0,1,0,0,0,0,0,0,0,0,1,1,0,1,0,1,1,1,0,0,0,0
8.7,23,1575,128,1,0,1,0,0,0,0,1,0,0,0,0,0,0,0,0,1,1,0,1,0,0,1,1,0,0,0,0
10.2,23,1600,143,1,0,1,0,0,0,0,1,0,0,0,0,0,0,0,0,1,0,0,1,0,1,1,1,0,0,0,0
9.9,23,929,107,1,0,0,0,0,1,0,1,0,0,0,0,0,0,0,0,0,1,0,1,0,1,1,1,0,0,0,0
11,23,1515,209,1,0,1,0,0,0,0,1,0,0,0,0,0,0,0,0,1,1,0,1,1,1,0,0,1,0,0,0
11.8,23,1343,222,1,0,1,0,0,0,0,1,0,0,0,0,0,0,0,0,1,1,0,1,0,1,0,0,1,0,0,0
12.4,23,1246,229,1,0,0,0,0,1,0,1,0,0,0,0,0,0,0,0,1,1,0,0,1,1,0,0,1,0,0,0
13.7,23,996,250,1,0,0,0,0,1,0,1,0,0,0,0,0,0,0,0,1,1,0,0,0,1,0,0,1,0,0,0
7.7,23,1100,177,1,0,0,0,0,1,0,1,0,0,0,0,0,0,0,0,1,1,0,1,0,0,0,0,0,0,0,0
7.4,23,882,101,1,0,0,0,0,1,0,1,0,0,0,0,0,0,0,0,0,1,0,1,0,0.3,1,0,0,0,0,0
6.5,23,975,94,1,0,0,0,0,1,0,1,0,0,0,0,0,0,0,0,0,1,0,1,0,0,1,0,0,0,0,0
9.1,1000,298,107,1,0,0,0,0,1,0,1,0,0.4,0,0,0,0,0,0,0,1,0,1,0,1,1,0.6,0,0,0,0
6,1000,375,189,1,0,0,0,1,0,0,1,0,1,0,0,0,0,1,0,1,0,0,1,0,0,0,0,0,0,0,0
6.5,1000,540,151,1,0,0,0,1,0,0,1,0,1,0,0,0,0,0,0,1,1,0,1,0,0,0,0,0,0,0,0
9,1000,368,126,1,0,1,0,0,0,0,1,0,0,0,0,0,0,0,0,0.5,1,0,1,0.5,0,0,1,0,0,0,0
9.9,1000,814,137,1,0,1,0,0,0,0,1,0,0,0,0,0,0,0,0,1,1,0,1,0,1,1,1,0,0,0,0
8.7,1000,635,128,1,0,1,0,0,0,0,1,0,0,0,0,0,0,0,0,1,1,0,1,0,0,1,1,0,0,0,0
10.2,1000,855,143,1,0,1,0,0,0,0,1,0,0,0,0,0,0,0,0,1,0,0,1,0,1,1,1,0,0,0,0
9.9,1000,295,107,1,0,0,0,0,1,0,1,0,0,0,0,0,0,0,0,0,1,0,1,0,1,1,1,0,0,0,0
11,1000,753,209,1,0,1,0,0,0,0,1,0,0,0,0,0,0,0,0,1,1,0,1,1,1,0,0,1,0,0,0
11.8,1000,620,222,1,0,1,0,0,0,0,1,0,0,0,0,0,0,0,0,1,1,0,1,0,1,0,0,1,0,0,0
12.4,1000,842,229,1,0,0,0,0,1,0,1,0,0,0,0,0,0,0,0,1,1,0,0,1,1,0,0,1,0,0,0
13.7,1000,548,250,1,0,0,0,0,1,0,1,0,0,0,0,0,0,0,0,1,1,0,0,0,1,0,0,1,0,0,0
7.7,1000,504,177,1,0,0,0,0,1,0,1,0,0,0,0,0,0,0,0,1,1,0,1,0,0,0,0,0,0,0,0
7.4,1000,274,101,1,0,0,0,0,1,0,1,0,0,0,0,0,0,0,0,0,1,0,1,0,0.3,1,0,0,0,0,0
6.5,1000,141,94,1,0,0,0,0,1,0,1,0,0,0,0,0,0,0,0,0,1,0,1,0,0,1,0,0,0,0,0
9.1,1200,89,107,1,0,0,0,0,1,0,1,0,0.4,0,0,0,0,0,0,0,1,0,1,0,1,1,0.6,0,0,0,0
6,1200,100,189,1,0,0,0,1,0,0,1,0,1,0,0,0,0,1,0,1,0,0,1,0,0,0,0,0,0,0,0
6.5,1200,200,151,1,0,0,0,1,0,0,1,0,1,0,0,0,0,0,0,1,1,0,1,0,0,0,0,0,0,0,0
9,1200,60,126,1,0,1,0,0,0,0,1,0,0,0,0,0,0,0,0,0.5,1,0,1,0.5,0,0,1,0,0,0,0
9.9,1200,556,137,1,0,1,0,0,0,0,1,0,0,0,0,0,0,0,0,1,1,0,1,0,1,1,1,0,0,0,0
8.7,1200,187,128,1,0,1,0,0,0,0,1,0,0,0,0,0,0,0,0,1,1,0,1,0,0,1,1,0,0,0,0
10.2,1200,404,143,1,0,1,0,0,0,0,1,0,0,0,0,0,0,0,0,1,0,0,1,0,1,1,1,0,0,0,0
9.9,1200,92,107,1,0,0,0,0,1,0,1,0,0,0,0,0,0,0,0,0,1,0,1,0,1,1,1,0,0,0,0
11,1200,659,209,1,0,1,0,0,0,0,1,0,0,0,0,0,0,0,0,1,1,0,1,1,1,0,0,1,0,0,0
11.8,1200,586,222,1,0,1,0,0,0,0,1,0,0,0,0,0,0,0,0,1,1,0,1,0,1,0,0,1,0,0,0
12.4,1200,735,229,1,0,0,0,0,1,0,1,0,0,0,0,0,0,0,0,1,1,0,0,1,1,0,0,1,0,0,0
13.7,1200,506,250,1,0,0,0,0,1,0,1,0,0,0,0,0,0,0,0,1,1,0,0,0,1,0,0,1,0,0,0
7.7,1200,324,177,1,0,0,0,0,1,0,1,0,0,0,0,0,0,0,0,1,1,0,1,0,0,0,0,0,0,0,0
7.4,1200,102,101,1,0,0,0,0,1,0,1,0,0,0,0,0,0,0,0,0,1,0,1,0,0.3,1,0,0,0,0,0
6.5,1200,61,94,1,0,0,0,0,1,0,1,0,0,0,0,0,0,0,0,0,1,0,1,0,0,1,0,0,0,0,0
8,25,293.1,220,0,1,0,1,0,0,0,0,1,0,1,1,1,0,1,1,0,0,0,0,0,0,0,0,0,0,0,0
9.9,25,985,107,0,1,0,1,0,0,0,1,0,0,0,0,0,0,0,0,0,1,0,1,0,1,1,1,0,0,0,0
9.9,25,972,107,0,1,0,1,0,0,0,1,0,0,0,0,0,0,0,0,0,1,0,1,0,1,1,1,0,0,0,0
9.9,25,967,107,0,1,0,1,0,0,0,1,0,0,0,0,0,0,0,0,0,1,0,1,0,1,1,1,0,0,0,0
8.5,25,276,207,0,1,0,1,0,0,0,0,1,0,1,1,1,0,0,0,0,0,0,0,0,0,0,0,0,0,0,0
8.5,25,217,207,0,1,0,1,0,0,0,0,1,0,1,1,1,0,0,0,0,0,0,0,0,0,0,0,0,0,0,0
8.5,25,201,207,0,1,0,1,0,0,0,0,1,0,1,1,1,0,0,0,0,0,0,0,0,0,0,0,0,0,0,0
8.7,25,1719,128,1,0,1,0,0,0,0,1,0,0,0,0,0,0,0,0,1,1,0,1,0,0,1,1,0,0,0,0
8.1,25,529,203,0,1,0,1,0,0,0,0,1,0,0,1,1,0,0,1,0,0,0,0,0,0,0,0,0,0,0,0
8.1,25,522,203,0,1,0,1,0,0,0,0,1,0,0,1,1,0,0,1,0,0,0,0,0,0,0,0,0,0,0,0
8.1,25,460,203,0,1,0,1,0,0,0,0,1,0,0,1,1,0,0,1,0,0,0,0,0,0,0,0,0,0,0,0
8.1,25,407,203,0,1,0,1,0,0,0,0,1,0,0,1,1,0,0,1,0,0,0,0,0,0,0,0,0,0,0,0
8.1,25,372,203,0,1,0,1,0,0,0,0,1,0,0,1,1,0,0,1,0,0,0,0,0,0,0,0,0,0,0,0
8.1,25,322,203,0,1,0,1,0,0,0,0,1,0,0,1,1,0,0,1,0,0,0,0,0,0,0,0,0,0,0,0
8.4,25,333,202,0,1,0,1,0,0,0,0,1,0,1,0,1,0,0,1,0,0,0,0,0,0,0,0,0,0,0,0
8.4,25,601,202,0,1,0,1,0,0,0,0,1,0,1,0,1,0,0,1,0,0,0,0,0,0,0,0,0,0,0,0
8.4,25,321,202,0,1,0,1,0,0,0,0,1,0,1,0,1,0,0,1,0,0,0,0,0,0,0,0,0,0,0,0
8.4,25,267,202,0,1,0,1,0,0,0,0,1,0,1,0,1,0,0,1,0,0,0,0,0,0,0,0,0,0,0,0
8.7,25,745,213,0,1,0,1,0,0,0,0,1,0,1,0,1,0,0.25,0,0,0,0,0,0,0,0,0,0,0,0,0
8.7,25,623,213,0,1,0,1,0,0,0,0,1,0,1,0,1,0,0.25,0,0,0,0,0,0,0,0,0,0,0,0,0
8.7,25,387,213,0,1,0,1,0,0,0,0,1,0,1,0,1,0,0.25,0,0,0,0,0,0,0,0,0,0,0,0,0
8.7,25,330,213,0,1,0,1,0,0,0,0,1,0,1,0,1,0,0.25,0,0,0,0,0,0,0,0,0,0,0,0,0
8.2,25,631,226,0,1,0,1,0,0,0,0,1,0,1,1,1,0,1,0,0,0,0,0,0,0,0,0,0,0,0,0
8.2,25,494,226,0,1,0,1,0,0,0,0,1,0,1,1,1,0,1,0,0,0,0,0,0,0,0,0,0,0,0,0
8.2,25,448,226,0,1,0,1,0,0,0,0,1,0,1,1,1,0,1,0,0,0,0,0,0,0,0,0,0,0,0,0
8.2,25,273,226,0,1,0,1,0,0,0,0,1,0,1,1,1,0,1,0,0,0,0,0,0,0,0,0,0,0,0,0
8.2,25,172,226,0,1,0,1,0,0,0,0,1,0,1,1,1,0,1,0,0,0,0,0,0,0,0,0,0,0,0,0
8.1,25,518,238,0,1,0,1,0,0,0,0,1,0,0.25,0,1,0,1,0,0,0,0,0,0,0,0,0,0,0,0,0
8.1,25,462,238,0,1,0,1,0,0,0,0,1,0,0.25,0,1,0,1,0,0,0,0,0,0,0,0,0,0,0,0,0
8.1,25,395,238,0,1,0,1,0,0,0,0,1,0,0.25,0,1,0,1,0,0,0,0,0,0,0,0,0,0,0,0,0
8.1,25,356,238,0,1,0,1,0,0,0,0,1,0,0.25,0,1,0,1,0,0,0,0,0,0,0,0,0,0,0,0,0
8,25,210,220,0,1,1,0,0,0,0,0,1,0,1,1,1,0,1,1,0,0,0,0,0,0,0,0,0,0,0,0
8,25,1150,220,0,1,0,1,0,0,0,0,1,0,1,1,1,0,1,1,0,0,0,0,0,0,0,0,0,0,0,0
8,25,1300,220,0,1,0,1,0,0,0,0,1,0,1,1,1,0,1,1,0,0,0,0,0,0,0,0,0,0,0,0
8,25,1050,220,0,1,0,1,0,0,0,0,1,0,1,1,1,0,1,1,0,0,0,0,0,0,0,0,0,0,0,0
8,25,560,220,0,1,0,1,0,0,0,0,1,0,1,1,1,0,1,1,0,0,0,0,0,0,0,0,0,0,0,0
8,25,520,220,0,1,0,1,0,0,0,0,1,0,1,1,1,0,1,1,0,0,0,0,0,0,0,0,0,0,0,0
8,25,320,220,0,1,0,1,0,0,0,0,1,0,1,1,1,0,1,1,0,0,0,0,0,0,0,0,0,0,0,0
8,25,280,220,0,1,0,1,0,0,0,0,1,0,1,1,1,0,1,1,0,0,0,0,0,0,0,0,0,0,0,0
8.4,-196,419,202,0,1,1,0,0,0,0,0,1,0,0.5,0.5,1,0,0,0,0.1,0,0,0,0.25,0,0,0,0,0,0,0
8.4,-70,350,202,0,1,1,0,0,0,0,0,1,0,0.5,0.5,1,0,0,0,0.1,0,0,0,0.25,0,0,0,0,0,0,0
8.4,20,252,202,0,1,1,0,0,0,0,0,1,0,0.5,0.5,1,0,0,0,0.1,0,0,0,0.25,0,0,0,0,0,0,0
8.4,600,214,202,0,1,1,0,0,0,0,0,1,0,0.5,0.5,1,0,0,0,0.1,0,0,0,0.25,0,0,0,0,0,0,0
8.4,700,212,202,0,1,1,0,0,0,0,0,1,0,0.5,0.5,1,0,0,0,0.1,0,0,0,0.25,0,0,0,0,0,0,0
8.4,800,187,202,0,1,1,0,0,0,0,0,1,0,0.5,0.5,1,0,0,0,0.1,0,0,0,0.25,0,0,0,0,0,0,0
13.7,25,896,298,1,0,1,0,0,0,0,1,0,0,0,0,0,0,0,0,1,1,0,0,0,0,0,0,1,0,0.5,0
7.4,23,520,185,0,1,0,0,1,0,0,0,1,0.278,0.694,0.417,1,0,0.222,0,0,0,0,0.167,0,0,0,0,0,0,0,0
7.4,600,470,185,0,1,0,0,1,0,0,0,1,0.278,0.694,0.417,1,0,0.222,0,0,0,0,0.167,0,0,0,0,0,0,0,0
7.4,700,461,185,0,1,0,0,1,0,0,0,1,0.278,0.694,0.417,1,0,0.222,0,0,0,0,0.167,0,0,0,0,0,0,0,0
7.4,800,445,185,0,1,0,0,1,0,0,0,1,0.278,0.694,0.417,1,0,0.222,0,0,0,0,0.167,0,0,0,0,0,0,0,0
7.4,900,219,185,0,1,0,0,1,0,0,0,1,0.278,0.694,0.417,1,0,0.222,0,0,0,0,0.167,0,0,0,0,0,0,0,0
7.4,23,627,185,0,1,0,0,1,0,0,0,1,0.278,0.694,0.417,1,0,0.222,0,0,0,0,0.167,0,0,0,0,0,0,0,0
7.4,600,594,185,0,1,0,0,1,0,0,0,1,0.278,0.694,0.417,1,0,0.222,0,0,0,0,0.167,0,0,0,0,0,0,0,0
7.4,700,547,185,0,1,0,0,1,0,0,0,1,0.278,0.694,0.417,1,0,0.222,0,0,0,0,0.167,0,0,0,0,0,0,0,0
7.4,800,399,185,0,1,0,0,1,0,0,0,1,0.278,0.694,0.417,1,0,0.222,0,0,0,0,0.167,0,0,0,0,0,0,0,0
7.4,900,243,185,0,1,0,0,1,0,0,0,1,0.278,0.694,0.417,1,0,0.222,0,0,0,0,0.167,0,0,0,0,0,0,0,0
7.9,25,401,208,0,1,0,1,0,0,0,0,1,0,0.286,1,0.714,0,0.429,0.143,0,0,0,0,0.286,0,0,0,0,0,0,0
7.9,25,350,208,0,1,0,1,0,0,0,0,1,0,0.286,1,0.714,0,0.429,0.143,0,0,0,0,0.286,0,0,0,0,0,0,0
7.9,25,312,208,0,1,0,1,0,0,0,0,1,0,0.286,1,0.714,0,0.429,0.143,0,0,0,0,0.286,0,0,0,0,0,0,0
7.9,25,240,208,0,1,0,1,0,0,0,0,1,0,0.286,1,0.714,0,0.429,0.143,0,0,0,0,0.286,0,0,0,0,0,0,0
7.9,25,210,208,0,1,0,1,0,0,0,0,1,0,0.286,1,0.714,0,0.429,0.143,0,0,0,0,0.286,0,0,0,0,0,0,0
6.5,25,1223,94,1,0,1,0,0,0,0,1,0,0,0,0,0,0,0,0,0,1,0,1,0,0,1,0,0,0,0,0
8.4,25,1000,89,1,0,1,0,0,0,0,1,0,0,0,0,0,0,0,0,0,1,0,1,0,0,1,1,0,0,0,0
6.5,800,462,94,1,0,1,0,0,0,0,1,0,0,0,0,0,0,0,0,0,1,0,1,0,0,1,0,0,0,0,0
8.4,800,303,89,1,0,1,0,0,0,0,1,0,0,0,0,0,0,0,0,0,1,0,1,0,0,1,1,0,0,0,0
6.5,1000,218,94,1,0,1,0,0,0,0,1,0,0,0,0,0,0,0,0,0,1,0,1,0,0,1,0,0,0,0,0
8.4,1000,154,89,1,0,1,0,0,0,0,1,0,0,0,0,0,0,0,0,0,1,0,1,0,0,1,1,0,0,0,0
8.2,25,163,226,1,0,1,0,0,0,0,0,1,0,1,1,1,0,1,0,0,0,0,0,0,0,0,0,0,0,0,0
8.9,25,335,238,1,0,1,0,0,0,0,0,1,0,1,1,1,0,1,0,0,0,0,0,0,0,0,0,0.2,0,0,0
7.8,25,62,200,0,1,0,1,0,0,0,0,1,0.15,0,0.5,1,0,0.5,0,0,0,0.25,0,0,0,0,0,0,0,0,0
7.8,25,540,214,0,1,0,1,0,0,0,0,1,0,1,1,1,0,1,0,0,0,0,0.3,0,0,0,0,0,0,0,0
7.8,25,586,213,0,1,0,1,0,0,0,0,1,0,0.333,0.667,1,0,0.667,0,0,0,0,0.2,0,0,0,0,0,0,0,0
7.8,25,672,212,0,1,0,1,0,0,0,0,1,0,0,0.5,1,0,0.5,0,0,0,0,0.15,0,0,0,0,0,0,0,0
10,20,573,136,1,0,0,1,0,0,0,1,0,0,0,0,0,0,0,0,0,1,0,1,0,1,0,0,0,0,0,0
10,100,486,136,1,0,0,1,0,0,0,1,0,0,0,0,0,0,0,0,0,1,0,1,0,1,0,0,0,0,0,0
10,200,378,136,1,0,0,1,0,0,0,1,0,0,0,0,0,0,0,0,0,1,0,1,0,1,0,0,0,0,0,0
10,300,314,136,1,0,0,1,0,0,0,1,0,0,0,0,0,0,0,0,0,1,0,1,0,1,0,0,0,0,0,0
10,400,232,136,1,0,0,1,0,0,0,1,0,0,0,0,0,0,0,0,0,1,0,1,0,1,0,0,0,0,0,0
10,600,222,136,1,0,0,1,0,0,0,1,0,0,0,0,0,0,0,0,0,1,0,1,0,1,0,0,0,0,0,0
10,800,210,136,1,0,0,1,0,0,0,1,0,0,0,0,0,0,0,0,0,1,0,1,0,1,0,0,0,0,0,0
10,1000,160,136,1,0,0,1,0,0,0,1,0,0,0,0,0,0,0,0,0,1,0,1,0,1,0,0,0,0,0,0
8.2,20,1152,120,1,0,1,0,0,0,0,1,0,1,0,0,0,0,0,0,0,1,0,1,0,1,0,0,0,0,0,0
8.2,200,740,120,1,0,1,0,0,0,0,1,0,1,0,0,0,0,0,0,0,1,0,1,0,1,0,0,0,0,0,0
8.2,100,740,120,1,0,1,0,0,0,0,1,0,1,0,0,0,0,0,0,0,1,0,1,0,1,0,0,0,0,0,0
10,20,1210,179,1,0,0,0,1,0,0,1,0,0,0,0,0,0,0,0,1,1,0,1,0,1,0,0,0,0,0,0
10,60,1071,179,1,0,0,0,1,0,0,1,0,0,0,0,0,0,0,0,1,1,0,1,0,1,0,0,0,0,0,0
10,100,1029,179,1,0,0,0,1,0,0,1,0,0,0,0,0,0,0,0,1,1,0,1,0,1,0,0,0,0,0,0
10,200,868,179,1,0,0,0,1,0,0,1,0,0,0,0,0,0,0,0,1,1,0,1,0,1,0,0,0,0,0,0
10,300,732,179,1,0,0,0,1,0,0,1,0,0,0,0,0,0,0,0,1,1,0,1,0,1,0,0,0,0,0,0
10,400,685,179,1,0,0,0,1,0,0,1,0,0,0,0,0,0,0,0,1,1,0,1,0,1,0,0,0,0,0,0
10,600,593,179,1,0,0,0,1,0,0,1,0,0,0,0,0,0,0,0,1,1,0,1,0,1,0,0,0,0,0,0
10,800,564,179,1,0,0,0,1,0,0,1,0,0,0,0,0,0,0,0,1,1,0,1,0,1,0,0,0,0,0,0
10,1000,539,179,1,0,0,0,1,0,0,1,0,0,0,0,0,0,0,0,1,1,0,1,0,1,0,0,0,0,0,0
12.1,20,1054,198,1,0,0,0,1,0,0,1,0,0,0,0,0,0,0,0,0,1,0,1,0,1,0,0,1,0,0,0
12.1,100,968,198,1,0,0,0,1,0,0,1,0,0,0,0,0,0,0,0,0,1,0,1,0,1,0,0,1,0,0,0
12.1,200,869,198,1,0,0,0,1,0,0,1,0,0,0,0,0,0,0,0,0,1,0,1,0,1,0,0,1,0,0,0
12.1,300,754,198,1,0,0,0,1,0,0,1,0,0,0,0,0,0,0,0,0,1,0,1,0,1,0,0,1,0,0,0
12.1,400,627,198,1,0,0,0,1,0,0,1,0,0,0,0,0,0,0,0,0,1,0,1,0,1,0,0,1,0,0,0
12.1,600,596,198,1,0,0,0,1,0,0,1,0,0,0,0,0,0,0,0,0,1,0,1,0,1,0,0,1,0,0,0
12.1,800,564,198,1,0,0,0,1,0,0,1,0,0,0,0,0,0,0,0,0,1,0,1,0,1,0,0,1,0,0,0
12.1,1000,459,198,1,0,0,0,1,0,0,1,0,0,0,0,0,0,0,0,0,1,0,1,0,1,0,0,1,0,0,0
10.9,20,860,119,1,0,0,0,1,0,0,1,0,0,0,0,0,0,0,0,0,1,0,1,0,1,0,1,0,0,0,0
10.9,20,834,119,1,0,0,0,1,0,0,1,0,0,0,0,0,0,0,0,0,1,0,1,0,1,0,1,0,0,0,0
10.9,200,610,119,1,0,0,0,1,0,0,1,0,0,0,0,0,0,0,0,0,1,0,1,0,1,0,1,0,0,0,0
10.9,600,473,119,1,0,0,0,1,0,0,1,0,0,0,0,0,0,0,0,0,1,0,1,0,1,0,1,0,0,0,0
7.6,20,1630,196,1,0,0,0,1,0,0,1,0,0,0,0,0,0,1,0,1,1,0,1,0,0,0,0,0,0,0,0
7.6,200,1268,196,1,0,0,0,1,0,0,1,0,0,0,0,0,0,1,0,1,1,0,1,0,0,0,0,0,0,0,0
7.6,400,1115,196,1,0,0,0,1,0,0,1,0,0,0,0,0,0,1,0,1,1,0,1,0,0,0,0,0,0,0,0
7.6,600,1062,196,1,0,0,0,1,0,0,1,0,0,0,0,0,0,1,0,1,1,0,1,0,0,0,0,0,0,0,0
7.6,800,1058,196,1,0,0,0,1,0,0,1,0,0,0,0,0,0,1,0,1,1,0,1,0,0,0,0,0,0,0,0
6.5,25,1160,100,1,0,1,0,0,0,0,1,0,0,0,0,0,0,0,0,0,0,0,1,0.5,0,0.5,0.25,0,0,0,0
6.5,600,405,100,1,0,1,0,0,0,0,1,0,0,0,0,0,0,0,0,0,0,0,1,0.5,0,0.5,0.25,0,0,0,0
6.5,800,85,100,1,0,1,0,0,0,0,1,0,0,0,0,0,0,0,0,0,0,0,1,0.5,0,0.5,0.25,0,0,0,0
6.6,25,1115,100,1,0,1,0,0,0,0,1,0,0,0,0,0,0,0,0,0,0.125,0,1,0.5,0,0.5,0.25,0,0,0,0
6.7,25,1065,100,1,0,1,0,0,0,0,1,0,0,0,0,0,0,0,0,0,0.25,0,1,0.5,0,0.5,0.25,0,0,0,0
6.7,600,718,100,1,0,1,0,0,0,0,1,0,0,0,0,0,0,0,0,0,0.25,0,1,0.5,0,0.5,0.25,0,0,0,0
6.7,800,135,100,1,0,1,0,0,0,0,1,0,0,0,0,0,0,0,0,0,0.25,0,1,0.5,0,0.5,0.25,0,0,0,0
6.8,25,1025,100,1,0,1,0,0,0,0,1,0,0,0,0,0,0,0,0,0,0.375,0,1,0.5,0,0.5,0.25,0,0,0,0
6.9,25,980,101,1,0,1,0,0,0,0,1,0,0,0,0,0,0,0,0,0,0.5,0,1,0.5,0,0.5,0.25,0,0,0,0
6.9,600,859,101,1,0,1,0,0,0,0,1,0,0,0,0,0,0,0,0,0,0.5,0,1,0.5,0,0.5,0.25,0,0,0,0
6.9,800,195,101,1,0,1,0,0,0,0,1,0,0,0,0,0,0,0,0,0,0.5,0,1,0.5,0,0.5,0.25,0,0,0,0
7.7,25,213,212,0,1,1,0,0,0,0,0,1,0,0.25,1,0,0,0.25,1,0,0,0,0,0,0,0,0,0,0,0,0
7.7,25,393,212,0,1,1,0,0,0,0,0,1,0,0.25,1,0,0,0.25,1,0,0,0,0,0,0,0,0,0,0,0,0
7.7,25,792,212,0,1,0,1,0,0,0,0,1,0,0.25,1,0,0,0.25,1,0,0,0,0,0,0,0,0,0,0,0,0
7.7,25,559,212,0,1,0,1,0,0,0,0,1,0,0.25,1,0,0,0.25,1,0,0,0,0,0,0,0,0,0,0,0,0
7.7,25,512,212,0,1,0,1,0,0,0,0,1,0,0.25,1,0,0,0.25,1,0,0,0,0,0,0,0,0,0,0,0,0
7.7,25,476,212,0,1,0,1,0,0,0,0,1,0,0.25,1,0,0,0.25,1,0,0,0,0,0,0,0,0,0,0,0,0
8,25,353,220,0,1,0,1,0,0,0,0,1,0,1,1,1,0,1,1,0,0,0,0,0,0,0,0,0,0,0,0
13.7,25,1217,250,1,0,0,0,0,0,1,1,0,0,0,0,0,0,0,0,1,1,0,0,0,1,0,0,1,0,0,0
8,25,1199.26,220,0,1,0,1,0,0,0,0,1,0,1,1,1,0,1,1,0,0,0,0,0,0,0,0,0,0,0,0
8,25,1269.23,220,0,1,0,1,0,0,0,0,1,0,1,1,1,0,1,1,0,0,0,0,0,0,0,0,0,0,0,0
8,25,1371.21,220,0,1,0,1,0,0,0,0,1,0,1,1,1,0,1,1,0,0,0,0,0,0,0,0,0,0,0,0
8,25,1362.74,220,0,1,0,1,0,0,0,0,1,0,1,1,1,0,1,1,0,0,0,0,0,0,0,0,0,0,0,0
8,25,1241.81,220,0,1,0,1,0,0,0,0,1,0,1,1,1,0,1,1,0,0,0,0,0,0,0,0,0,0,0,0
8,25,930.3,220,0,1,0,1,0,0,0,0,1,0,1,1,1,0,1,1,0,0,0,0,0,0,0,0,0,0,0,0
8,25,729.21,220,0,1,0,1,0,0,0,0,1,0,1,1,1,0,1,1,0,0,0,0,0,0,0,0,0,0,0,0
8,25,494.82,220,0,1,0,1,0,0,0,0,1,0,1,1,1,0,1,1,0,0,0,0,0,0,0,0,0,0,0,0
8,25,366.88,220,0,1,0,1,0,0,0,0,1,0,1,1,1,0,1,1,0,0,0,0,0,0,0,0,0,0,0,0
8,25,290.65,220,0,1,0,1,0,0,0,0,1,0,1,1,1,0,1,1,0,0,0,0,0,0,0,0,0,0,0,0
8,25,258.76,220,0,1,0,1,0,0,0,0,1,0,1,1,1,0,1,1,0,0,0,0,0,0,0,0,0,0,0,0
7.5,25,280,204,0,1,1,0,0,0,0,0,1,0.143,0,1,0.571,0,0.343,0.8,0,0,0,0,0,0,0,0,0,0,0,0
7.2,25,320,195,0,1,0,1,0,0,0,0,1,0.286,0,1,0.571,0,0.343,0.657,0,0,0,0,0,0,0,0,0,0,0,0
7.5,25,1253,204,0,1,1,0,0,0,0,0,1,0.143,0,1,0.571,0,0.343,0.8,0,0,0,0,0,0,0,0,0,0,0,0
7.2,25,1400,195,0,1,0,1,0,0,0,0,1,0.286,0,1,0.571,0,0.343,0.657,0,0,0,0,0,0,0,0,0,0,0,0
8.3,25,489,231,0,1,1,0,0,0,0,0,1,0,1,1,1,0,1,0,0.15,0,0,0,0,0,0,0,0,0,0,0
8.3,25,1136,231,0,1,0,1,0,0,0,0,1,0,1,1,1,0,1,0,0.15,0,0,0,0,0,0,0,0,0,0,0
8.3,25,1301,231,0,1,0,1,0,0,0,0,1,0,1,1,1,0,1,0,0.15,0,0,0,0,0,0,0,0,0,0,0
7.5,25,268,167,1,0,1,0,0,0,0,0,1,0.333,0.333,0.333,1,0,0,0,0,0,0.333,0,0,0,0,0,0,0,0,0
7.8,25,225,195,0,1,1,0,0,0,0,0,1,0,1,1,1,0.2,0.2,0,0,0,0,0,0,0,0,0,0,0,0,0
7.8,25,705,195,0,1,0,1,0,0,0,0,1,0,1,1,1,0.2,0.2,0,0,0,0,0,0,0,0,0,0,0,0,0
7.8,25,320,195,0,1,0,1,0,0,0,0,1,0,1,1,1,0.2,0.2,0,0,0,0,0,0,0,0,0,0,0,0,0
3.2,25,422,73,1,0,1,0,0,0,0,0,1,1,0,0.077,0,0.231,0,0,0,0,0.077,0,0,0,0,0,0,0.077,0,0.077
3.2,25,534,72,1,0,1,0,0,0,0,0,1,1,0,0,0.077,0.231,0,0,0,0,0.077,0,0,0,0,0,0,0.077,0,0.077
3.1,25,490,75,1,0,1,0,0,0,0,0,1,1,0,0,0,0.231,0.077,0,0,0,0.077,0,0,0,0,0,0,0.077,0,0.077
3.2,25,622,73,1,0,1,0,0,0,0,0,1,1,0,0,0,0.231,0,0.077,0,0,0.077,0,0,0,0,0,0,0.077,0,0.077
8.3,25,400,232,0,1,1,0,0,0,0,0,1,0,1,1,1,0,1,0,0.2,0,0,0,0,0,0,0,0,0,0,0
7.4,25,2475.41,212,1,0,1,0,0,0,0,1,0,0,0,1,1,0,1,0,0,0,0,0.4,0,0,0,0,0,0,0,0
7.3,25,2380.79,208,1,0,1,0,0,0,0,1,0,0,0,1,1,0,1,0,0,0,0,0.5,0,0,0,0,0,0,0,0
7.2,25,1923.15,204,1,0,1,0,0,0,0,1,0,0,0,1,1,0,1,0,0,0,0,0.6,0,0,0,0,0,0,0,0
8.3,25,300,206,1,0,1,0,0,0,0,0,1,0,1,1,1,0,1,0,0,0,1,0,0,0,0,0,0,0,0,0
9.9,25,1155,107,0,1,1,0,0,0,0,1,0,0,0,0,0,0,0,0,0,1,0,1,0,1,1,1,0,0,0,0
8.9,25,1144,115,0,1,1,0,0,0,0,1,0,0,0,0,0,0,0,0,0,1,0,1,0,1,1,0,0,0,0,0
10,25,620,136,0,1,1,0,0,0,0,1,0,0,0,0,0,0,0,0,0,1,0,1,0,1,0,0,0,0,0,0
6.5,25,956,94,0,1,1,0,0,0,0,1,0,0,0,0,0,0,0,0,0,1,0,1,0,0,1,0,0,0,0,0
9.9,25,1512,137,1,0,1,0,0,0,0,1,0,0,0,0,0,0,0,0,1,1,0,1,0,1,1,1,0,0,0,0
10.2,25,1600,143,1,0,1,0,0,0,0,1,0,0,0,0,0,0,0,0,1,0,0,1,0,1,1,1,0,0,0,0
8.7,25,1351,128,1,0,1,0,0,0,0,1,0,0,0,0,0,0,0,0,1,1,0,1,0,0,1,1,0,0,0,0
10.9,25,1524,141,1,0,1,0,0,0,0,1,0,0,0,0,0,0,0,0,1,1,0,0,0,1,1,1,0,0,0,0
10.8,25,1369,155,1,0,1,0,0,0,0,1,0,0,0,0,0,0,0,0,1,1,0,1,0,1,0,1,0,0,0,0
9.9,800,1007,137,1,0,1,0,0,0,0,1,0,0,0,0,0,0,0,0,1,1,0,1,0,1,1,1,0,0,0,0
10.2,800,1045,143,1,0,1,0,0,0,0,1,0,0,0,0,0,0,0,0,1,0,0,1,0,1,1,1,0,0,0,0
8.7,800,829,128,1,0,1,0,0,0,0,1,0,0,0,0,0,0,0,0,1,1,0,1,0,0,1,1,0,0,0,0
10.9,800,1005,141,1,0,1,0,0,0,0,1,0,0,0,0,0,0,0,0,1,1,0,0,0,1,1,1,0,0,0,0
10.8,800,822,155,1,0,1,0,0,0,0,1,0,0,0,0,0,0,0,0,1,1,0,1,0,1,0,1,0,0,0,0
9.9,1000,814,137,1,0,1,0,0,0,0,1,0,0,0,0,0,0,0,0,1,1,0,1,0,1,1,1,0,0,0,0
10.2,1000,855,143,1,0,1,0,0,0,0,1,0,0,0,0,0,0,0,0,1,0,0,1,0,1,1,1,0,0,0,0
8.7,1000,721,128,1,0,1,0,0,0,0,1,0,0,0,0,0,0,0,0,1,1,0,1,0,0,1,1,0,0,0,0
10.9,1000,927,141,1,0,1,0,0,0,0,1,0,0,0,0,0,0,0,0,1,1,0,0,0,1,1,1,0,0,0,0
10.8,1000,778,155,1,0,1,0,0,0,0,1,0,0,0,0,0,0,0,0,1,1,0,1,0,1,0,1,0,0,0,0
9.9,1200,556,137,1,0,1,0,0,0,0,1,0,0,0,0,0,0,0,0,1,1,0,1,0,1,1,1,0,0,0,0
10.2,1200,404,143,1,0,1,0,0,0,0,1,0,0,0,0,0,0,0,0,1,0,0,1,0,1,1,1,0,0,0,0
8.7,1200,301,128,1,0,1,0,0,0,0,1,0,0,0,0,0,0,0,0,1,1,0,1,0,0,1,1,0,0,0,0
10.9,1200,694,141,1,0,1,0,0,0,0,1,0,0,0,0,0,0,0,0,1,1,0,0,0,1,1,1,0,0,0,0
10.8,1200,699,155,1,0,1,0,0,0,0,1,0,0,0,0,0,0,0,0,1,1,0,1,0,1,0,1,0,0,0,0
10.9,1400,278,141,1,0,1,0,0,0,0,1,0,0,0,0,0,0,0,0,1,1,0,0,0,1,1,1,0,0,0,0
10.8,1400,367,155,1,0,1,0,0,0,0,1,0,0,0,0,0,0,0,0,1,1,0,1,0,1,0,1,0,0,0,0
9.9,25,1438,107,0,1,0,0,0,1,0,1,0,0,0,0,0,0,0,0,0,1,0,1,0,1,1,1,0,0,0,0
9.9,25,1159,107,0,1,0,0,0,1,0,1,0,0,0,0,0,0,0,0,0,1,0,1,0,1,1,1,0,0,0,0
9.9,25,1134,107,0,1,0,0,0,1,0,1,0,0,0,0,0,0,0,0,0,1,0,1,0,1,1,1,0,0,0,0
9.9,25,1094,107,0,1,0,0,0,1,0,1,0,0,0,0,0,0,0,0,0,1,0,1,0,1,1,1,0,0,0,0
9.9,25,1071,107,0,1,0,0,0,1,0,1,0,0,0,0,0,0,0,0,0,1,0,1,0,1,1,1,0,0,0,0
9.9,25,1107,107,0,1,0,0,0,1,0,1,0,0,0,0,0,0,0,0,0,1,0,1,0,1,1,1,0,0,0,0
9.9,25,1115,107,0,1,0,0,0,1,0,1,0,0,0,0,0,0,0,0,0,1,0,1,0,1,1,1,0,0,0,0
9.9,25,1114,107,0,1,0,0,0,1,0,1,0,0,0,0,0,0,0,0,0,1,0,1,0,1,1,1,0,0,0,0
