feature_0,feature_1,feature_2,feature_3,feature_4,feature_5,target
0.4320137792133427,1.5424410299364957,0.32915048331824703,-0.5504025418157679,0.024273411829142066,-1.4402456316850702,0.0
0.5583906414894194,0.7489728101944887,1.0413494919432082,2.085233146362686,-0.48055062855277064,-0.639197632629275,0.0
-0.2578082415023531,-0.8762068426746576,0.40545922500531173,-1.6719921078059437,0.4038388055697324,0.5042439867774189,1.0
-0.42279075685364037,-0.9368968773061395,-1.4919683395463001,0.3201994919794995,0.6136573375469172,-1.3754081801639417,1.0
-1.7355550783203475,0.31869821719337765,-1.3368532534888553,1.6459421274625945,-0.6698724593959379,1.2191801623233516,0.0
-0.45845308480605934,-1.635418629078018,-0.7724999649816633,1.7673477664158215,-0.28952088460742403,-0.9002124134752608,1.0
-0.054729936511944896,-1.2395976896341676,-2.036323493289861,-0.22871284125466151,-0.4367500182411332,0.8694810783186866,1.0
-0.2746284804642097,1.5677216534891805,1.1764472299551947,1.376802244362258,-0.7456977771740699,-1.311774207489095,0.0
-0.5594181698199419,-0.5166681276179392,-0.9314020903879068,-0.29178269605347795,-0.6401783449034814,0.14986269368918645,1.0
-1.9022600186314476,-1.0569387817923177,-1.32429225739874,-1.216155084660937,4.305154507259232,0.3931149302820895,1.0
-1.1416060813608426,-1.9534928887865806,1.1033821517885913,-1.7695597671528074,-0.3245005519968388,0.859616388130213,1.0
0.8011845775925724,-2.871804664376565,-1.4057814487644098,-2.437543011762764,-1.0063381955999549,0.21188801027033344,1.0
-0.78815751674294,-0.24870773714435968,-1.591725475996574,-0.6625250494963804,-0.4303210677806613,0.6204764776718522,1.0
-0.07969802481203868,-0.34581072301937654,-1.5127770687216782,2.895784708182979,-1.9210266612731954,-1.8469996298342997,0.0
0.9489881945906941,-1.1594790210198735,0.6745506548294045,2.8244701295538572,-2.405130470029264,0.03054620170012602,1.0
0.6582726881472007,-0.5144435750580404,-1.6115481520049713,-0.20356969863040253,0.233813458567269,-0.441027953123411,0.0
0.7666278792951329,3.1177271224225622,2.06635969329369,-0.5541852862885102,-1.0427311073276573,0.03330540917520299,0.0
-1.5056626932772648,-0.575926482943194,-0.46702972399770837,2.0893267255188293,-0.5008265233123944,0.10034203924973326,0.0
2.3301137582395985,-1.4110975203413965,-0.8929443464158077,-0.5717427309303358,0.31149375232015103,0.30033902097708737,1.0
1.1798319310510714,-1.742803516843094,-1.301349398454477,-0.46255849486908085,0.16838910377054733,-0.9127817298196241,1.0
-0.06829072565601668,1.4665351641429294,1.2923457034276191,-0.7276912147856112,-0.8796142348952787,-1.3380299091025571,0.0
0.19372422224028185,-0.258543888440782,0.8767520486247313,0.6390528199594692,-0.25498297749690946,-0.5682420284560569,0.0
0.27408588160464725,2.032025263184827,2.1250320598552728,1.575855578442843,-1.3061941727315485,0.4153404704083156,0.0
-1.2799869524101715,-1.5434130225688514,-0.017557222970847164,1.7147121967390695,-1.0186888369357365,-0.020594193812604435,1.0
-0.45802889159994065,1.4971545130226507,1.320508169776804,1.5396670184513126,-1.7072464566314312,0.9844515776661653,0.0
-1.3605105623387834,0.5277391184652823,0.8162474969432763,-0.06150175424760862,-0.4796447097600427,-1.333634085948063,0.0
-0.6853707928022479,-0.9326433823613645,-0.19958884864418902,2.5498113816826127,-1.0785469292873873,1.1512224923912717,0.0
0.16726906703944006,-0.7452988824241877,-2.1648721350474247,-0.6013800282709865,-0.06477234532072966,-1.7968689347305045,1.0
2.004321153217487,-1.1186140082661957,-1.4820464671273998,0.9639401828458716,1.6937009009887014,0.8434386341181173,1.0
0.3263766021302885,0.16818614471216364,0.3336121056451353,1.664321930262299,-0.39563835885878607,-1.1428813025314892,0.0
0.7521822098308896,-0.7911903345332274,-0.27018774727403794,1.5510764151431793,-1.062433631905568,1.11554993673331,0.0
-0.680183989858443,-0.4897131151602532,-0.6555842540782696,-1.546737680931134,0.4759215844581532,-0.22751373198270977,1.0
-1.6364342184812408,-0.3409529533204706,-1.7239930504917416,0.04076976153261824,0.1375669300695696,0.13578215034464003,1.0
0.6327643534413193,-1.2768911844208461,1.4966962414149396,-0.9916747479993767,-2.5302955545424752,-0.26793633158059393,1.0
-1.4751456933676357,-0.24849989458160449,-1.4594565627841287,-0.5738015532253669,1.084556794063918,0.21931829785481335,1.0
-0.8806263270969411,2.5423695085295264,-0.583916010997085,-1.0165830511244778,0.48274519039899055,-0.3497994880475876,0.0
-1.8367418757239509,-0.28630936550115094,-0.9298150371493494,-0.9082921667030288,0.6522910767081814,-0.46396696772039314,1.0
0.8853589568463024,-1.0346231987648906,-1.0230933899158094,-1.0735153446906094,1.7766056273687367,-0.5390309832103145,1.0
-1.324170199748739,0.2634901320970746,-0.03180982953772449,0.600328160278241,-1.7877786955638824,1.607962287069345,0.0
0.9906953944992712,-1.558586009455928,-1.04451137169079,1.2145654760462958,-0.0479103335065054,-1.3239963561170178,1.0
-1.2141869654690916,0.8694065072908645,0.9045441732713881,2.9760938169540756,-0.8322762564091288,-0.32115610832396735,0.0
-0.35430120677753074,-0.25081963292940657,0.41336466652232406,2.8195566187839693,-1.0442283597837303,0.8771263555869278,0.0
0.7613655098050597,-1.3565946444690917,-0.30019326486604303,-0.42877512185215405,0.13639253548111152,-0.6142584085740672,1.0
-1.6200511234822623,0.7772563466480964,-0.991476315219813,0.9927373684712582,0.5551753023439391,-2.1931368265207927,1.0
-0.14197494980075936,-1.0124923493477573,-1.034140357023166,0.8784929310886523,0.10780485204502535,-1.082059152455005,1.0
0.9379233126380161,-0.04163847378811414,0.3542441043053419,2.202375077527904,-1.2402910471309732,0.658926452543816,0.0
-0.8683644284481381,-0.547278940707729,-0.5545058138775945,-0.2777492654432584,0.9916360289043441,-0.2558863759688615,1.0
0.449854665352871,-1.5884238682068252,-0.556236919508749,2.3133798150966642,-0.53835974507629,-0.28280544127605994,1.0
0.28348556571106565,-0.9933034989689893,-0.74140721437712,-1.2379377330777979,1.4592889316225075,0.9426974187432835,1.0
0.6247603026189453,-0.6999369590378728,1.9187741358898176,-0.02415761711572162,0.3704302328811518,-3.0085689996963643,0.0
1.096223988277986,1.5362195989421175,-0.429992094672637,-0.12793529863688446,0.743371422206371,0.19796991736493547,0.0
0.6719660506940874,-1.5192752684397877,0.9813287802281447,-1.7136342849708504,1.0850092095877732,1.9364529117747973,1.0
0.03226200894743374,-0.49013501438954554,-1.4613092987834886,0.49597023248300665,0.36948085923290874,-0.4081336083047417,1.0
-0.4837007207292718,-1.059678899178006,-0.5028927711026396,0.19339264862493177,-0.0034987285245097143,-0.7447698047115711,1.0
-0.36833304055278393,0.04546535649054928,0.5475059295093275,1.7110430516418171,-0.892015542626575,-1.809507732328276,0.0
0.39768178599881715,-2.09121218547306,-1.0980343751140798,0.4782388476200725,1.8571231670735224,1.4698949631214362,1.0
0.5257434768382385,-0.9054474269964639,-2.312259313249583,-1.4402556488999338,-0.8120633891461688,-1.4603741429011372,1.0
-1.201334673073432,1.8518255646383432,1.5700514965347192,1.5778664022018112,1.2563496723549255,-0.21336352452658766,0.0
1.3154272762476291,0.8487807597940613,-0.5069943665272583,0.6548859196222876,0.03545465187401222,1.9700226908516292,0.0
0.7391776311194311,0.17649722064949258,-0.8461671316133508,0.5446679035387004,-0.04198836115365607,0.4008932021242018,1.0
2.411918512810712,-1.5708928849264487,-1.4444493887481107,1.089790126609337,3.5809436918219664,-0.43519508737972806,1.0
1.0409818895418355,-0.7473679016835786,1.6236351568436556,4.031092632013306,1.212730386694917,-0.8093346510139318,1.0
1.0894435700899008,0.1619777487185694,0.9300523426004261,0.12786892689996998,1.2008843849068898,1.7302364640601298,0.0
-0.5604752149842511,-1.256043166720021,-1.3790923888674134,-1.6792384055022462,-0.28745800240098884,0.4706194164139341,1.0
-1.641733387141998,-0.027314480989157452,0.42641458822819955,0.6738781006895294,-0.7931502856876872,0.49431251157208844,0.0
-0.5780655856337481,1.767036322370446,-1.8351496751500886,1.066360585061175,-1.3479351125074932,0.5472853308434766,0.0
-0.2496155505188912,2.222224760974643,1.9301496506480482,0.471110185134727,1.7236731202553746,0.16453785245635275,0.0
1.144425697394855,0.265664943314077,0.3317679078205453,1.1630645415950673,1.619884382570222,-1.3631558745693693,0.0
0.006662690586909947,0.4403945681126047,-1.6959004122549617,2.3116999294743845,-0.9221936712743571,1.5116883883912884,0.0
0.5511954631780381,0.2790194434294444,0.5352370793674643,1.054388469015753,-0.34286266750019084,-1.8257148687643716,0.0
-0.653898801093907,-1.822680560948622,0.7234744187830651,-1.8540950320122618,0.5907607272990294,-0.2997180422906306,1.0
0.008182869601270293,0.6417043237742905,0.48261176940016437,0.0655307991115327,-0.8346211765235451,-0.8116935237816505,0.0
-0.4714113016585502,1.673127187096895,1.4646798267250791,0.2529945336327388,-0.6974184866059848,-0.24306699167907977,0.0
0.4223080819601227,0.9253541918212433,0.9231762141569073,1.362933766606628,-1.6495554127848624,1.0679389669714443,0.0
1.1952385270217454,4.718535599375902,3.0075600447421365,-1.7363234428284469,-0.6868492878349806,0.16880997469672318,0.0
1.221909352286935,-0.5366860385173975,-1.604020240659675,0.8759817473581231,-1.280988284136816,0.338331759294052,1.0
-1.4383701576392514,-2.889118256019318,0.007250691618092109,1.2430358208914232,0.32493665166024893,1.8068512079453878,1.0
0.44857250862045445,0.43433662092830794,-0.5583105056949491,0.7472811881855559,1.575489263824806,-0.6971079569907226,1.0
0.7676704890989715,1.0960562808774177,-3.492011563621461,0.10118330019799404,-0.7645802543832289,-1.2078728911168746,1.0
-0.14698465754563514,-0.9463940630398314,-0.41866407611230616,-0.1643022773653825,-0.8217675866999089,0.7527293152380583,1.0
-0.6067807335200198,0.6266390822636473,0.6952893893286097,0.7792898063214734,-1.2481509443919894,-1.6972448117857153,0.0
0.9452550497576832,-1.3433165264031137,-1.4985167116869174,0.4077810276150611,-0.9696310008399627,1.143087825119894,1.0
-0.07631202992622997,0.20734519894611447,-0.6648565795595611,1.3597374677103256,0.4771378562636665,1.5650051183129314,0.0
-0.5302052614650774,-0.417305923293537,-0.06820222947693799,2.2240665687828227,-2.095210373795472,-0.4848708412973947,0.0
-0.5281270735175143,2.414345132458265,-3.1110202628115755,1.683974579351601,-0.03027380169250186,0.2523602019119312,0.0
0.4436112863215038,2.1682540307853397,-0.6028783610437413,-0.47974743029566635,-0.02287669760634308,-2.4845267140563707,0.0
-1.075016016141139,-0.6710350155755177,-1.0207608639085821,-0.6372395920215788,2.6483827369086406,0.10381428264232165,1.0
0.6840318509031026,0.5939194024726141,0.7106021086924263,1.6002236524366564,0.6549273952959296,-0.6658900022510249,0.0
0.14027775501719064,-0.8297440412551624,-0.08604136410555219,2.3980196375140546,-0.22938633432033978,0.6689255144068228,0.0
1.4669321051935382,1.293672158960983,1.1210939290327981,1.2830998714373234,0.2409320663769076,1.6550780782504977,0.0
1.0616408679890372,1.2949806707593798,1.2925738071696848,1.2240046166737346,0.6442199938177602,-0.7496862017062312,0.0
-1.9833385171233133,-0.4424557464666439,0.16508073355768238,2.0725049228297903,-0.8543892550787314,-0.08992705640762574,0.0
0.5534001032819557,-1.7004536323709911,-0.6823982017058188,-0.9817525653011654,1.3911436433187678,0.2738115605696765,1.0
-0.2901334043475694,-2.014624618294341,-0.39387182076067795,-1.4656991714923717,1.4352999289735706,-0.8156282676300657,1.0
0.4874505832298706,1.8457684205934357,-1.3815689356423575,0.6696884870317775,0.3333716280226376,0.10759079621751458,0.0
0.3399672098806392,2.7543490231253926,-1.456658991120161,-0.2904133450897317,-1.0014215343433186,-0.48971552885904934,0.0
0.7114086709056862,-2.9096222839464647,-0.30686312037718644,1.3486003516397647,0.8642482024230996,0.532813110671341,1.0
-0.20019559007741639,-0.5072444847942552,-1.30064079632678,2.677213303388374,-0.8523461543236253,0.6641092586950291,0.0
2.208316652636548,-0.7118017289321599,-0.9800872848879388,-0.38567998036289874,1.483096646302389,1.4621422744052852,1.0
0.5185278280420749,1.895649078946568,-1.9741743003309893,1.0806176195635047,0.10626466606741283,-1.4897271389219637,0.0
0.4115193197424341,2.8912685437006713,-1.4640222548743895,-0.4945580571148753,1.1841764900288188,1.4464289996156405,0.0
-0.020582284910475573,1.4729347529783607,1.0452410954405305,0.625643063134183,0.5960002792776083,-0.973824808192315,0.0
-0.2753555225644474,0.18168847920889242,0.5613070848834283,-0.03567700038690891,0.7198978952679697,-0.693758961630698,0.0
0.4203662570583114,2.27038164752683,1.5211974116523779,-0.5418150324733422,-1.0096109243059226,-0.20089286814012178,0.0
0.6663177061119819,0.10782950241048628,0.4709847155976672,2.081386761724627,-1.0900116829263193,-0.08612478028452593,0.0
0.1899770809643228,-1.9886254019243697,1.4458892167397872,-2.397391408144411,0.5247372444980661,0.00021416657579730424,1.0
1.8704391423737308,1.083875243421105,1.1611119159256929,1.43926110095389,-1.0359012169559603,0.6072387060306023,0.0
-3.0276399349434397,0.20100596344756927,-1.0217381767284737,1.620032851387418,-1.1170926797233312,1.220380489814926,0.0
0.9986819851928996,1.4818541296519832,-0.8518231188225038,0.4593450198856227,-0.42670530672458407,1.294533778362114,0.0
-1.306496406953831,3.518696976811725,-3.7014136140025977,0.768439538164821,0.8570913719360085,0.8860393051958053,0.0
-0.21960866094257248,1.6157318517574084,1.5671941180443771,0.780625046807958,-0.36501731932923137,-0.04430789255923703,0.0
-2.1003036627911573,1.1258777846615726,1.0242678470674687,-0.603401965450985,0.43275261123142594,-1.4583382180315465,0.0
-0.31243691416890573,-1.7084565059149832,-1.1669946119742334,-0.37952790570479955,-0.623421350631965,1.3088882246612776,1.0
0.87836471242013,-1.2672689301284277,-0.705841812828266,1.3046647386821306,2.3576762299843836,0.12722306669480474,1.0
1.204395483095745,-1.1005704466931765,-1.1750675273777704,-1.5554016117437426,-1.7530257347139084,-1.1864768715981595,1.0
-0.1349962520707606,2.035598024382106,-1.650348480800964,0.5208813186816361,-1.5968914589389394,0.6265604714810203,0.0
-0.6204480709207278,1.5700964051974233,1.2471420655554302,0.6746856091410214,0.045022225137596086,-2.398095363487697,0.0
1.0810870108238855,0.768647164208192,-0.8720903965177752,1.748698740770756,0.20293093992757621,-1.0475567714203515,1.0
-1.4043211670373439,-1.9882784604019195,0.8673593245045601,3.350916536963986,0.41672111166548154,-0.571082736212037,1.0
0.09047831358046322,-2.372452317641458,-1.1570164486156926,0.13348094859246373,1.5992241617911112,-0.01341128962463178,1.0
0.1221176831826355,-1.6632801460658821,0.47121400499132626,-1.8910937008160567,1.7592016410599778,1.3575516056005348,1.0
-0.5089158573935854,-0.7991241001953086,-0.08427833392391393,-1.1176653209653735,0.6644291328427625,-2.517010907603759,1.0
1.8303694420273022,-1.2568596093629203,-0.5361626018789218,-0.8188037776396133,-0.6142778585129055,1.3588112770263758,1.0
-0.07953298722718312,-0.2854452889257114,-0.4638388507564727,-1.4922692712795769,-0.5689446179294375,-0.004733608862678427,1.0
0.011943238095573815,0.30780237179343506,-0.7781658316871218,1.5157499730271913,2.374511682257458,-0.1656039388011739,0.0
-1.4634146718389107,-2.224666242151927,-0.7137950584645988,1.3181475104502258,-0.18128129215329358,0.6853717362238861,1.0
0.3251768347036544,-1.2271244365905964,-1.9233470840799933,-0.09348927193412604,1.1341628411743803,-0.04158091364080983,1.0
2.1432478676739586,1.1199169561156106,0.9886299919028785,-0.7339655864091246,-1.4117410675635396,-0.36358027555418887,0.0
-0.29583153080912206,0.08164362220729404,-1.3565796296656516,2.229826371476416,-0.37671385458644,-0.4165101488993727,0.0
-3.987173992971023,0.48089965181710437,-1.544595171551324,2.067260016676979,-0.1652111490620445,1.2302202173543701,0.0
1.2483821503080619,-0.62457578455415,-1.6545728467664373,0.33365036276346705,0.8047252255050655,0.779908069535215,1.0
0.4778144499057225,0.6897850080797768,-1.5839210629381306,1.6428699444826582,-0.6793437570853698,-0.6896671414230281,0.0
-2.8587970178633877,-0.14160189125494438,0.37236782028875715,0.25845837637481994,0.5096500861591672,0.10739676368352616,0.0
0.35246166959118697,-1.1022730255006064,0.06202244512274735,2.157682628680453,-0.07858993034570753,-0.6092218711882228,0.0
0.8318904817404104,-0.09123646012454001,-1.6429383076151924,0.2537897936694141,1.4464101257860698,-0.6333034007845127,1.0
-0.512919066955778,-0.9064232511217845,-0.6506618130072486,-0.3239216330317072,0.6658254393979632,-0.7234163645645707,1.0
0.028899467214838864,3.281929705663348,-2.316106635398521,-0.06078652300001641,-1.5392066049492656,-0.07067318398126127,0.0
0.8639636744329003,-1.6498589111770947,-1.3584183130653078,-1.8323127204556204,0.8152448757034675,-0.3762005091280284,1.0
0.9516029062636593,1.8202372880052926,1.542075996954677,0.8920054319745419,1.7969274889197688,0.6257932054456525,0.0
-0.8697993919193273,0.06465268444226013,-3.033119898656173,-1.1561501162125287,-0.6019985795743046,1.3665780292577292,1.0
0.9078855299748909,-2.1734701253803794,-0.463252590245953,-1.8412038165044728,-1.8207013170636819,2.046440542483906,1.0
-0.9794000684474029,2.2774719852973018,-3.059814610671117,1.5153614964424649,1.0679657771845847,-0.2642992621198318,0.0
-0.057900742274155724,0.04666949882333826,0.4002888449258585,1.4242705070829813,-0.38461151074990635,0.3232796578318498,0.0
-1.6130084856662448,0.07094667713496383,0.2715686779422838,1.1319391933744751,0.4147149714948804,-1.4473535246237277,0.0
-0.5338658840355961,1.9968682480830668,1.6914222460837245,1.34315641955587,0.47831442182618755,0.04153465876463598,0.0
0.9207350861048229,2.316585445983627,1.9555928739661093,-0.2578209376398173,1.9340638801442909,0.18695332035433812,0.0
-0.9606969436500898,-2.0507370778623324,0.0002448039106546229,1.886042387831096,-0.11226504630256265,0.1578840542625697,1.0
0.6552069472943078,3.3610630206491803,-3.518736748088716,0.8079415043661123,-0.28267085470849757,-0.2571505795549099,0.0
1.370368464438383,1.804168584258253,-1.9822832715786736,1.1453458228329882,1.2288375704992445,1.0561699189385931,0.0
-0.831523343570797,-2.81362963817142,-1.4101092311614887,0.23335366037747884,-0.5252932019926736,-1.396248884459583,1.0
-0.7191631673665336,-2.2857388290503504,-1.1874311737524574,-0.22881929944879098,-0.942267818458615,-1.4198327135144373,1.0
-0.8809830909673146,-1.1489755609188048,-1.7647807233161945,0.8530317824833145,1.390132737422089,0.08566203703512368,1.0
0.43644227119458284,0.3087654657582395,-1.2141567965758993,-0.16602258170150175,-1.8597293221015903,0.2651876567036336,1.0
-0.462945923994208,2.699847491462643,-2.8367633455514842,1.0386074628800483,0.6565524035179007,1.2166082959960227,0.0
2.140053858316688,-1.490223994643769,0.21586146249168658,-1.425959329868863,1.5433687883025817,-0.25820214907433103,1.0
-1.4184955545708244,2.2516660948678338,-0.5345947074900539,-0.5937996436654707,0.27542803631282764,0.3404850990631137,0.0
-1.9518074471770401,1.455865292814549,1.2960539359373353,0.1519619704871411,0.7213867210066247,0.07093033731033341,0.0
-0.5989135672701544,1.114014744627739,1.1799955489175347,1.5543858565146573,-1.2000487431327187,0.021258594051601524,0.0
0.46834361877119585,0.9016209472766508,-0.7449864543071149,0.998505229906147,0.059545715215176855,0.17932776227888772,0.0
0.48597092663945973,0.6493213129863626,0.4816378019814199,0.848650228620262,0.13205507717476528,0.38263080684530004,0.0
-1.874905759796959,2.5257029641999154,2.112937163742293,1.1040307666779832,0.23001673361941524,0.5921397408294663,0.0
-0.5354110417798649,-0.6452976929200673,0.01526471184608369,3.086269245420824,0.40090837677237734,-0.8235084759571911,0.0
1.135143899853992,-0.39754013716034464,-1.0629872516557815,2.390257159087957,-1.1851919917327551,-0.254997289531611,0.0
0.056539583439742074,1.2462828847692804,1.0828480027812413,0.7960122508636799,-0.6662949018538802,0.6845985277288675,0.0
0.08868416376820469,1.5596644938539652,1.1635310105775183,-0.8043262196693157,1.6116366826248179,0.6797828606557397,0.0
-0.44872874443649785,0.6616393133164435,0.5841604784341377,1.1244686132481376,-1.8811810769463555,-0.2986684307680357,0.0
0.22771448787653295,1.6062615546434993,-1.8467699084236426,1.1715260516805284,0.8962854243809034,0.07588974619806796,0.0
-0.2513897921883732,2.4423434744721857,1.5383812569943962,1.641995213089872,-0.273151717128656,1.1953706004143132,0.0
-1.069334598989547,2.891827929613413,-1.4998800275382926,-0.35339711735523816,-1.8634331029074718,-1.5007208429951147,0.0
0.027712270735281163,-1.3485487779469767,-0.5156905494560429,1.0168912828274796,-1.1367434514923271,-0.7818380813660629,1.0
-0.013019648785365259,-0.8142184383742791,-1.7426527942254648,-0.8810603948405685,-0.07788463093027675,0.34496491913413857,1.0
0.9019238506013445,-0.45298555045585065,-1.6044528153835171,0.3934922653975661,1.2391231858393184,1.1563067323957001,1.0
1.416190512704452,-2.6279559105438386,1.050137653720142,-1.69450034126434,2.102488739651413,-0.6624608523210339,1.0
0.4920759532921576,-0.8743529891121717,-0.6371785102480383,-1.5048818701812356,2.1457033595937545,-1.8715432153764562,1.0
0.06292962423795094,3.2979126881705056,2.128794270241074,-0.1558993384484304,-0.6251499487313394,-0.8346236851362738,0.0
-1.8194666357759375,1.1148351545022297,-0.20510940727799265,0.017050477070773007,0.35121616425298224,-1.4945097825037859,0.0
0.8956014601951494,0.904089839081903,-2.7012958623049403,2.721813060497383,0.7149259268232558,1.2246454945178002,0.0
1.0676650354978063,-1.4402218122463755,-1.3076772282538798,0.6741015916431341,-0.05970062585536651,-0.46813392302048484,1.0
-0.32635185033172476,-2.226444701486784,1.1396758841133456,-2.310826747876564,2.2448562975264172,1.4510714390713946,1.0
-1.872661515450864,2.0263221741403026,-3.2967938635842744,2.096537220912952,-0.8023787759121832,1.9244773774313515,0.0
-0.06584194095675866,-0.5495703976590798,-0.48184581672178994,1.9969196792937485,-0.6037383223305889,0.7130047296802742,1.0
1.5944036884382087,-0.7106044768313301,-1.5013036369618504,-0.2610991462069847,-0.3965649682939749,-0.4496166542175972,1.0
-0.5313499822099373,-0.1371208957169069,-1.6081039075861838,-0.637370070208793,1.4236090100106071,-0.7397968177475526,0.0
-1.5230981897530622,-0.9302470088856193,-1.1096730291354544,1.3875802495528253,-0.9957546448552984,-0.6848794023444872,1.0
0.5533465646807343,-1.371578757469488,-0.6363945454628666,-1.6445769266717252,-1.5657608429276189,-0.4659754426910522,1.0
-0.7336880416264987,-0.1603468477214891,-1.6329278557251745,-0.1357942576161939,-1.5275721801226243,-0.4972228196823148,1.0
0.9357106995494419,-0.4319554333123564,-0.6885390486403964,-1.0807664880320824,-0.599526493818187,1.661099524113873,1.0
1.0112776501235057,0.8981233282504416,-2.180010787912207,1.9429696763173412,-1.0062036560588588,-0.9361977645538067,0.0
1.0343333034612932,0.9316142193831022,0.9342998555964119,-0.6118488852747044,-0.8648102766950548,0.43183711030574423,0.0
-0.6571641717535964,0.23485213039597097,-0.740098087503768,0.9841491079396087,1.0088595970800904,-1.7504830235536686,1.0
1.7822567747211235,-0.4276320793921087,0.4877378699535979,0.9730198413566701,1.6697610564484602,-1.4927206373672905,0.0
1.4250304623195384,-1.17026797132003,-1.0481465958988632,-0.2769723526211392,-0.07549508073768971,1.6197068296420802,1.0
-1.0191463833241028,1.5205618418715867,1.4291754458160988,-0.06976803033530432,0.9254921508794026,-0.519521158766892,0.0
-0.21384388074630817,1.3791797466779068,1.1039248450976946,0.3292307286992372,-0.46556921509323707,1.0865988035006886,0.0
0.06018574327810932,-0.7896116019487373,-1.7945612101621005,-0.9888266884355053,-0.2694603910087771,-2.402246862050625,1.0
2.0761734716074622,-1.0193837138530801,-0.11974845947164114,2.218518609563856,-0.4977981204495339,-1.3667339720187905,0.0
0.6033360644508596,-0.18533408380892202,-1.9218876185929865,-0.7138324231415629,-1.342598797064259,-0.4183097502020808,1.0
-0.9873358559578137,-1.0708661319219215,-0.7811720675914379,-1.0047122088225202,-1.3749078629771507,-0.977830957970494,1.0
1.0211810864061588,2.741622302691889,-2.6996943822901556,0.6884194014418517,-0.24883122132844768,-0.6351331746959136,0.0
1.3511362647210234,1.4263255437424398,1.0899605242678843,0.7162959984501552,0.07416945307913721,-0.0665548870201538,0.0
-1.0275060513611687,2.228023930084821,1.9824037902862952,0.3574856528025081,0.010150037221599677,-0.4448195973361997,0.0
-0.08866215009619657,0.8454587337509205,-1.0617622249063279,1.3004775512268227,-1.478715509438587,-1.8143829708145238,0.0
-1.2595755757389824,-1.457381341044429,-1.0392816980483917,-1.256291989026571,-0.5317608570837811,-0.14221038799053423,1.0
0.8732477503632584,1.3364445561830685,1.2834807175545269,3.027597065766135,0.047287028177752426,-0.2501203195069521,0.0
-0.41275877620223883,-1.8498480107500528,-1.425760714340492,0.5924839921523202,-0.06816631491472666,0.45732445764647767,1.0
0.3392162100699449,0.9234290950807742,-1.9238773290671045,2.135895586684944,0.19978511138953226,0.3066457517221814,0.0
1.4229858397026545,-1.1182188733437504,-2.2220148376640028,0.06262370211845425,0.10013807468332188,0.36931121969247555,1.0
1.6570238902294119,-1.3914939866884493,-0.5095890016409884,-1.3667205655597345,1.2795968356600576,-0.8099262837975469,1.0
0.4996080742070497,-0.3537580476001472,-1.5772324612553252,-1.0404699201298986,-0.2680962810982063,0.1052362637863032,1.0
0.4374731712901312,2.4376740420303893,1.9267400251775149,0.2864859123004837,-0.42020271455417246,1.867485194548278,0.0
0.8125413321161192,-0.2174467338751227,-1.5559685628242494,-0.46537521047918295,-1.7737505138092773,-1.0342382528738656,1.0
-0.10651208005952904,-1.3515285830182675,0.9430161790396427,-1.6688808365976349,0.035797326231647934,0.10055110950010684,1.0
0.07110912246439514,-1.6416185181674705,-1.3127664000359576,1.30219661550491,0.09630828869122249,-0.07006378308423868,1.0
-0.6406330107317081,0.7733082546530228,-0.25970862023487085,0.5221380230974028,-0.44135053625461096,-0.27835297213118865,0.0
-1.2897224827248341,1.7050550476852635,-2.386168045788613,1.5311061057736526,-1.1355391919219027,1.3976772337477288,0.0
0.23460924084541848,-1.2633923682601425,-1.630396097153798,0.45655573304484054,1.0925962243172616,-0.1453450219109532,1.0
0.27213781931662956,1.5076050288846692,0.8588614699558192,-1.1910967084515152,-0.36230028490882255,1.3903219508490643,0.0
-0.1314904432305892,-0.7517804645908436,-2.5589517313372143,-1.3638002416124237,0.00708434224250866,0.7374527777196724,1.0
-0.6819645945467414,2.198504687763884,-1.8557673568668762,0.5662477724480836,0.5392042341821967,0.9503864081252373,0.0
0.16995938094765636,-0.22420412624414787,-0.7256258330701064,-1.5511274557786194,-0.15018118940209213,1.0202568221899198,1.0
0.958146564267501,0.31172812713507914,-0.8702608345672365,-0.1864671635299544,0.35210520159853176,0.38288634924156245,1.0
-1.3042490520827246,-0.7460715163767276,-0.40625552867135784,1.598505255505656,-0.4484051733599315,-1.1451665569846026,1.0
-0.638552778239841,-1.7549290433009177,-1.1759921429694675,1.9574935783905896,-0.12910414631649497,-1.0565788578984756,1.0
1.5801128614874196,-0.7004338309757882,-0.45525391045689534,1.2260636276664796,-0.17825268017467485,-1.4477189805919448,1.0
-0.24972304004827092,-1.4798767261176942,1.0954404598043008,-2.14804440081015,0.01483968860678332,-0.5895377795373856,1.0
-0.23403773529452485,-0.7299668328695004,-2.2761945375343418,-1.3654079706440738,0.9070605071949787,0.8032414611040982,1.0
1.5775985828482906,1.0202953003285382,-1.3529886762320043,1.283205400503111,2.1456818696700126,-0.03447843036656136,0.0
0.15735487860581884,-2.1488663007614215,-1.0736409053527631,0.4911821435242425,-0.7121084354240771,-0.7563850148662006,1.0
0.4060462370985143,2.4623922421866418,-1.9930711157669583,0.5563399321408753,-0.2587829925279432,-0.28032937161700827,0.0
0.17158242293076229,-0.8485126526171927,-0.6261806683657356,-1.3802367326023766,0.060086361003219915,-0.030567888228861202,1.0
0.6959158213134498,1.4137476295864215,-1.8974327440678456,1.3825201956771211,-0.8563027447551778,0.8109329575871086,0.0
0.3509491707395302,3.495703152386202,-3.1825764921213864,0.5960949250776492,1.247445508461472,0.6837340540153192,0.0
-0.4755216208469466,-0.3462494425082878,0.39015299858782426,2.5679140240928895,-1.56399780909965,0.4545521579410379,0.0
0.7669903523998993,1.6273135749952559,1.2661882534388393,0.15486759265390104,0.8042445120003674,0.20911283478715564,0.0
-0.08302243050201365,0.964021726547295,0.9987388832009284,0.5406625142172832,0.3518843008717339,-0.3317424279593177,0.0
0.5225512275481526,1.1778572145633088,-2.231690428462004,2.0680775863084664,0.04325938840202057,0.4770775834361728,0.0
-1.1493107564138119,-2.2355749878134694,-1.2948072450587766,-1.0012838970611524,-1.6116313022245916,1.0368986479336468,1.0
1.4235387201011036,-1.9105158315342834,-1.3150042642760815,0.9179292346408388,0.15117881994362922,-0.7912548476578165,1.0
0.05258741297526959,1.2123543797830163,1.118956341034391,1.25146166109697,-0.37571598163306064,0.47232332650070485,0.0
-0.4376527153552924,-1.2778932050945468,-0.5529572349720427,-1.309541726490554,-1.3454640213256641,-1.5487998807290442,1.0
-1.8392767765256963,1.9018706232426699,1.345316744369586,0.13173396306047702,1.104524445995997,-1.0895857075356483,0.0
0.2502808230895331,0.07086109262081874,0.40206163753808255,1.4730007833077288,-3.073929841394751,1.5130530532477615,0.0
-0.25715620959425434,-1.2883846779608934,-2.1957163185901534,-0.5391624344333893,0.8656953953125848,0.9320765772972799,1.0
0.06468416666981935,-2.273616888870417,-0.028454519277566814,-1.44801061949762,0.7206646080394049,0.4904895392444524,1.0
0.345032833622321,-1.4445836934291587,-0.3576447623621012,1.3113524738242148,1.2056367531527117,0.5116025187439132,1.0
-0.4752458052425542,0.7964192239536667,-0.32350782836485203,1.7919768413288755,-0.07919640081302701,-0.019059324080457365,1.0
-1.7232778925131949,0.6120033780249394,0.9218946472124059,0.9471037709776395,-1.4224265859655851,0.6220653657661618,0.0
-0.3284279239942138,-0.808919003287599,0.12117495989498561,1.9061949910589155,0.17323575971447525,-1.449712389163636,0.0
-0.7841519985456017,0.9859631364547989,-0.9603830220005439,1.0558687689958985,-0.8835209230181853,0.5402567127771734,0.0
0.21319948705801223,-0.14342176390178318,0.9269916611261015,0.31587470621194,-0.05354887558761981,0.007095000891683005,0.0
0.6558582201554423,1.6419829438366529,-0.9106383469106367,0.36120515314667023,0.9140962907626865,-1.820028900079763,0.0
1.2120136758353834,0.8496958167544596,1.0948872951460271,0.5081516665358553,0.22834331713882303,-0.5299967380566943,0.0
0.27463642648918396,-0.33461684653819357,-1.6084563428946521,-0.02037337803184669,-0.5228139978142626,0.010964339092256033,1.0
0.0791751831031797,0.09254372639591635,-0.42809430663347203,1.3711436798331917,-0.9045442964585829,1.2984278210309388,0.0
-0.33427824102213277,-0.5677442358023911,-1.0617073901314367,-1.1118426391718925,-0.43203730782458694,1.4401249241108047,1.0
0.39468721455527567,0.37324094097193894,0.43302552524668325,0.3719029573644511,-0.7748489797833965,0.062363924658504606,0.0
-0.7940499256822726,-0.8389378443077643,-0.4723769715810545,-0.10904867004890983,0.7184617295942631,0.568114043320157,1.0
-0.550138587422727,-1.6252780597785246,-1.3198000236458363,-0.5996504665943909,-0.8049838915950905,-0.24125632286582754,1.0
-1.4647933353642035,1.2547843495578452,0.8567557278458502,0.8336743742564428,0.5353787582689565,1.3969759432389075,0.0
-0.08793017444783043,0.8901681604502247,-1.6600258937281258,0.9275257114071029,-1.6611949807945037,-1.7519274936629665,1.0
0.9336875552168545,-0.24960416283891806,-2.520385240661283,-0.07596081130062293,0.6660272425135916,0.6141064054243337,1.0
-0.8101558242084327,-0.3862364895081456,1.7307571744668122,0.09337969897881382,0.2687998008882897,-0.5839824227792887,0.0
-0.1370060831622521,-0.10432099585836019,0.4480220450334913,1.561834820093527,-0.2364527795171764,-1.2652199875739323,0.0
0.9463297529514954,1.2061819722773113,1.1033706694847352,0.2866897698168266,-0.009051894612643165,-0.8421915753214724,0.0
1.3436968368567668,2.220897717378182,1.8875036748982443,0.435892545537805,-0.32196243573614447,-0.30266468602587965,0.0
0.6704103226777692,0.6182386577292172,-1.6708138672334543,1.9940921025889684,0.26549535442969285,0.8605153735194819,0.0
1.3634497501346976,0.5796253037929902,-0.7231264681820232,1.134257315197549,1.0166567292389064,0.21254173508577207,0.0
0.04168237143249431,3.701132571449278,2.8347919701128887,-0.26746382037966887,-0.8183813048590258,-0.35253403582043547,0.0
0.2424695171563497,0.4366037284043467,0.1741677713459744,0.6291518060389452,0.44132727521147297,-1.2190959232228977,0.0
-0.24384149747052333,-0.32849402592269583,-2.6733528742309067,-0.5808071960515729,1.7451527246982956,-2.985503602746843,1.0
0.8709639934598836,1.8539118780960644,-0.4685670073256847,-0.3955733375977175,-0.876058316636195,-0.23722703521911706,0.0
-1.1675055033188766,-0.8508505190557146,-1.4210105202181675,-0.15563439569025006,0.27316697700218945,0.7296199745478212,1.0
-0.6527300085684437,-0.2997620684815434,-2.490506622272787,0.3175208738360973,0.3219861484885147,0.14912196667439642,1.0
0.16250662298473986,-3.1771403279771917,0.14085936528785603,1.66269070463618,-0.9732247003295142,-1.84465952398159,1.0
1.7813546040119286,0.7678094489982739,-1.9464142421958326,1.8219447956007646,-1.6949135542853446,0.029414350210222023,0.0
-1.6673113915107682,0.23860521914818578,-1.6848530421109054,2.344865564938535,0.04898660366471561,-0.9541096959707531,0.0
0.7526060377328053,-0.33490693499143953,0.17467888630230788,1.1044268757478877,-0.25512645570699327,-1.0730362472371326,1.0
0.3746041109413845,-1.0425367172893119,0.0556309744989385,-0.9317059298722483,-0.4856929139533196,0.428756415825754,1.0
-0.9047141999414307,-1.0939219913561014,0.5529277020719738,3.5268633855507,0.21339842735367484,0.23246401091267815,0.0
-0.1836399690399863,-0.4083458608322639,-0.953119802341654,-0.7108147379333908,-0.949431392896247,-0.6266089120641176,1.0
-0.6072691233686921,-0.8490759082543351,-1.27752166414275,1.4109300306363635,-0.7653767709831945,1.9472285890352765,1.0
-2.5002456977382694,-1.0145753706001837,-1.4457326667220638,-1.0984728440694083,1.198103901489137,-3.006543390870003,1.0
2.100780359995158,-0.9891379176722336,-1.9882180613107803,-1.0195180174216625,1.8486693321556917,0.4268307527042937,1.0
-0.6092589941301021,1.6249567936396814,0.7584468417391368,-0.8200504762439,-0.2857165698712249,-0.09248885361146858,0.0
-2.5690645966982295,0.558237306298675,-1.0636637999640186,1.6664450334449936,-2.872260679561959,0.07134095234560058,0.0
-0.20050373314611442,-2.3879032639670776,1.5127307860546937,-1.902496028274142,-0.01424992367812041,-1.745620046808628,1.0
2.275327875361177,-1.104910932085207,-1.4203404463614966,-1.1659081097818638,-0.3912746889844417,-1.1811559118572812,1.0
-0.15756405736322554,2.1950837559488843,1.7161705523654969,-0.8823186894684774,-0.48807787410531606,0.28130930050361763,0.0
0.2764332614067827,0.047000598354141054,-2.4888504999991046,0.21596071625096913,-1.1044931469856933,-1.503181971432461,1.0
-0.7072105000590932,-0.4723530911011087,0.17826475959985788,1.7396809827224533,0.3689528251731706,-0.20636802511507182,0.0
-0.8598452651292776,-0.20687690514840718,0.18288178506020092,1.9749103407037412,-0.7362288098968531,-2.6801075025202894,0.0
-1.0586642811768767,-1.114415709753885,-1.5256568950319134,0.6626272254318399,0.8154001279362875,0.33081079440605715,1.0
-0.8977892087783028,0.524259169682648,-2.359487269478445,0.02040190288421384,0.022157159182470652,0.13282168302764788,1.0
0.437080827962384,2.777728706347878,2.246719981951796,-0.5546310536315802,-0.23683370137841414,1.4726954966800885,0.0
1.2808280626122037,-1.263395980344152,-0.7247862213453251,-0.7803734110863343,-0.43929503642141654,-0.15901046093213686,1.0
0.056157630104508444,2.85115136501239,2.0912991086343733,-0.5191433788162294,1.0915567647240043,1.3316130006473457,0.0
-0.4414255652087322,-0.6064171627472987,-0.4316376491714369,1.8424524834903622,0.08066820670813737,-0.02147680316227746,1.0
1.7400532946621448,1.24655963706279,1.0820945794365553,0.22176324020016824,-0.799191224760978,0.7246955096198767,0.0
-1.2724546550598057,-1.8526741875821395,0.8550231367922843,2.6761834860696148,-1.0113678005314966,-0.6452782510933566,1.0
0.684833698492942,-0.5469382759764013,-0.7075715149074049,1.5931282598135876,0.7539016099439123,-0.07393186497055708,1.0
-0.30575871788157744,-1.139122119301449,0.09793977642332052,-1.4714818617149115,-0.6560309417502863,0.0637032445866179,1.0
-0.7949625363642033,0.8913271556657043,-1.7247014508881509,1.8808079143279768,-1.186072947438777,1.3120415950628892,0.0
-0.027138811036887884,-0.8374697479804238,0.5883074402803583,-1.519141408695144,0.24282587727620586,1.197145776268865,1.0
-0.6762560455562215,2.445872183330885,-2.2224948981633172,0.4641444586480258,0.10766318482940197,1.0549504007048072,0.0
-1.704082735360918,0.4407796012994072,-1.6306359594934206,0.4281309502228535,0.4674640183176446,-1.476980354200675,1.0
0.18103942809545676,-0.45287121045396583,-2.2504505902792955,-0.6266702864496763,-0.4904702934818241,-0.28621373979638853,1.0
0.24038774530595292,0.4228316567476882,0.6695902611644868,0.12098473125633225,-0.02462885487711438,-0.5485811013977852,0.0
-1.262744034924716,0.4791700611457633,0.5984500129867742,2.0587875302593455,1.2859309136302421,0.7319676021164616,0.0
2.0465307327997553,0.7199088082242366,-2.860025490315331,-0.5013169098997121,-0.7911726660979901,0.3725551722869897,1.0
0.10250944359005398,-1.1280979867875187,-1.503870509829844,-1.3513168291809008,-2.016798249243643,-0.06776578944616614,1.0
-0.9676480740415258,1.1048702879366519,0.8621066351849579,-0.41916791270980513,0.33211378302051797,-0.49458014858154337,0.0
-1.6841437251099878,-0.3036212865001504,0.1561449247590081,1.3472955687514598,-1.5751730310522791,2.1627864545162026,0.0
-0.1581976344014237,2.582379658193161,2.295424578006365,-1.2810220407082342,0.0741551218535431,0.7562827435138874,0.0
1.064349582262377,-1.1631825800214066,-1.2272560582099392,-0.8564581786585546,-6.669026559039734e-05,2.2420288153817607,1.0
-0.17954615077025196,0.5395549455446584,-1.7037322164181252,0.858548611799058,-1.7633346590279149,1.0972108880441922,1.0
-1.0421754142304025,1.4564881017455513,-1.321801971196173,0.9439187799131508,0.44892357569980607,-1.0857461896952583,0.0
-1.8381817052131757,1.3934581945929114,1.2707175611098875,0.4359846586589342,-2.423757601456992,-2.559284402167037,0.0
-1.956305529977037,1.9618283230751445,-3.5898957475129674,2.3278218348904627,-0.9264036461357511,-1.9377515986625207,0.0
0.07744707168032641,-1.6822213168648372,0.013801348483165832,-1.6240369430726116,-0.2605009982411824,0.9146619331789161,1.0
-1.0895377907261905,1.2251989823997853,-1.4945826240189493,1.302095133274868,-0.681385570768819,1.0345256618596232,0.0
-0.7904333806856416,-2.0144652832954253,-0.22363288028501094,3.4039350271213986,-1.7105654696114156,0.7858814931670016,1.0
-0.006511202415152567,0.6804444956628272,-0.22792148849532468,0.7064704553136746,-0.697312969874198,0.8050493646160195,0.0
0.9863017896537745,-0.7516138260521805,-0.06121968489139884,2.656608411871124,-1.2295100310129057,0.2308168377752365,0.0
-0.8025631764539963,1.1055684093326246,1.1016991082830803,1.0912835809681016,-0.6835645125618215,0.24691597340933918,0.0
-2.0034230425749353,-1.2859553478042307,-0.17502060877566694,1.522120427776298,-0.3876046430916048,0.9270066565325588,1.0
0.33272343223476814,1.6675720833825265,0.9712056079537654,-1.3340066340794063,0.4045467213262538,-0.9077232047494586,0.0
-1.3625449316690637,-1.161432445911121,-0.23534295121329596,-1.5759854492342424,-1.9947323605502043,0.9660048366124498,1.0
-0.4878850208226378,-0.770135431368205,-1.6478556264193163,0.8778313709737424,1.1308561768342251,-0.32385126555711224,1.0
-0.695669626030797,0.7659169546679232,0.7341327493182543,0.2911526358689218,1.1044953960068087,0.8145058024298586,0.0
0.897104611514472,1.2455703654322845,1.000866307516797,2.0224929933776385,-0.35363738879022305,0.06181288811472368,0.0
-0.8608130227063074,0.5188966996672648,-2.7780780994392282,3.086930443075795,0.5305476145488001,1.0732971316183986,0.0
-0.23034323024048756,-0.09468566364479436,0.05896232011020164,0.63087111917258,-2.0241063980104106,0.9467950325524365,0.0
0.4310824720615197,0.5710415341330033,0.8300945414267932,1.3367416257074827,0.4144553980915715,-0.2515920792658575,0.0
-0.9536517122634032,0.8798900531266184,0.9396127831862918,1.5621016106439862,-0.6705729173585733,-0.3524186920966093,0.0
-1.0045272595392107,-0.5192231968253956,-1.3026694069870752,-0.9411191078640835,0.27119338381614094,0.6367717408380877,1.0
0.12743542334213478,0.9466735655405367,0.9976210317645079,-0.11938533142978036,1.4350435540704427,-0.1519042095909761,0.0
1.4612055368184946,-0.6377287483740883,-2.0868057039945227,-0.4785871081560503,-1.9146516774015139,-0.6734874335397307,1.0
-0.11679693179667702,-0.23571575900137098,0.3912469021659213,1.546630299794939,-0.6400712594427435,-0.619803612422162,0.0
-1.519286813790294,-0.8171143241533465,-1.2709174657661029,-0.9282686352930428,1.1159982999903761,0.15453870843737708,1.0
-0.8674129312556813,0.13035240512521162,0.44337866993347774,1.6995876733444895,0.9290815584931543,-0.09669906093204107,0.0
0.642962114604574,1.2714499542533966,-0.15326545318391982,-0.11795455394144083,0.5444539434133003,1.831951659148118,0.0
-1.1188074367661798,-1.4513541635102816,-1.04512399967487,0.7884608850041185,-0.24071560472028802,-0.5366204987850945,1.0
-0.6182350369185314,-0.5549012992474889,-1.357290836090343,0.4063738863451043,1.8676546166293584,-0.12785824862497358,1.0
-1.2454304460753591,0.6807490885008521,-0.5190210862500605,0.9989768809855372,-1.4191734072083326,-0.38632229085415987,0.0
0.3206622276706859,-1.4651295860791218,-0.7346574537234584,-0.4278499879659363,1.046948848014654,0.6730075884708766,1.0
-0.3965137879662387,-0.6095313355802879,-0.8220245759920431,1.276010243032665,0.6989079615236268,-0.40219165774256865,1.0
-1.5348373912801156,-0.6287520679724729,-0.6102948607775742,-1.04446404396549,0.37452779196670605,0.6563459362963404,1.0
1.6900125752628143,-0.7895164456070265,-0.37270221209685306,1.597966583034747,-0.01170211852378342,-1.712224534483661,1.0
-1.3445869218241697,-0.1644727684414038,-1.9142934089290224,-0.26279183043323096,0.013251356708945975,-1.2676490156955835,1.0
0.35899602002693476,-0.81383655919434,-0.6352020064662975,-1.3419222096800443,-0.5112374960458889,0.20644639363453574,1.0
-0.20244086493247349,0.19400362000128668,-1.82229914832671,-0.5811301240979545,1.3760421951760071,-0.9265360195523068,1.0
0.43344608214689956,-1.3343917357356614,-1.3993162870920608,-0.5147990873762007,1.561195536495357,-2.0429838403265035,1.0
0.2623185673680253,0.005320349490441689,-0.4988549443116084,1.5856168686609902,0.36631593790183337,-0.20166037478512594,0.0
0.9742115929926807,2.489477635199251,-3.660233277599078,2.074667679745337,0.02587204289239986,-1.78655388746122,0.0
0.5126446807282742,0.9017481580262235,-1.0478229221254654,1.1850105860231783,-0.46162360313290546,0.02645431422861946,0.0
1.0778208505433966,0.8594532527734529,-0.6223010913274933,2.285550740907355,0.2766310514195207,0.03401183741662136,1.0
-1.5483541484976147,-1.6347829485087004,-0.5718684438196541,-1.2227515114723713,0.6303973676534356,1.4329006970673577,1.0
0.6657079404336795,1.1100727536055546,0.895369658339902,0.4740573276600668,1.0716998110346487,-0.6991573201395472,0.0
1.0559719093702862,-1.4806607592101124,0.9032420338081595,-1.6817517101220623,2.241284686002702,-0.1610684356626531,1.0
-0.11603776137077003,-2.466504384888795,-0.44798017678287405,1.338680117105839,-1.6024527420468755,0.5217095681967586,1.0
0.7762892039244736,-1.0022328154182074,-0.17848264513669143,2.293147521309198,0.5089754027561469,-1.7215573719415092,0.0
0.7558950581541729,-0.5313246044637198,-1.3685746373133563,-0.31959483192228544,-0.4238112730111463,-0.48656438925336304,0.0
1.2554536284883522,-2.318358321307607,-0.8384874316320549,1.3514711599493408,-0.45678317470138535,-1.0562763300410931,1.0
0.5197145000100011,1.0809972369176726,1.2951968022946623,1.3973644278044404,-2.7083294775131606,-1.0734933277195597,0.0
2.096689672347974,0.06453741803916169,0.6654888888942667,1.7504436664876346,-0.40965064856212646,0.48639974158216065,0.0
-0.3608017889661793,-0.6056407732756451,-2.015921099430038,1.3181261328379605,0.893445188190157,1.4981283225818305,1.0
0.008203710948067012,1.4193188441943967,1.0115612476881726,-0.17192959210389547,-0.6008591594752418,-0.19795006971169593,0.0
0.14637032133020592,1.186101246293169,-1.8817321049309546,1.7300498796024386,1.5646164892350736,-0.8141617679412977,0.0
-0.4605940564630072,-3.022490961255383,-0.8577228443556975,1.6532536619381193,-1.104846405349264,-0.6285874665130171,1.0
1.5038893739589312,-0.6229530126589387,0.020578385959106438,1.5655614544609229,-1.0259025136169437,-0.4884196903073464,0.0
-0.37470043727772334,-1.4402342179186012,-0.21459108571133556,0.7594430073249059,-1.1243775424338351,-0.17262926224569122,1.0
-0.5259276832805141,-1.0378406866945433,-2.643288964294637,-1.4327451805038,0.24078907327348373,0.7567568534046307,1.0
-0.3437667681706856,-1.2946482809076276,0.27070852562976766,-0.6086134080672225,1.1560573882488008,0.10289251827021008,1.0
-1.4173613025856833,0.782285092095807,1.0288470297852723,0.7553436059068969,-0.12222151271123943,-0.5975018822807014,0.0
1.2388656122221808,-1.1207263988086187,-0.9180622671562799,0.662893718348504,0.038299858090332185,0.4152161606393767,1.0
-0.8123296451205052,-0.7559148009863834,-1.0079035832402923,0.4443193624515389,0.5424293506919872,-0.0939244412590657,1.0
1.1706843971548222,1.4249664930500443,1.266430288650489,1.2087555236924041,-1.9125169190140798,0.9771920700378992,0.0
-1.2922406139770122,-0.050389964040488344,-0.799508902802641,1.842098861434436,-1.3933726237869435,-0.8166026983141951,0.0
-0.06928368264034208,1.7770176734860963,1.5027034958417236,0.2998779887626878,0.12126254100446275,-0.2668353810829788,0.0
1.5223746679669599,-0.16405747611517485,-1.86664278901184,-0.4477681671375189,-0.6277205319557303,-0.9109502800300552,1.0
0.8402102310209966,0.5697208437673492,-1.3757202024151782,1.7610115046748647,-0.7944599601921629,0.5312607272552401,0.0
-0.6969665874813092,-0.5078063048332844,-1.5139309347226875,-0.49568799438493527,-0.09649428098364735,0.38701992451309447,1.0
-1.5713427981122479,-0.8190190394533904,-1.3058505051220097,-1.2834758229181178,-0.6064914850139996,-0.5732245309028108,1.0
0.879159071425663,0.8961188950582895,-0.6022356868048317,-0.6472312614405848,-1.8923783984462414,0.738213562216667,1.0
-0.565289181360596,2.223864212423714,-1.1102002308109673,-0.36890270201783504,-0.26648942965938904,-0.2908333382044547,0.0
1.1993597941949283,1.6710599686593408,1.3318436566179483,0.29153971864518025,-0.4975571600496248,0.36750484322485755,0.0
-0.2139617547608097,-1.4676578529471087,-0.07333075789972421,-0.666996350710397,-0.30925766262947674,-0.5375641915637875,1.0
-1.1445174374174532,2.5940433485100645,1.8504247200220707,-0.10284045424025146,0.3438546499806756,2.5990703567274505,0.0
0.8314628290423987,0.15525991074185264,-0.9335567763209452,0.7326107444906469,-0.6041459492134301,0.03156840434299752,1.0
-1.2012485576760246,1.3515702478004545,-2.1450838596445254,1.7094088228433404,-0.5096390442535911,-0.28828496108058377,0.0
0.6878441090311035,2.658101925741356,1.89557938259559,0.7753011844727442,-0.877233394555531,-0.3560429597472355,0.0
-0.49839057252822,-0.6329243075411844,0.3914780563744318,-0.8489648656737245,-1.4020635285998613,0.6138413484285186,1.0
-1.0399225040568905,2.26736215151083,1.6812351978254145,0.48505373166313126,-0.09251487901821216,-0.009732918142376628,0.0
-0.7753080552926545,0.08568082519039766,0.5508720101396376,1.210251450263241,1.0381890721790084,0.34447745129726587,0.0
-0.09495628753250306,0.9699650170043304,0.826682505180841,0.4532668624623999,0.38268699220892205,-1.0374343350632036,0.0
1.4827838796175306,-0.5025119070170188,-2.29135130321594,-0.011494541882778542,-1.3255624629361134,-0.25812080536708437,1.0
0.7216376138724709,0.3702421237369612,-1.299709540068215,2.020504681900524,-0.7799357561309994,-1.1092842310466846,0.0
0.05049381847223985,-0.36694916482841067,-0.7997357942538182,1.5446955143838632,-0.05226905801647105,-0.5985155847320778,1.0
-0.1504141253625806,-0.7206680643665606,0.01931603557459205,-1.8739732187464258,-0.8280575481081053,-2.0060613795126803,1.0
-0.3890000605634993,0.10397817366683215,1.0617110501749467,0.313702508988273,0.9284835277992874,-0.466457599813356,0.0
0.2001024653895204,-2.5083982318035316,-0.0067284979599856465,1.6686206926770368,2.707701153014465,1.6258938082176264,1.0
0.057653423797888424,0.9533575935922696,-1.049599556740391,1.1489046310645625,-0.874624878075935,-0.4102692465726171,0.0
-0.202313476017872,1.1658675575386797,-0.5225249366025893,0.5111085812252343,-1.2533840523801014,-0.48386342506442276,0.0
-1.5470592726525298,2.323803661789573,-2.7993252187923723,1.301954865144987,0.6896136261597328,0.6806694455734903,0.0
-0.3246115343269762,-0.47194842835251793,-0.6254681989461073,1.254522507918297,0.49814347781437446,-0.0814651857479695,1.0
0.5500258696485179,-2.087003751772384,0.4717025127094989,-2.0818745215972356,-0.4312857889608587,-1.1357393623729055,1.0
-0.3221286712338726,-0.13777653565650883,-1.1504987540102913,-1.1888224292476404,1.6704181984072055,-1.0156115221494515,1.0
0.4340019544680619,-1.1564944862244877,-0.03227688558288211,-1.2029910319618256,1.3906852991792344,0.5895564808372071,1.0
0.09178999004117057,1.843790053339834,-1.241314807303644,0.397979280517762,0.5091908046562791,-0.08685938761467385,0.0
-0.26995757173754453,-1.5028130138004214,-0.06982241959740654,1.8319498738197582,-0.7569487370660577,-2.4815823953777274,1.0
-0.2347036152505047,-0.7853429585556417,-0.7513750796293855,-0.8633668260100111,-0.8509799538673397,0.9564623540293771,1.0
-1.4363187400497626,0.45060756025278437,0.5525131101783192,0.16653017849288776,0.01639241748665146,1.710348521312409,0.0
-0.733035764093739,-2.672593537891906,-0.1373678188367239,-2.2103838891655387,-0.10800862194480061,-0.35445530196569514,1.0
-1.1296019934060586,-2.0009899699856675,-1.2379947760364478,0.9298309761854976,-0.6292403271404216,0.46717920931577345,1.0
-0.5179799385129688,1.9856926542151951,1.6802069205662493,0.39534421237219064,2.325804227357298,1.0620706004046943,0.0
-1.2279551289301966,-1.1624124169596308,-0.4805680739316984,-0.8642266925789402,1.5058814540765342,0.4993591914972074,1.0
1.8488496607195712,-1.585194568282736,-1.8787932824667752,-0.410653169662587,2.0503163267400693,0.8974638874567821,1.0
0.33141085288577543,-0.948347436534918,-0.3329079584400151,1.904150336325091,-1.242533166314913,2.5192982750271535,1.0
-1.602977726659478,-0.47858001196816247,0.6505130619148884,0.8347313082107929,0.6864626726578809,0.319567233337897,0.0
-0.7971267889574224,-0.984319613466393,-0.03560666630695564,2.282678757136523,-0.6856235793882988,1.3068729793996152,0.0
-1.053257012010058,1.798247945065182,1.6394696913289912,0.5567082975873607,-0.048297273001699746,-0.7401208850522324,0.0
-0.016212904639000953,0.5657291447713536,-1.3373307655508002,1.5252893835877157,-1.080316746721897,-0.5760133164524207,0.0
-0.3793453296186898,-0.8402185800680945,-0.636639756396651,1.6366733834047538,-1.3084793006066728,0.4878197700100715,1.0
0.2474228871231602,-0.6430032066995033,-0.8281688275964045,-1.0373052743545288,-1.0539992011921735,0.40478130823771347,1.0
0.5688911577827629,1.008192469106025,-1.384400140557657,1.4511518967627905,-0.6839052807770407,0.8828008629483961,0.0
-0.2107971416485454,0.6060837907453349,0.621003733903905,2.051986803382475,-0.8998335235614637,-0.6554588127083004,0.0
-0.31480668756076197,-0.32945483408416654,1.111586909143118,0.542721119820868,0.15434170164487063,0.07368454992044171,0.0
-0.9152513914614396,0.946584088627174,-0.4233100681519806,0.6806225616744828,0.7197419966973608,-1.8171432062734052,0.0
-0.08736810659711555,2.4562009545700088,1.8011698818032915,-0.4303138504747195,-1.3773404235938675,-0.4509443083980663,0.0
0.21187451468868115,-2.605643063636053,-0.8683309078903325,1.5548429678395488,0.047946179776172805,1.929984748860728,1.0
0.9253347455391675,1.594032615513085,1.3401519793272518,0.8927090821222993,-0.19318053803308993,-0.1465165473766296,0.0
0.5520656497812579,0.9898905606592244,-1.7936800526765122,1.8107235561715374,-0.19286789641911128,0.5922832544698754,0.0
1.077421037448941,-0.021538970745722197,-1.346403315263741,-0.3840353053394737,0.52240339173562,1.2636829128720135,1.0
0.9985445308573111,-0.4401522272872971,-0.2959755329220499,1.363520073250183,-1.2656437209894855,-0.11521760925862332,1.0
1.19835567572172,-1.1607680810615073,-0.22671879650340732,-1.3324982122479865,0.6785739511730192,0.8632035764499462,1.0
1.3276046157961194,1.2419286933404474,1.2398073650238604,-0.4562019777925812,0.40001978409505934,0.4358971887827197,0.0
1.5531239154337462,-0.7333110917376409,-2.030291575988998,0.7991751751851721,0.7007493499765037,0.09712802930508091,1.0
-0.6457237008622542,-0.9063049979163338,-2.21056331303246,-0.8909330995076019,1.2530356447633935,-0.2498978146289532,1.0
2.002793320179331,1.8793698147708602,1.6165556284879556,1.063731521475512,-0.3983118079994298,0.09050202398123192,0.0
0.04117588846141501,0.9362239652944626,0.8404463973012111,-0.5624504867400633,-1.1955024250224011,-1.2119097847752816,0.0
-0.008464347318311775,-0.2746711782460287,-1.3692378810974082,0.7763404169580139,-1.050061470386759,-0.20076464992477983,1.0
0.7914840254183181,-0.6426054105938005,-1.8422288863729013,-0.6100506340949652,0.6034641851316765,-0.2708734923781911,1.0
-1.1004080985557587,1.2201417795395506,-0.04795802069066146,-0.029204761917741795,0.0060173123843186085,0.12996287947730595,0.0
1.2686801015946372,-0.15524380804168736,0.3231996731247453,1.0114798414228507,-0.64259191103769,0.684008273973303,0.0
-2.1720942130850664,-1.8456254926292825,-0.6717604481075531,1.459841326885004,-1.5770714720973849,0.3021389217227294,1.0
0.5687039298387753,1.9407182386713662,-2.6545056467162222,1.5357260076051293,-1.5172351760191174,-0.5578656769025677,0.0
0.4095834915550792,0.10931538185965284,0.6066710839216486,0.7173234596368375,-0.29517164632278314,-0.5930907324897379,0.0
0.6057384770049488,-0.7622700183963789,-1.9277609278875083,0.2565264870804296,0.6383630675918989,-0.7250219053434667,1.0
0.20076231215007495,-0.053417541007807046,-0.10273935549334323,1.3332326924449407,0.4302550595132962,1.9357431662520932,0.0
0.4685483760495156,0.06708730774630933,0.41621765756640294,1.4580989060711302,0.94669244557458,1.250851093253046,0.0
-0.09892905616669623,1.1696468306506709,1.1434234659812756,0.9958531488049185,-0.6366594895684441,-0.49597464587735246,0.0
0.2978738734629736,-0.6873774627765117,-0.6464596312463575,1.7723760455522541,-1.3991389699659909,0.9080136142530559,1.0
-0.506917510442424,-0.14427748671875085,-0.13965536608649964,1.9864040616115737,-1.0889077460901475,-0.6313468443248512,1.0
0.4936667844017288,-0.05656064653436488,-0.6709736161012512,1.7291830982661303,1.1664704765531635,1.727741799715764,0.0
-0.29581426562422214,0.6160365837356458,0.4602384376616132,1.226321837069137,0.5617912996901292,-1.8597112464930938,0.0
0.20091419812517655,1.428973989380418,1.0847690083267612,1.456250337239713,0.4939609290948165,0.006253502346341702,0.0
0.16196094025253968,-1.6655766233613902,-0.8359136065121056,-1.4253330881064967,0.9554168289480756,1.0679295937068176,1.0
0.03573087957463848,-0.6715595023025482,-0.7883660278696705,2.062051415634707,-1.9358323681240281,-0.5882241084685452,1.0
-0.25478937679558883,-0.035645851501989956,-2.751927276501369,-0.5624340006789448,-1.3532004626244827,-1.87688061467887,1.0
-0.594754380420811,1.8997411703091602,-2.529697275772969,1.37976707999388,0.16409460395503958,0.13692373067610833,0.0
-0.24955175939632068,-2.4736165970178905,0.2489654879464227,-2.747181370678424,0.38902970677520293,-0.17658393333929043,1.0
0.9184655183068814,-1.0817067644722884,-0.4792161439027073,-1.234348427743555,-0.3893298315781335,1.495112175660166,1.0
0.21091594660530616,0.07659640946576374,0.4866301934854368,1.368384713146639,0.22192305183150943,0.02017804641546345,0.0
1.5531057988646602,0.0598248905794021,0.7907484064836916,0.6132686906830287,0.6575450805459405,-0.003266924838780259,0.0
0.46206386171155367,0.028208657319190866,-1.0493166182366258,-0.7414951686958449,-0.7192449786870246,-0.38379626931316796,1.0
-1.231383036560197,-0.07495337769438104,-1.1853062278579078,0.6715561470431332,0.5545437860270632,-0.4279705143582451,1.0
-0.7124960990367898,2.953003382762817,-1.925766423566177,-0.23076372854975302,1.8290746631499457,0.21663085829799303,0.0
1.3425381008538297,-0.2817561271528699,-3.259532901621208,-1.1629592810401075,-0.4625124299059696,-0.6218076257146672,1.0
0.39260380854892085,1.2018567664875095,-2.045738771655709,1.6877603187489911,-0.40645018826481694,-1.1592847395588173,0.0
2.1940606045370448,-0.8583589441052455,-1.473064316479598,-0.9383793211191562,2.171359397368036,0.23659414667108977,1.0
-0.6220438608826923,1.1240869139959675,1.088302158957732,-0.5447180232183206,0.32939798178897406,-0.07827896176653612,0.0
-2.0762514108827475,2.6930286957306215,2.0762159131902322,0.7348157585735853,-0.5711662115964126,1.5763467061587244,0.0
-1.676732951247844,-0.3226403490277234,0.4351407590585481,2.2486224154399146,0.014071884030790401,1.1146057114440389,0.0
0.05906203259028877,-0.5527316634056456,0.21301734569331598,2.072843004345704,1.4946151276362956,0.7911949229275425,0.0
1.1983290912430469,0.18520038264114858,0.594209048501658,2.2878208608319675,-2.5991236102652246,0.7798328582218907,0.0
1.1255414947806015,-2.4064887420832464,0.13807311251910614,2.0726201562703848,0.7857803252629869,-0.8650865297765392,1.0
1.2488588088212498,1.2350002021717974,1.5392223597180494,2.3477590476560035,-0.5287169643887186,-1.3925128401188849,0.0
1.4292407156249989,2.217549232852985,1.8333867073251247,0.43314297471323104,-0.04095639555307458,0.3834877781000086,0.0
-0.18742158823597221,-1.3383690354223852,-0.24087263859965213,-1.3377465316505328,-0.8614077689588956,-0.42767480255330853,1.0
0.34755666035904453,1.2904741388601235,0.9657936205026736,0.8741701593300771,0.17079944616748485,0.11790791631902336,0.0
-1.4028247199331516,0.07943147250496208,-1.7647177436341959,2.810319943971061,2.1052220536853707,0.24350819364091686,0.0
-0.9968241516217733,2.173156517644476,2.0401017223173046,-0.22324531335976405,0.3795280488549758,0.3772281364027682,0.0
0.6676704597847998,1.0983565662208388,-1.8192747433275147,1.6882052042451083,1.708248639740067,-0.34718385627916876,0.0
0.34240439420219754,1.2729144987564203,1.310237841755764,1.171816629947707,-0.39580074193765,-1.027979200512985,0.0
-0.9819127044064018,-0.6261757129463665,1.402025596176879,0.6118822694954988,0.6938650159428739,-0.3709993894950996,0.0
-1.1343670453301082,-1.5329617469195624,-2.1192234690642393,0.2881313795695193,0.02602972782471164,-0.7647657025770647,1.0
-0.7992700756908766,0.1960382333617614,-2.4534113544977494,-1.2183155954512221,-0.01628277087430539,1.299213917272457,1.0
-1.158411095812761,1.3731966872474946,1.2324848294709068,0.8995716954416233,0.8950486019382895,-1.2151085786451463,0.0
0.6722445417845662,-2.2599845332532515,-1.0884349187589393,-1.498574927819019,-0.03249430416587238,-0.40412423697531935,1.0
-1.0946604728215839,-0.47824735265297114,-2.0018741012336063,-0.1413139648437125,-2.998608276474723,-0.5833019190412476,1.0
0.09956437861507132,-1.3596288885421437,-0.7716421908084077,2.6964508245692866,0.4120917980745831,-0.23993709877250324,1.0
-0.7606439681812397,-0.08524289171941679,-1.893920128624051,2.422762380167929,0.08395560801620171,0.7227296800189685,0.0
0.5584335085889796,-2.149210392537678,-1.1048551302525214,0.37800971237093095,1.7873307800245128,0.8892049337901562,1.0
-0.7927914334796065,-1.9230656209117751,-1.1013760197711286,-1.3428729713112693,1.376479860554639,-0.6897131079616086,1.0
1.4287724710625056,0.9699270242520476,-1.1953925804786354,1.2473664523961394,1.4770097647876763,1.098485002903991,0.0
-1.414276521610022,1.1883160067988503,-0.9513229643030281,0.9178054818355954,0.1297296738130167,0.5069504023142826,0.0
-1.302344666624212,-0.8587532430870756,0.05197977723593272,-0.7125354163228996,-0.25734884320513735,-0.9200521598421215,1.0
0.20139346522551016,-0.37176680377805216,-1.1925148623009916,-0.34332919915186677,-1.2291725167363503,0.024659281446240397,1.0
0.32973925149897537,1.7047596171832462,-0.6589241351114448,-0.08278599800365494,2.3104030717232407,1.0164268910407255,0.0
-1.3425217139495087,-1.3633736460494714,1.3681113695393563,-1.7122769119991537,0.638328298616265,-0.41227081769522095,1.0
-0.6364606075383555,-1.0820537147417921,0.40939316786484414,-1.2179010106069486,0.9082741402568929,0.56220488074957,1.0
-0.017259989648398477,2.821924894984547,-1.8988914925120373,0.049303923285889395,0.09838702323559038,-1.8878171505395231,0.0
1.9908245175990316,-0.7579477867444435,-1.1055330564898256,2.280187626054276,-1.7155276593381446,1.1735651643580105,1.0
0.7903759932019342,-0.4461852434869218,-0.9970234102180158,1.3013594180514771,0.4495479349105226,0.2638032568643627,1.0
0.7578998112679766,-2.1174273077789136,-0.9762183693677421,1.1528274592148535,1.6179784717193033,0.11901268885227571,1.0
1.3825848877226974,0.4187340550044001,-0.8109023214704931,1.4105131026815303,-0.10255800075031488,1.2216867994970901,0.0
0.447047915280863,2.9906260637363977,-3.849294144817983,1.6908895313967807,-0.45541932508751326,-0.6573457861839315,0.0
1.1312741033914506,-2.0298911115137397,0.4295301024308358,-2.255081794264935,-1.0947847128401478,0.8648141867710616,1.0
1.1602876296738345,-0.6473863971425541,-1.3107231758548292,-1.0004381055442992,0.8364560191268601,-1.4574585074923663,1.0
2.1907913616530363,0.062110027744555096,0.7887894182067368,0.42402911661945775,0.299686325598269,-0.8378036170676086,0.0
1.4133906593201253,-0.439305530596954,-0.7577067610153949,1.3321316199741027,0.20956889996295014,1.0494944001871906,1.0
0.08979560853746454,2.6205165690999044,-3.1512479735195824,1.0828374402243284,-0.5988155549367726,0.4200003922263612,0.0
-0.4112318052114998,-0.6875563871198366,-1.9412191641847407,-1.015916890961576,-0.7327847787361725,1.7765642660816365,1.0
1.7390909739621292,1.6267128625518952,-1.8382865152967773,1.2254105184321202,0.3463021616422528,0.979782361061338,0.0
-0.0047998903021886676,-0.9612871653174397,-1.2551073304675158,0.44570366811109574,-0.8451667839414092,0.860925004898492,1.0
0.2408510416142614,-1.1204798003145238,-0.9554949840971433,-1.41316044966963,-2.0432707934713,-0.3731577531384979,1.0
-1.0829754215628453,2.6186423413390902,-1.79362106364896,0.23109919966626502,-0.38730571432276933,0.479370522721351,0.0
0.6376441951174232,-1.9600544085127698,-0.6044984858574654,1.0363031567269032,0.6723130796488467,-0.06501082815343309,1.0
1.8512891762787986,0.3439719365582612,-1.8199161611587775,-0.6012875813911386,-0.3573729834749826,0.5435286955237771,1.0
0.5995149015243456,-0.4674303846635781,-1.5612449000177344,-0.9991605774555432,1.4459754210435531,-0.8395185832325053,1.0
-1.6717629947248032,0.19558957309842318,-1.492910523246739,2.339475217731012,0.8661033849093397,1.184798651479319,0.0
0.4524490797008097,0.13226725889373148,-3.0228875255556504,-0.6210940434357455,0.8264941512448924,-0.34388060176495233,1.0
0.5259402666602065,2.188464149503945,-3.928698573195028,2.429038611332246,0.5590752333514906,1.2661886553357096,0.0
-0.31648909259625174,-0.6074403509685534,-1.2392757653425719,-0.5981551241681341,0.933169805177391,-0.888160037981983,1.0
-1.215425089719531,1.8085874029120315,-0.7702287943859123,0.13516735238841082,-0.49866847759965116,-0.6030189226681647,0.0
-0.84747871656773,-1.1286913669460115,-0.8546769870309383,0.6567086127435853,0.9407603107812632,0.39741842488610574,1.0
0.20518798512465147,-0.9270705665535373,-0.5957980142342995,1.467603594974148,1.2774264620500013,1.0307414879380434,1.0
0.02865328451044503,-0.41813138179667897,-0.6363820146296639,1.3837671398629574,0.6894046869545893,0.2280272809965225,1.0
1.8060033922353516,-0.42493859073794327,-0.3241942118113157,1.689510190740961,1.4819662858159037,0.4594675049488581,1.0
-2.003537080282242,-1.548501293075518,-2.092081451299955,-1.0211464878317484,0.5377731674297187,-2.5883118222412884,1.0
-1.7060301567612517,-1.3247179026627691,-1.5811974340367716,-0.2561582885412981,1.7057410327385139,-1.1440611144872224,1.0
1.1820130819882286,0.3762982525047496,0.5257449463752764,2.4007363512509734,0.9450450915692044,-0.09606661885630688,0.0
0.8151682182032235,0.798284949557946,-2.546705339727609,2.608351980347095,-1.2064356839979302,-0.2540169329577911,0.0
0.578479614027793,-0.7766932697641793,-2.9457193752377338,-1.0941283445549734,0.7511367144723697,1.9867851601048323,1.0
1.1736669291212838,0.6606144695065351,0.5389226710461414,0.6925928264703978,0.7344608875449955,-0.43930743085789065,0.0
-0.6963959623771392,-0.8871432988873943,-0.7636234005222253,1.860049341723177,-1.1207707839040457,-0.7323551047409651,1.0
-1.1356790554032523,1.171906633579371,-1.2530310636065471,1.0002956996048136,0.021239004434743657,-0.5880446632916183,0.0
0.7181040144784896,-1.4530000359937332,0.14956494579300017,2.203157770201943,0.4569708163885289,0.17224336602894424,1.0
-0.46935203260089087,0.14885791656366076,0.517272783388,0.8305738124642558,0.8155245111406207,-1.470223532333997,0.0
-0.22459629907378104,-0.11106789295442665,0.11202354398275105,-0.7267641162295471,0.3435703005179575,-0.18969124757661504,1.0
0.8782875576310707,-0.07911760800693257,-2.469156287921706,-0.6496945378396233,1.0933811210195032,-0.10082140303858778,1.0
0.5069817275304751,-0.22045572840924443,-1.7974961076238896,-0.988546746639583,1.7566644467154648,2.6137578239001256,1.0
-0.5277787884906024,2.0834362237757373,1.7381378436582768,2.3596797912817316,-0.11500472884942627,-1.082857218573425,0.0
0.16873636613260742,2.6773743727764625,2.1714584885015005,-0.1409591596333124,-0.7586841903558439,1.5565126172718042,0.0
-1.5965276239525004,1.723223146937266,-2.043741174292556,1.1480343726648305,-0.7315341994459269,-1.3874979400484035,0.0
-0.29400086176539286,-1.618284145994148,-1.2579181422637276,0.869730494795177,-0.3224036309882889,0.20076507865387097,1.0
0.16851284122557975,-1.230415436607208,0.6258859768933072,-1.0075724188304696,-0.6772232744621417,1.4866834582198332,1.0
-2.2886515910631937,-1.1595211597135506,-2.881796286809583,-0.32284609780523965,-0.917212764810114,0.06692862202126093,1.0
-0.7787725313046115,0.6742314385178703,0.9263210865022139,1.6112415044284907,-1.0260312608685132,1.4243932421363061,0.0
-0.8603199809064198,0.31187898834068806,0.43503885417072485,1.484559856710772,0.2663582932044224,-1.3838539063401794,0.0
1.1292757232486685,1.513966482886288,1.4689157247185207,0.7832468318954506,0.21580704605012724,0.1594766650433528,0.0
0.25149952568369854,1.9324771664439178,1.38494629721863,0.11141657826677864,-0.7601370960350068,-1.1925095741420801,0.0
-0.6148242344945344,-1.3125894480945317,-1.3361706804790574,1.4835109244916196,0.42078176652054416,0.8078514781243237,1.0
-0.7750632962283257,-0.5913155075336021,0.41760954727462885,1.4196581788732092,0.26831933410122244,-1.7252035663464853,0.0
-1.6143359972010305,-1.09526331117916,-0.5569084477417097,-1.7784909283830355,-0.3129038211555786,0.15602343129461424,1.0
-0.5978033985541059,-0.8200906159707222,0.9003063013978894,1.1363172166593807,1.7765629772408242,1.9816602599320272,0.0
0.15204633171352022,0.8064259951434551,0.5174468785403933,1.3187105345009305,0.8010787247843182,0.7163860661776172,0.0
-0.3667176393473486,-0.2767695955276972,-1.1560065404525612,1.6828116493444094,2.5064342716707686,0.9135902750030328,1.0
0.3519219412294179,1.13473810416429,-0.43661188025977127,0.2565209628493653,0.5167655852244517,0.5277216666712293,0.0
0.09872570888495681,1.8344055478932413,1.6130974794597004,0.03518339104100365,1.9050806843530252,-0.5965438843426494,0.0
-0.3986515171096156,0.6033195846053541,-0.17303432203977875,0.7056129317313551,0.3327643569391157,0.24000039309197463,0.0
1.9620283350287633,0.49002261930907076,-1.9922762983061624,2.391709245738947,1.4116529713574233,-0.3302422833706871,0.0
0.6477078585923469,-1.0544648871938413,-1.198955292144809,-0.7679950411879942,-1.200057080079928,-0.40453264412067635,1.0
-0.41956677892117855,-1.4085825290375864,0.2687634376105619,-1.2341716934173288,2.088501749487647,-0.2920897813664399,1.0
-1.5472161700309208,0.6841461231990045,-0.9962591945606831,1.2897318618117541,0.008984008490542929,-0.6071651703237139,0.0
-0.5429929846217946,-0.8760284375216632,-1.5571626342457399,3.4483265923480535,-1.2779296256237,0.11260106466767361,0.0
-0.43917954633695905,2.372278562681411,-1.7078792985938014,0.46329947359608137,1.1812998696911228,-0.60835534574494,0.0
0.7225047703213852,-0.9808879252251848,0.2612526091268219,-1.8415883681294676,-0.5976694294189594,-2.885007183293864,1.0
1.5423146807736074,1.956987143330025,1.4829686320335096,1.3121052623525635,-0.6466043961648663,-1.6120610415197283,0.0
-0.2222026628528226,-3.351423487560406,-1.5350564571590164,0.9103354427437564,-2.1659324504385142,-1.1887342438332067,1.0
0.10202468183444152,0.21099317469680412,-0.40838880718642623,2.469457232447498,-0.04469689299663507,0.3144640851985864,1.0
-1.2111652101017005,1.0124558827218908,1.0775501578212503,0.9068718103715917,0.1611564137614378,1.3709412451387117,0.0
0.025156049323090207,1.1386419750713928,1.3545311421114818,1.5731994983049036,1.2663402415295628,-0.6051943665167155,0.0
-0.3891494717346209,-0.2305674126900651,-2.0152789680868675,-0.65289739288581,-0.9704375790409144,-0.7023532632204854,1.0
-0.20804388219712944,-0.3617322800926882,-2.2568255605649394,0.2011177941720672,1.1591415994378589,-0.9298714818005064,1.0
0.003996410406282706,0.2395781825538491,0.40373496797282393,2.440094935442636,-0.5016030173576186,0.5668677168223453,0.0
-0.4287499407556186,0.1295767883590072,0.29374980980844345,3.24681567260121,-2.0320360066190215,1.009982095832197,0.0
-1.515277193108263,1.0743441477520548,0.9992050558362175,-0.7564426123660681,-0.3008159210440261,1.264489258628974,0.0
1.2490936957633378,-0.32521034885819056,0.16676483986563606,1.9264997120089158,-0.0274797516817307,-0.040366663732475945,0.0
0.6907996435951699,2.1168965123418197,1.6760269197522397,0.0853821497899645,0.7043135559077011,0.016829732627074726,0.0
-0.09554098994424065,-0.27308876975160135,-1.365434386677858,0.4701550060658205,0.29557865353286394,1.3825782825528747,1.0
0.5044385291084866,1.0801994873485068,-1.00016977165965,0.7610543464462649,-0.680017011751987,-0.053131398658865944,0.0
-1.8232635528413421,-0.4924126711330603,-0.35954361640735333,1.561943926178428,0.15492916058789738,1.0958438771898018,0.0
0.10145536121588303,1.9448679358776748,1.1261027982796663,-0.5425321527561824,0.8722172953643297,-0.06479533443456235,0.0
-0.04439080939339739,0.04922052754955497,-0.19904219912036392,1.8264843003519846,1.0364422745619823,-0.25023697175987963,1.0
1.1313610971684056,-1.0267606896944894,-2.136238909661264,-0.6577622751586205,-1.9805544278653608,1.4453635485327232,1.0
0.5770618778244746,-1.3464504417827194,-1.1865078169043493,0.7551957940733847,0.6265247186806543,-0.021740539746797877,1.0
0.6167612769284097,-0.3683253178469683,-1.0913662253997638,-0.01490928188522278,0.3890453577114223,-0.31867960463151274,1.0
-0.2868538679976986,0.5716585442462543,-2.413518901014911,2.383832085003859,-0.36790324162865523,-0.13583255691483137,0.0
-0.02137278416206855,1.6756098572862896,1.3658237641240287,0.11257426857716712,0.8363318588930752,0.15877778211637017,0.0
1.0836165593964404,0.8338972807866512,1.0764383323017592,1.1739826909703623,0.7850678495646705,-0.8463302349786549,0.0
0.27364298404553156,1.3145437660909602,-2.235538966385956,1.763439572719352,1.3651169179172145,0.5669267303861383,0.0
2.207425329282876,3.136901976773706,2.4339605508493025,-0.6595959229176702,0.08073032968662691,0.9243777341289594,0.0
0.4036716878725507,-0.8921508375231689,0.21420075890362567,2.7499110401207454,-0.07509804344218408,-0.5186283752742693,1.0
0.180099979554365,-1.824334616445587,0.7633695318371103,-1.4639206845580706,2.52906185914652,0.9172927354624788,1.0
2.9391766024690043,0.584347244262583,-0.4777832214348372,1.0511780136624052,-1.1227846222725673,-0.6785141713819349,0.0
0.8487656805431903,-1.2971127265381523,-1.9851363828651305,-1.2510221973330218,0.49839751892386613,1.8170579703389156,1.0
0.6139888657940581,-0.4034411740619933,-0.840962506140229,-1.5758580259503163,-1.7567078970584296,0.13379889589558036,1.0
0.1857439233336347,-1.230970514693954,-2.3645608250979584,-1.1332321246979697,0.546746555865462,-0.5898494380546987,1.0
0.5320805856156718,-1.3683286559266326,-1.2376185306835725,-0.14050902054782655,-0.30538848566996046,-0.4916563786375905,1.0
1.332452738751775,-1.4797856756183394,-1.4192132471204895,0.8821775186466769,0.6278934882689293,-0.6316810746806176,1.0
-1.7608360486348327,-1.8666754680211621,0.22602750833439078,1.3827336280872062,1.7852981059349502,2.902872464772796,1.0
0.3754016910548127,2.219890964596341,-2.7814601769893024,1.2478443552763387,0.8042702445029567,-1.3869603472231724,0.0
-1.2481942909602743,1.4595310025087955,-1.644177039672425,1.16737054512795,-0.2800671710677664,0.36572088184967866,0.0
2.0682117191226066,-2.0023390117972832,-1.3994400718434747,0.36865405396456885,0.4427812972345385,0.5303422178591377,1.0
1.570928508865802,-0.8344742328099126,-0.5370720856478117,-0.6036193149620063,-0.019760243041031286,2.0241762131048264,1.0
-0.1693217181637429,-0.13747809208679607,-1.194949660665147,1.9531855165487135,-0.30190490397713654,-0.2537461633067622,1.0
0.7779361168910531,-0.6230751715735648,-1.0708241869629949,-1.458826039725754,-0.16429840556183364,-2.1120734215038346,1.0
1.7363793388453992,-0.9974511802364728,-1.2680606012811961,-0.45937351687618444,0.7463572180778396,0.5996091165191623,1.0
-0.40237466592784227,-1.525743649134478,-1.6588135701790445,-0.44096461026266776,1.3063960800587133,-1.1043642262016684,1.0
-0.8991688518943944,-0.9330345059428282,-2.1006377799410134,-0.5780819765699488,1.4420463747066448,0.25595095996916617,1.0
2.2618332217699084,-0.5664500073754493,-0.008677504571276806,2.834848980671241,-1.2726899969675916,0.5407881612729739,0.0
1.4993509667027887,1.256489798696319,1.279491269507067,1.4978447413717157,-0.9767789293115948,-1.2662324379678114,0.0
-1.6899868608249118,-0.058609782812033995,-0.14723487405974067,1.164333114288443,2.4569537882371897,-1.1310004336264958,0.0
0.882421889884958,0.36508789220700066,0.9427348548485202,-0.08101151251534855,0.6736359050336924,-0.2571886039302619,0.0
-0.7512591980583251,0.9061667418501815,1.0375120304997734,1.735434509077708,-0.656228297384674,0.5060301751115599,0.0
0.19176723731500203,0.13983928441015503,-0.7005909419754326,-0.11219301567268647,-0.9927953679538226,-0.5038872370611447,1.0
-0.49233543287274406,1.3164118390129969,1.0587823938719751,-0.038371228163997406,-2.2310428252384416,-0.596101241714254,0.0
-0.008467284722027029,-1.1994546130324135,-1.529552188167425,-1.3074084276982458,-0.8191993656958403,-2.6719383398324044,1.0
-1.103760042994584,-1.7173507222057296,-1.049584988091044,-1.6604977471657962,0.5262655137917267,-0.3964531750032839,1.0
0.34671166610108056,-1.01936561342555,0.05219915913519502,2.6529578976431094,0.23587139428046783,-0.6266173804989673,0.0
1.5634166928595563,-0.39910868247480047,-0.9555829809120532,-0.8994170829162251,-1.6624154408192133,2.1380334199012676,1.0
-0.006510076413110175,-0.6022055771677128,-1.9982394338823413,0.06782141348918191,0.7201803628790323,0.5319341788792757,1.0
0.5709825269647759,1.1650919161700066,1.3260923629311117,0.6408730390007858,0.5873719955023442,-0.558668526062026,0.0
-1.0665842375598977,1.7425415753358373,-2.735036262192606,1.6182635134445036,0.06277574429172798,1.6186754545276791,0.0
1.9616824315173207,0.34898960285806213,-0.5436377224133011,1.2919858211830895,0.23045969905548971,-0.5708552620903484,0.0
0.39424361257692975,0.5663070466857789,0.6265206402892258,0.8015235178627277,0.8305893272067802,-0.5598455889444865,0.0
0.10389927347776827,2.3733154156646536,1.7680204388555776,-0.028110477735830308,-0.7806922599377214,1.3143932518057084,0.0
0.353354972784566,-0.5660094948403024,-2.315839596248547,0.04831809109879481,0.09159416941898868,0.6628876693865299,1.0
-1.09456362111573,-1.7751127149301438,-0.6248788243816604,-1.5052428269860831,0.7164072481024342,0.5707233259606628,1.0
-0.9326925325970257,1.4577447898995932,1.1185289010008306,0.5338628599607249,-1.216752972159404,-0.8055207906910191,0.0
-1.8329394369535303,1.8722664362585995,1.4424221354492237,0.0016467655534552206,-0.07936943824859957,-0.10921135324903297,0.0
-0.7534369164586734,1.9251794827002995,-1.537211219151355,0.4870997655511261,-1.319844435944713,-1.362717515081154,0.0
-0.9239876941183682,-1.5857211179124249,-0.7749095532656448,1.003275998340586,1.065344315602279,1.9707573596146941,1.0
0.013038037268398384,0.5942425941797844,0.8863717978824228,0.9465358403145188,-1.0407665630041538,-0.11840920103927724,0.0
-0.5023641482684834,-1.5272371585110438,-1.1082290165787891,1.8286645482249453,2.0293866962622102,1.2200310645048715,1.0
-0.262792564352977,-1.5668585963289592,-1.9145649879010183,-0.33779273117026687,1.2733371277156174,-0.3899949064178248,1.0
0.6347828997802207,-0.18444445354411343,-1.4646595541448932,0.696747469592313,0.18220702585061882,0.24682781477447094,1.0
-0.8305619432749163,-0.7393272500168033,-1.181492211406018,-0.6787764302805355,-0.19816780358945577,-0.6051131675262453,1.0
-0.8674338382381598,-1.0258102275201981,-0.28601682526050765,1.9912951489335466,-0.16412660332439977,1.1766230211474462,1.0
-0.6163586320894097,0.826023662859061,-0.33749790936247537,0.456147176315165,0.7164305348444673,0.09295041954011593,0.0
-0.09675352416180732,-2.539999621593674,-0.9086240155193468,-1.7826385777411444,0.6004571780812957,1.7275252665349354,1.0
-1.7509922659051735,-2.2331798420298825,-0.7224482440991096,2.1656758348531797,-0.03662454467462876,-1.2804807303804873,1.0
-1.2967899914429528,-1.8574997292887256,0.21846387376913423,-1.9118986918849308,-0.03948149783773733,-0.13438387674401803,1.0
0.782500084940954,1.4610072536755152,0.9166861623850235,-1.0194505101944284,1.3743178857115457,-1.1592097523915486,0.0
-0.015621492321558161,0.9991716532578312,0.8957323592088503,0.09627799657715574,-0.6955442001223175,0.8575025355082162,0.0
1.2077776118629489,1.0023824194013216,-1.226599501329349,1.2075478512352573,0.28612756407433004,0.8988663018173444,0.0
0.9800655248393456,-2.2785419245684806,-0.29510001190793733,1.3343531755173652,1.8622676399092823,1.9453222049221879,1.0
-1.1348709762941527,-0.12081327157425603,1.079281864293642,0.23116024110820343,1.0897226178686548,2.0223734805354523,0.0
-1.680941713056667,-1.8171192094162962,0.6370826216494929,2.2923670258883053,-1.2948126028966187,1.3215130805087574,1.0
0.7906208229234997,-1.252597247599232,-1.249702112580299,0.48014665047805183,-0.20772384440558692,0.48804692087601476,1.0
-0.9384038627144194,0.37225374356465424,-2.642975319581855,-0.6707125711678279,-0.1396675706453067,-0.7057769208828208,1.0
0.7778975864942038,-0.2827337700396306,-0.721479174032815,-1.3485258247356757,-0.2677698106376308,-0.09880636831633524,1.0
0.17232849834349231,-3.0529973641808175,-1.6772278863391514,0.6847297660330061,-0.9716340941325978,0.6938699516766651,1.0
-0.7819570401161772,-0.5780121710264892,-0.6878755069030131,2.1394821211866106,2.9752647778162933,-0.7183859197348734,0.0
-1.0586898960840871,-0.868015245230026,0.5201849541963175,2.6357527738826265,0.13183143305718192,0.2735066289108174,1.0
-0.8041377246098491,2.5578828301080216,1.9099915529808988,-0.20390106164961708,-0.6453801747541827,-2.1626142714638403,0.0
1.5771117405662078,1.0839604328310546,-0.49597593261607253,0.3433703979331353,-1.2928245091895616,-0.5778377126907471,0.0
2.5668067831545565,0.20435784607087293,-1.7065722143716444,2.5340474299749474,-1.1492014938407331,-1.5858581704926482,0.0
-0.3180647487241951,-1.7839730333230763,-2.059555409454417,-0.7314192468740153,-1.3626041455750746,0.8232922177336189,1.0
-0.5321153974492766,2.316294065640477,1.7148418986409073,-0.08294465072018742,-0.6500270916122978,-1.3275128564553815,0.0
0.16767852688199472,-1.2622552274909347,0.3310686496308828,2.2222879093467527,-1.1541844213671044,2.137937219351,0.0
0.18267200016244167,-1.2506594120392298,-0.8452637481844607,-1.2846950697043804,-0.5013303237376133,-0.6139386649506424,1.0
0.8962854776052838,-0.6815566099114903,-1.9242575084047053,-0.16682675297649951,-0.26282430328055495,0.8085864430121539,1.0
-0.4157515875620369,2.249075956151006,1.3706467363387216,-0.20154029971442977,-0.881367110870462,0.6212580737862117,0.0
0.7679544249192506,-1.9101422163893884,0.4661466675474486,-1.5239430239817535,-1.718791344671711,-0.6611301730413651,1.0
-0.6949250847013653,0.6120897782976082,0.7451845105422188,-0.40847321973292305,-1.4660386680535784,-0.0869174539427669,0.0
0.41852919653772774,-2.4638446460005987,-2.4436077854626364,0.549131684854074,-1.205466581850251,-0.4276481517213732,1.0
-1.0763006497573921,0.04880626087920947,-1.7534456856479594,0.08665782113289955,0.8296235399496753,0.9102840183603217,1.0
-0.7706095980862024,-0.4796052900191645,-0.3426055718399815,1.4107584953320733,-1.7073785052332024,-2.388350953653826,1.0
0.3616110462171959,-0.057848313033073584,-0.34018504670707517,1.497996374994945,0.03217063502372604,0.3115962137724974,0.0
-0.5168798789878614,0.16591939875084372,0.33457292098096025,1.2071379314933806,1.5386457097902997,0.9862223232542788,0.0
-0.6687917938432872,-2.4723665948728724,-0.19697631167938834,2.1941239554076937,1.7032050417533517,-0.7762695451530268,1.0
-1.4103503090089187,1.9133979755518988,-1.1534382412981747,0.25143424141937165,0.2844548299865721,0.14096073725325411,0.0
0.716096613615484,0.8596671463896602,0.8790030179594315,0.7126990537876158,-0.13735776189481003,-0.10842018633490737,0.0
-1.406497910126504,-2.2777934358246896,0.9588467929947331,-2.109275680230657,-0.90075812983806,0.8188848451193412,1.0
0.02030803204493873,0.679483862104454,0.7871231399525596,1.4818339173723998,-0.4666249771039745,-0.3930443264639978,0.0
0.28859348128677875,-0.4729125568723469,0.6174449357763707,0.8320514810519464,-1.0274790999866932,-1.7532039641721084,0.0
1.3097885866464023,-0.34151484727594117,-2.073252040828245,-0.46538203680070156,-0.29575548709266075,-0.18822314270578397,1.0
1.8064796367596445,-1.5671124050774354,-1.2720184336239164,0.6117241961150988,-0.007387116559444355,-1.2828948079506342,1.0
-0.2933220113666243,-0.5720028488191646,-1.8193016896345249,-0.19770301174851035,0.6952871879604849,-0.970716742018535,1.0
1.0880667996199083,0.4664295210687246,-1.1302579386608784,2.0599446986287195,-1.2412829154724534,1.197803092242867,0.0
-0.4006128826358447,-0.7317397193859818,-1.8372841638231217,-1.1986530776021418,-0.7515467221728175,0.6513976158634316,1.0
-0.5385782286961546,0.32139759809086343,-1.1638496053172367,0.952900021499017,1.9648917868353903,-0.2718338108030743,1.0
-0.4958183424492242,-0.14433333187447062,0.23170186133978432,1.024489945374265,1.490266461984119,0.5730829021070751,0.0
-0.14652364579232113,-1.7210021896201244,-1.155746137452308,0.5127742506234211,-0.2460388193814745,0.41279986497962207,1.0
0.015167491898141426,-1.0588084207766761,-0.3329690579055534,0.837879791254182,-1.5103304196495353,-0.29412182611417176,1.0
0.7513289095649629,2.0632001666060757,2.02300978478217,0.39304998191276297,-0.7796285723244053,1.3834717937979286,0.0
-1.4323970153684666,-0.09518092950609991,-0.9347161871632287,-0.6364885018601154,0.12397100545439206,0.0273613663117714,1.0
1.1526057489806896,-1.0330963936624449,-2.7032219914343916,-0.7982210535110839,-0.5717929434546962,-0.9999582070386909,1.0
-1.1375116155950105,0.8586621794653169,1.2035091167463645,0.43342412491369686,1.6440976066589057,1.089859845013322,0.0
1.6496529176450618,-0.9171009975704001,-0.22602352373240442,-0.8486855084505762,-0.30133459355194203,0.19699748765613698,1.0
0.3333628888591706,-3.624400929653645,2.4788837678175915,-2.6087273023525936,0.2852330436472861,-0.9891986615996917,1.0
-0.5745493578853252,0.2494513065467805,-1.4290164026938794,2.0334455145415316,0.2275234592247333,0.9291514113299685,0.0
0.8735164374282828,-1.749821058920457,-0.31064193952193764,-1.409560804781195,-0.25337238511032945,-0.583236103666252,1.0
0.2135442121647123,0.3059889143508103,-3.0337720705296074,-1.076760903884053,-0.05819855950175219,-1.790198271805014,1.0
