feature_0,feature_1,feature_2,feature_3,feature_4,feature_5,feature_6,feature_7,feature_8,feature_9,feature_10,feature_11,feature_12,feature_13,feature_14,feature_15,target
-0.6345341076318972,0.043088254197362535,1.0859191300804003,-0.5018746940797322,0.9072056228708663,0.11707399524648407,0.4041018720197736,-1.9725933562898554,-0.4069512410390003,0.98585642300489,-0.46444493034552187,0.9309854119439712,-1.536164688308091,-1.266924691772296,-0.3439969798975823,-1.070747424883456,-159.523381147971
0.32349356617607206,0.9661185898525599,1.9814786898991525,-0.043099641331307025,-0.9979471563545159,-0.05241239567635022,-0.9178131993342372,0.12695618511877968,0.008938968758372625,0.044647822398939066,0.42742634625900683,0.13131999451559467,-0.20155718619871918,0.2852330532085782,0.42925156563553696,0.874567607072938,147.814234156345
0.594136080948768,1.2794048817927839,-0.045493550761774026,-0.11990183558964947,-1.6140585428435503,-0.0912860188560202,1.2220383363126974,1.304967996611865,0.18411249109930902,-0.3496468927418571,0.6701500254170071,-0.6561595246739531,1.7886209070519015,-1.06948474513686,-1.0925335648689583,2.301444341888658,344.7455913930488
-0.047927156316821325,-1.3214542339017707,-0.15579255322105737,0.12724603467142012,0.0584858772140541,-0.2579808744845114,-0.8528707654633094,-0.15263780100708385,1.0797142513934241,0.8361373606758803,-0.30979864882265773,1.685980078899511,0.4813764829212098,0.29035160460252096,-0.8804587071804394,-1.3413827303232269,-98.47278425639315
0.4648020545379973,1.4086309135279027,-0.688303362341885,1.6948823928800485,-1.1124138727669004,-1.2067309986041985,0.3938724943784594,-0.4078400295151317,-0.13413170658516033,-0.5666629475985393,0.5739793002903277,1.436276551688701,0.01341149824992977,0.609346694712514,-0.7906808177760306,-0.25410013085198907,107.2460763203378
0.6142123598202036,0.4564948764040029,1.0361084964143603,1.8113124122577406,-0.21766344598034604,-0.10825290854210202,1.6641051182118096,0.013782506114307909,0.2550664252800724,0.5655670041047339,-0.6621208017967392,-1.0546520834813993,1.3095815654051004,-0.6066693426339761,0.5918738747832214,0.06394879375042407,237.97502034961227
0.7738511470395932,0.7238707109938746,-1.531941409870017,-1.0967914429813037,0.3215716525645008,-0.76651516042131,-0.31609279753028346,2.6950972727661062,0.33673707540295805,0.23244351087481502,1.1737105459858168,0.5700906184121995,0.4782504538992758,-0.07704862284590369,0.42480729622888325,-0.19254210060761048,278.9051905312852
-1.9561776380615585,-0.026233792061772978,0.19546444530095458,-0.5971536484932161,0.5451126410464797,0.5771240069146246,0.4403546392641851,-0.03571650225035093,-2.345824371163899,1.5796389444368608,-1.7736628109215624,-0.6594382437179059,1.2005093564030995,1.617917893259183,1.5689810715911752,1.0268742946447813,-321.3007349435933
-0.11587619328600748,0.9419231245597998,-0.597816147546219,2.063169857963617,1.3279130938325951,0.1846850634546272,-0.6599079594826157,0.27184388030688333,-0.7414433371837069,0.42768373631222195,-1.3420769862765503,-0.254575463087403,-0.9118566867422595,-0.06967332855043157,0.6773570103386946,-0.16971406896409122,-59.59902849892562
-0.03674238835082814,-0.7613676504932616,-0.12003345483624846,-0.4493914733508963,-0.013084286280894829,-0.2379363165156771,1.2446402590900667,-0.7693213246352703,-1.7209212302964079,-0.4794714406173917,0.9799055896882517,-1.4903242628237916,0.16523552939614253,0.6834486340333747,-0.6783475343896211,1.7064015719626338,-178.52111521229014
-1.302209884814074,0.27850063468337455,-1.48542206668884,0.6648081472482835,0.7831975138409721,0.9818555108851637,0.7842476627472683,-1.2027860577792957,-1.2538823115735918,-0.27284569513859275,1.182695279389811,-0.5243701660721236,1.8436888167725318,-0.31008215822524254,-1.1733177917922282,-0.1894667203083626,-257.52993028804394
0.7543758972085308,-0.11699253882480504,-0.2243296197008841,-0.6294046049279577,0.4045455146648039,-0.19755189562565897,-2.3345868224152206,0.07015222308284749,-1.364636451741231,-0.0696867622458546,-1.2363609471320722,-1.2857731643887473,-0.7073296948761979,0.46607364203320334,0.4117754618913645,0.2953852283807405,-240.86899082125794
-1.0163974948774779,0.7786815457234927,-1.1410572819313436,-0.7861302314736639,1.874533922269379,1.127518828155748,-0.7616925573312974,-1.5466364706232916,0.5540930197634882,0.888744356706312,-0.423319799013164,-1.4235104543882693,1.6795240696097493,2.106762978705311,0.457464182802446,-1.849250382338201,-181.80892084947234
-1.9373938481949722,0.0808041426256683,-1.022106975992116,-1.3034345827179383,0.6114258398338271,-1.1495116691776481,-0.9025611008960417,1.3533427720681028,-0.7151335487516867,1.4454530166361763,-1.4896940636329983,0.9973441111174259,-1.211783118784386,0.02292835176723146,-0.20741811524455678,-0.8650919835123602,-201.3937495988969
-0.3984802893707541,0.032957713613795014,0.9945613056092732,-0.02892314217193224,-1.5588469458440501,-0.2179506852429112,-2.041242858696469,0.2776224227965753,-0.5900527677144943,-0.516841546382579,0.43076629642578523,0.5974399903538455,1.1663294583579,0.410767833051186,0.2931069920776109,-0.8108325724276845,-127.00496921586523
-1.0891758719813658,0.19867784208041547,-0.7095293156854076,0.09822425051426407,0.47800169421875865,0.33391447431540666,0.29749441584671904,0.7410429401365822,0.5437776742723115,-1.3352033586200924,0.8974956556592764,-0.00946288596985799,0.7193211982993789,-2.254458174467755,1.858841409219268,-0.4953816162311274,47.36360585617025
0.8740639639398075,0.6235638146659455,0.8175147372425604,-2.910726495204509,-0.5278854436363062,0.33953516747409923,-0.6962171517240212,-0.17856862600192797,0.7301236304467148,-1.1699633203619266,-1.075563044105009,-1.5423791996762237,-1.02225228037095,1.1120853769142733,1.5538214770210605,0.20637439380093656,131.12257151370065
-1.005895305103488,0.04161671130779421,-0.3165176185369958,0.5013494998617906,-0.30286755761437456,2.1560639149775565,-0.47403649324138997,-1.1039367131216475,-0.20387817267853334,0.15312957306873007,1.3809191620541805,-0.8842121766626808,-0.8860125462849088,-0.2505990211952674,-0.5746038653414647,0.3090238454169775,-186.5479456036439
0.9617637084818198,-1.510291290266206,-0.09942732162399655,1.0110665782613124,-1.2302414937906085,-0.5805646926758495,-0.30869757092124317,-0.26805748474663993,1.909564372669712,1.4824966504204005,0.07284510562247005,-0.08089520833019312,-0.18793168915496053,-1.0067319579733884,-1.0201597020077406,-0.27508460725558265,54.922502292267055
0.6577852273007926,0.20015043522630546,0.41683930442868894,1.2006486160056664,0.6475906045217653,0.8444002588285621,-0.020348515756890305,-1.3471441862858273,2.0864551990864086,0.9802088154646481,0.2080687303231975,0.25735179525320745,0.015403170308092873,-1.0845133056641203,-0.4805797827096135,0.360576166901026,148.42922140325672
-0.5285193112536646,0.8269424537575085,0.3425533019042138,-0.7357490678972571,-0.6730015959365802,-0.4798355914142153,0.4014629236813755,-0.43555704097111586,0.18842423721980894,-0.4633858288036813,0.3722497158982047,1.999811744830299,-0.22454830967038833,-0.6355623747641548,1.5444117938497934,0.11834969680296942,60.11561641637657
0.802566829059872,0.4077393261263862,1.5240448077129891,0.2717476252266274,-1.1652519623601822,0.8397296359341004,1.9548679130143523,-0.6623628889330833,-1.1249295073422212,0.8858954055043873,-1.2358911275052262,-0.8104811991072237,-0.6079582087478949,-1.1302376244419645,0.4689772437865157,1.329470359170095,110.75959580667059
-1.121738874347601,2.1358130770289425,-0.7829066633589343,-1.3912310886045829,-0.9999599160530963,-0.9866104548864442,0.8213273717339457,0.7471622053687924,0.0639878364178715,-0.7749348779834696,1.259875159320411,-0.16927527155089536,0.5963728295735925,0.4552386027063573,0.7921848304608483,-0.2421693789517423,199.8247519187813
0.8577484970047874,0.8239728898941229,-0.9941336370108182,1.2561637984299445,-0.5220202851555116,0.23735348253326297,-1.3084725179821306,1.4132519190417168,-0.24980652793539185,2.016626682115229,1.0813871356089741,1.5136092114275104,0.6603794005655158,-0.7003905954935712,-0.6699111122146781,-0.5429228501066451,105.80196355382272
0.5440951079403837,0.5195094009176136,0.4240899403480747,-0.3588494575641467,-0.9132246085777008,0.6920578358763786,0.6828861616576084,-0.7472445300003914,-0.0019987857522688985,1.65056888192892,-0.11059130298177772,0.426312744306133,-1.1933494339639397,0.7755150660325102,-0.03875893451473422,-2.1233154160216237,79.96771846309707
-1.850600237588386,0.038334516694961525,1.7097269175713616,-2.1890885900922195,0.1723665952674706,-0.35905935733472966,-1.1644970323469266,-0.05640302946305223,-0.11779568487593935,-0.8145210014631816,0.6326836482350661,0.4435686840986963,-0.10136854135609599,0.6326500866190906,-1.1232609660656951,-0.30808236446714715,-121.22618829755295
-0.7384605452436893,0.361697817211506,0.838989443745326,0.9863376603279442,-1.5614465427338788,-0.0758988717244188,-1.5682029933525623,1.33473090520277,-0.9993575452821906,0.5788818775875509,-2.918363724962132,-1.0513313847151857,-0.28816474474645215,-0.6148870599839141,-0.7764338510815979,-0.056865908973445296,-106.38262962063423
-2.3317429358634443,2.037654440825134,0.6766058681970845,-0.90521468353412,-1.1080721208353383,-1.0515291417817205,1.1376167087907103,1.0818321490141645,-1.068246885358762,0.6892177457225632,0.3248626573222277,-1.0092478368669588,0.5139830744686934,-1.8239182277794506,-2.1193910484677914,0.29138131950731866,112.12177798973842
0.23332358937214046,0.9290730523241076,0.028750074441825313,-0.7796890712566626,1.1040111004157842,0.9941412843565474,1.629549489216052,-0.33107418911660436,-1.5345590358783718,-1.5618042894936357,0.054285773212224345,0.4720444466112007,-0.4668872091595685,-1.0920243308883248,-0.17837252553212374,0.4873725984987827,42.464186144197
0.9896245622781095,-0.5290995958270475,-0.01236837288863015,0.1386122954711241,-0.9257793435837126,-0.019410427810733363,-0.4956539210383152,0.0937938165994916,0.916422909290699,-1.3935803797275716,-0.47722739866251235,-0.32339132294347933,-1.362737694400203,0.8432153347687822,-0.48429247491051214,0.47900900363021504,66.42516867770183
0.16138292671305116,-0.8840604147790447,1.372153554599032,0.04884710454488229,-1.216372994595435,-0.12906732617842787,0.715004442094365,0.8790151157145492,0.19257482279274638,0.8913323806747016,-0.3916086704458541,0.7271122051082505,1.3832090053962853,-0.8016160409505775,-0.222606076240723,0.010112404344979576,120.21457109311153
1.3809282343878129,-0.450439589953993,-0.2849539247535803,-0.7148130922815473,-1.7191622210706359,-0.03163925055935361,0.036794648147881755,1.4778297535319695,0.9781560905590129,-0.28051462435360797,0.6938473200915223,-0.563430805643419,-0.047529330230953896,-0.015324937185379528,-0.4439893551208507,-0.29776538205466957,250.79702891063164
-0.8728414967026332,0.9177872202340088,0.16829232477567632,-1.2994834924823893,2.221722998891098,-0.23258211278257837,0.5002395082457229,-2.710025053432334,-0.6688697652606744,-0.8035935199457112,-1.9262980997543413,1.0181609293531633,1.288845054544078,-0.20112290676870537,0.22261157862585124,0.021234886260686432,-240.07622663365106
-0.13959440655040314,0.7146425806266189,0.8701866114922239,1.3633983914430576,-0.29283497863624675,-0.8402997883204649,2.1663116974031786,-0.18794194898049668,-1.0566083981363292,-0.9662686401545612,0.18784719744816866,0.6651165096034557,-1.1459726456615396,-0.2655592506045986,1.3521826366444378,0.9713943369618631,122.83335575140211
0.872254552787722,0.1595005002129064,0.32904305358495123,-0.7849246598443229,-2.230262177970262,0.9371117206430752,1.4078083421777525,-0.1489855811213586,-0.043749209490051684,-0.3642402095066902,-0.4005045127776008,0.5702506183431587,0.7128368192817082,0.2346546297554697,0.8037208717618497,-1.0002935742168522,151.03022864742047
0.49674708016673147,0.33755594678866424,0.2323378646278731,0.6190222401451527,0.3652542755601847,-0.14321833116529126,-0.7759946086072137,-0.9868109389553434,-0.40642415206848287,-0.9461107018730055,0.07135042118614433,-1.7259341987014734,-0.34951468146054193,-1.7601019183685873,-0.4069326994430778,-0.799210396546729,-85.93508211638047
0.5045524286653994,1.027464012215457,-0.5283837759092025,0.8279907030756869,-1.3380563652418567,2.2352998746802415,-1.3696907226684725,2.4120438253871868,0.17485580930127784,-0.48680466247279824,0.572425992762,0.8054659774511642,-0.5582864576590543,0.1453094774688883,0.3788291716147749,0.27800483947385557,219.7677850782459
1.197690020988894,1.3319697525244167,-0.41227085289467097,-0.3700471019532725,-0.5914323597357489,0.3221749634655372,1.329625229460063,0.6794668576156173,0.22013431008471485,0.1984284242176332,-0.609202761779664,-0.592736249558046,0.35550791345355237,-1.783211067137286,-1.430805084921921,-0.4824463069545262,313.6478797086349
-0.3626661196157821,0.033723497796735134,1.645255130402472,0.4990795560900077,1.6126315154654063,1.226623708891286,-1.4846583704078573,-0.6805229336026778,1.9763103629068621,-0.5505233882719206,0.04250184514399164,0.5022242148490678,0.7536744037249259,-0.33412640178664527,0.09122027150030818,-0.6337468390935799,69.76858839978009
-0.40280356078993607,-0.5657595331579847,-1.9917827969015982,-0.5869123872294263,-1.124173125004193,0.011752515752453088,1.0666341368464518,-0.1856194737378332,-0.07444968566961735,-0.8734775756095055,-0.4180059337333935,-1.5610603364611069,0.15051198196869137,-1.4835989180348201,0.8465119408164516,0.3089566983352566,-121.53514724086475
-1.0526408202156656,0.301053257143179,0.18429264382298186,0.48165689546724716,1.6581927608090157,-0.04323870320009518,-1.2301919064562052,-1.2088113826397802,-0.7043352648389409,1.5338516867456387,0.7603131608435555,-0.06634595740162387,-0.29843421128950764,0.5783866060302096,0.36201993787957853,1.4290494964645273,-252.64747926775917
1.0140243149855863,1.441419419074328,0.5366056582252827,0.07734657812798328,-1.3215989921894304,0.32137337983566966,1.0223147997706525,0.13661646608804762,0.32764370612621524,-0.3795737579743205,-0.3767023809348282,-0.17392204100473938,0.026825242983834957,-1.731821593893307,0.16785102740844413,-1.2619810054190004,303.5275749085249
0.08772620329113548,0.9394227605786302,-1.742755491278963,-0.576889464414032,-2.5086122194930236,-0.4945521059611584,-0.06145814773060323,-1.5943802635746758,2.623834469665495,-1.5158737996721132,-0.586610388696304,0.250160451354829,-0.29030033280872947,0.12069615663956765,-0.5965997699764919,0.03934723904705617,86.38938551482252
2.006949280655516,0.7168640705499258,-0.9970443696628135,0.19746069634219937,0.019045628172712995,1.2000245576638715,-1.072090077731762,1.451595241385448,-0.11676473001483466,-1.7049537425670063,0.19075744866347477,-0.0389899022950694,-0.32881288898632116,-1.5643813811363427,0.2428535643199211,1.6416329187424084,187.82003432284102
-1.9426536534038243,-0.18492337064385608,2.5765437012438994,-0.14932881057971414,0.13400405590870687,-1.165139061550499,-0.28676062612141645,-0.3440301723816313,1.6776407578973525,-0.3020472846049072,-1.0892443396586227,0.9952762808267882,1.231947851496851,-0.964745074115153,-1.381663587428635,-1.3723526854064954,45.03537678463224
0.4791986824627816,0.4386654795321648,0.1464444532420307,-0.38061894922330164,-0.0985354029034432,0.6841487480523079,-1.1742784612010242,0.18009694941942125,-0.6807165879120199,1.0629278104645978,1.5100285712665347,-0.7640928153030758,-0.2162109503926932,-0.048511003285281865,-0.12230399148912273,0.6204605094299679,-16.66435213191235
0.08996763890544467,2.3376671272715823,-1.060423303326877,-1.6268898777109961,1.7385361834067177,0.19455671446165965,0.6177869473854277,1.032604338242956,0.20607623204665912,-0.5050239694841974,0.575113842604205,1.4257373899222772,-0.42448983156366643,0.23575272222485,-0.16328441166051547,-0.25030079802625355,294.94458233775
-0.35030336123050587,1.7215935211084714,1.0112609114161584,-0.16481528732489473,0.3034371565752216,1.92901430965978,0.49249903002656614,0.0069149477100601785,0.8841097864409617,0.3377664119158504,-1.735204549431034,0.547476417719664,1.3155675635447126,0.04872078656218879,-0.31100336392348626,-0.4633722719567477,237.76984202883602
-0.45491074299062534,0.23501170542166722,-1.1392530605541025,-0.49881619173555913,-2.3935082524004097,1.0950940573968566,-0.6061910214057283,1.8301906297942845,-0.05166693919069531,-0.545331732270653,0.7844663287719706,0.32444285940135864,0.15245371870319827,-0.36105173620796016,1.4914666754861556,-0.2347548062711349,51.3246891777123
0.24713577917593946,1.044774847304478,-1.6645299031485097,-1.7228723724176462,1.287699165974546,-0.12428946286841269,0.6616106327485158,-0.7814682370894785,0.38518418190039855,-1.1383128902964148,-0.7851845535296512,0.7528659270512802,0.44302762058524536,-0.5188988151852066,-0.5090760837708922,1.3126073435844523,28.779602556557954
-1.6308634186255373,-0.22333058484039303,-2.745858765985675,1.4582844436201754,-0.8375803187007727,0.4414372970851465,0.6715437923968858,-1.1816929184458829,0.5146211230053884,-1.250303268743519,1.488579700351701,0.4459239557905074,1.0661690459230773,-1.8741150092960082,-1.3605884916912716,-0.5618349517640365,-230.06556502622652
1.4710460693778042,1.0581778284401506,-0.5670893907350333,-0.08265737724836823,0.011943001058607456,-0.08843415793503691,0.6562945851817628,1.381303439006403,-0.42993395162839565,-1.5466767375587265,-0.7216191074474726,-0.26254825147391353,0.771058224134487,1.5561528899706634,-0.042316635165567155,1.4443441431205486,259.82060325526135
0.4931053025136859,0.14615481640961436,1.1353844319289905,-0.5513657239850561,0.9926642316777649,-1.8103572842288342,0.18410317236458415,0.37783371331011945,-0.3117015149747517,0.6240091616062922,0.6056286265386808,0.7084570427225942,-1.3139800097645964,1.0536139377913631,-1.4088803085260888,1.2065635233793701,119.27916499903111
0.026651766038991342,-0.10807522845652032,1.1880308542827707,0.4801319676200127,-0.13608763044188948,1.1941755589696497,0.03719066785231899,-0.10496191382682542,0.40771291993569714,1.279850961199925,-0.5538094485666141,1.3407547506301498,-0.7790662323987716,-3.5143788821206967,-0.1326651284247265,0.9314919915744225,63.72327793313287
0.48798734531951315,0.6835244295049172,-0.6383517870645925,-0.8607519845688245,-1.340945597340015,0.5710834080215771,-0.4520885728123664,-0.42521924113917353,-0.1112344448034683,-1.8715999910277406,-0.5359254272078701,0.9881659842549647,1.5616665551520292,0.44337764096611487,1.652738850635704,0.24336660137770147,-18.35763591601064
-0.3013374213978083,0.686592703707527,-0.9261408154466804,1.2643518899982502,-1.5148650721048575,-1.2541189840953808,0.4415669747126658,0.7673987280512862,1.2871918549250205,-1.6659422180482475,1.7629460169566142,-0.8792999760475595,0.8958592966153583,0.4228871720207768,-1.168529706626915,0.06547002214025535,216.7804137325862
-0.20843709087980797,0.5884935283135638,0.8611244901149324,-0.6753861509116678,-0.19712494845633666,1.654786289795838,0.1325746142855382,-0.7473264148207195,-1.1833019454464637,0.016020233897168158,0.7526342745349405,-0.5955277537255734,-0.20760045338826796,1.0694716715908477,-1.5888848242109626,0.008091719438164884,-62.990667440681655
2.766402553234933,1.4615241634238008,0.556323226894682,-0.12948889279553638,0.8909301163635013,-0.21799167406916914,-0.39848082031633186,1.2475496703524316,0.018487832918786227,-1.190115741207542,0.8164779895733327,-0.14248602185859655,0.17335513519364965,0.20751535394265885,0.3983939204016885,0.10871742053452381,414.28812408605893
-0.6594384463957745,-0.3954674576255636,-1.3126367630181912,2.0583468947022334,0.22945538519580677,0.9627834299232046,0.7618752576098957,1.4723509774648533,0.3597817998544726,0.11328905033317914,0.08050552796198918,0.565005229090695,0.06306895724017515,-0.043407579380902554,0.03132044769041519,1.21775067929928,58.23964045322679
0.7747746425374029,0.25563756454182535,-0.5580851267800748,0.9664092084690183,-0.9588388098709545,-0.5689674693499186,0.4258191777351875,1.5818455565245617,-1.5976429748247987,-0.6841112102404059,-1.037885015674136,-0.8109236467813937,0.9273767664063532,-0.25554984374884604,-0.9739717794841672,0.23763662117148737,48.08828229015252
0.4675559091314515,-0.9408520807651424,-0.21078094726193394,0.2984858655414736,0.4790007989532761,-0.7205556020726365,-0.8134131140438545,-0.28204113245109896,-0.3836375287416454,-0.4718091782946229,-0.37787917289047124,-0.39321237097772554,-1.6494105009276734,-1.0128352660331743,0.9280887251268485,-0.713243936914383,-165.00843530766556
-2.1229280898165195,-1.042606268481815,0.35503220679299996,0.496033804373794,-0.006255129392866668,-0.7061990622569954,-0.05331484976155393,0.6618915439270203,-1.8633055506703509,-0.31417633285151547,0.9920291055332915,0.1792948295611265,-0.38232950960035905,-0.15513806522403345,2.871868859792189,2.6531109406949254,-300.89833318033294
1.4920398239376482,-2.262782318622102,-0.4464722678162959,0.9343800911691956,0.22904667692794997,0.6462710775339519,1.403367140661984,1.0537191462421929,-0.8118718221919806,-0.9001343767955338,0.37795715420198156,1.391514000341276,-0.014466138924698162,-0.02586932023984298,-0.10729779007550597,0.5231462627769297,2.1765680443570012
-1.270567864023473,-0.011787888798140191,-1.1074384992119763,-0.0597844505677673,0.06115014322031952,-1.023590197379213,-0.8730662652912916,-0.6514019180532152,1.1296567832830258,-2.1289939287299915,-1.4550212726290552,0.02336688937402822,0.3582972511029985,-0.3503227266054584,1.1317211242371348,1.003343946171776,-168.61578164709348
0.40380582133939047,-0.13687082631830588,0.2460965968635556,0.47456844793740327,0.5380042066366119,-0.9788185084200858,0.31916712722019214,0.3326334210041751,-0.5021762502716034,0.39940002227542404,0.9402509895105041,0.2727795928086539,1.4818004665091726,0.2826569112966499,0.6333780405657171,-1.1058981700420143,45.60294605066127
-1.2869835536349878,0.3044781762085202,-0.9331135135368992,-0.3564566461400157,-0.8405792341289791,-0.7387841156735125,-0.15065092327333093,1.0772090963745418,0.1546914491734285,-0.5248462607265334,-0.5535355720851597,0.5047939594197246,0.22190767788033916,-0.9689239964586459,1.6280835113777672,0.10134639940332248,-23.873280359077263
-0.7939465939899414,-0.8284205463707808,0.9867176846361921,-1.0651626168963044,-0.6954661896373242,-0.34144687933344936,1.0247009965721194,1.2623273436909974,1.8267699409254103,-0.047014334270856835,0.01808912647061654,0.728352929950259,0.2362269252703423,0.03537571841464802,0.47181934087465377,-0.39389593766643927,234.63968144083705
1.2029723386273035,-0.10866414604431039,1.533744471537973,1.7228877920998233,1.9870301774792984,-0.8504687582746372,-1.2066177260813669,-0.24853537493490108,-1.780636249926054,0.5311632286844788,0.38487092652080424,0.8537504164647989,0.5724010677130116,-0.9239451958570122,-1.050477574833831,-0.3415274313755678,-96.31735544845624
-0.8530258529596965,0.11031453661515471,0.22985477903346857,1.4320359619901981,0.8068344991411017,-0.7994682698532971,-1.4303891412842957,0.5906932108287511,0.2880209024396979,-0.13645690192235707,1.4235702794060618,-0.06339670772527684,-0.11554674741283169,-1.774057227955737,0.35136091812885295,-0.6109340122795018,-33.92232993066036
1.4002529772921855,-0.8811879079728469,-0.16758959650622055,0.2496502027659561,1.2559765261114613,1.4759369988062263,-0.12833767133094257,-0.6301867198169439,0.0780662083379757,1.9979943452885531,-1.3080256446019638,0.5945956928661006,-0.31438270254738787,-1.8328414100618955,-2.0368981455701536,-0.14479440603011387,-57.46912113088425
-0.4122689346263371,0.6227938825556323,0.6692409629678502,-0.4799530760857875,0.12255364397066211,-0.17879835163590435,1.1135020227078034,-0.4229539273919975,-0.25382014490011817,-0.6132859400653687,0.06354840531953226,0.2930864729295491,0.7452194591185571,-1.615898022741425,0.6195243346471577,-0.22294524417043043,69.12840077563904
-0.07117723288079185,-0.7106397110209678,1.3618973389739655,-0.14413716876705054,-0.6250985942477201,0.12659513422083538,-0.007073333950633739,1.3244858319115334,0.7527376960274978,0.9300243786437723,-1.0412409188745508,2.508710704013256,-0.769025536923887,-0.768691336115895,0.6744612165625455,0.2630560995009669,144.006155230589
-0.4731917340466425,-0.8329387455889227,-0.4966087478137209,0.37351160472193323,-0.16040569234933025,-1.273550685554776,-0.14842071133821103,-0.3923959077239267,1.2204567157306647,0.5590749485867328,1.5896540010554392,0.1543346580045671,-0.007445010228799593,0.15256085137404268,-1.656055552925045,-1.1306908248027858,-34.64416629079689
0.7560463219830035,-0.9494846450157933,-0.9748776954017473,-0.07241865279664142,0.3591624310940077,0.6475983348441169,2.1073760451263097,-0.35191039526898626,-0.5124842131471843,-1.113849981688142,-0.597090056413679,-2.179037175286741,0.11633444638500381,0.7700965642515398,-1.0637545489490952,1.0901609684268225,-18.4183261401011
-1.0560220686805584,-2.0604551916677276,0.7567922286540548,1.516572214590667,-1.0317831044670664,0.6995514908643118,0.6842191283326098,-0.41479188562572716,-0.4094270907421642,0.09110937446758689,1.0834197992561778,-0.6547079056409234,-0.797827848010806,-0.5258080166423572,-0.6717264747348641,0.5639937234085446,-211.62275355795867
-0.7351137655426822,-0.44073607816598037,-1.6377782269489936,2.0468614655319115,1.2598996399580717,-0.015296529444388347,-1.7390213913303998,0.5253779539999754,0.9452460471861677,0.4362365764000119,0.22000293465944787,0.8215568302271744,0.5327610321745573,-0.8014678893890159,-0.539836122452601,0.8968321733607016,-142.40200116495285
-0.20767156199601058,0.29926499862425066,-1.490192823513902,1.7713977417279714,-1.6086086463774003,1.4212727182978147,2.629498511153342,0.292604883450467,0.23953958063208497,-2.1768424608410655,-0.37900501124072344,-0.8464231708677117,0.15447509573136026,-1.3361544197543174,-0.2709588759716045,0.3970161611934528,144.53802194527097
0.16971474716662302,-0.8082561107776147,-0.3056399292810489,0.7797660852249451,-0.1138268063751874,1.822640473164647,1.6982610156050528,0.5134398435584077,-0.4148951601330922,0.1937361107524426,0.597497801167434,-1.0856289459462778,1.620671703582548,-0.5930148452935751,0.257830071234003,-0.9434068786793703,52.16336967450689
2.7155973564521707,-0.6483180147827691,0.6986245743926035,0.83281041860815,0.07416465875095388,-0.11153123462819463,-1.4163288641897367,-0.3867928138030751,-0.5933037279074195,0.6596840868886393,0.09758857302349201,-0.9521562291979604,0.6761272566050942,-0.07388549926368441,0.6632969473495652,-1.0279705349085155,-6.772158313226697
-0.33039787384860464,1.975228260026337,1.1572800326920507,0.061018986037623964,1.0099364710660395,-0.9700664936895509,0.6874206675351936,0.4998765340856961,-0.6645753679688514,-0.5779718219688517,0.7896697126227576,0.6485863232621512,0.04610256521359698,-0.45198879502294864,0.9886652664401278,0.5908705666666598,229.56014824173627
-1.1216912210019139,-1.2917602214650956,1.3271936263787845,-1.8266537990198193,-0.31200735565558313,0.16745023735694856,-0.13058227173898768,-1.414706603888881,-1.0028252588725877,-0.05058985123919796,-0.44422289709723733,-1.7278969236067685,0.10801253648860168,-3.2733626897138457,-0.37371131122196405,-0.11457645985845452,-329.4506219554219
-2.889053270993097,-1.2544518928337312,0.6967087236926173,-0.4336594066039338,-0.16220521673634006,0.25789269097916795,-1.273873906921275,-1.096471278634592,0.6970601352324658,-1.6807014002499072,-1.082982464922542,0.7677916749695197,0.03863910668215262,-0.18628827095552852,1.6723556784815634,-0.4735938248088608,-388.22599705064073
1.564033123490816,0.6322125160419259,-0.19888426793337016,-0.7442556315695813,-1.2282847466986655,0.09273369365523636,0.6841454649489491,-0.4773636014444966,-0.8977614145113264,0.08478760937587021,0.053142118277222705,-0.4881898239843456,-0.28555714099247526,1.1979453559090634,-0.9318224367903262,0.23977577164534247,79.66779488379244
-0.8715095167849484,-1.5779479838266448,-0.02452006894381263,0.6254281402499413,1.2774060995765455,2.1264719532071985,0.6799810519389414,-0.7676446888337252,1.0861212892921297,-0.7470907033215599,-0.1282275814345046,-0.763165612898458,1.8268148194994727,-0.9524921720269257,-0.47216122574834557,0.9348247007004137,-117.86982272351011
0.18817222177034396,-0.2930059173403829,1.0015388103266434,1.66505219422327,-0.20907602608988102,-0.5944063773230635,-1.4558514155648175,-0.519233905555163,0.5465490181183267,-1.7273204975914966,-0.19861247894078446,-0.13476290153714118,-0.5703098075179499,0.09438070144414937,1.3090899106410954,-0.45687030814052115,-56.0536199954791
0.8443916518930431,0.4068401698386825,0.4850563591933794,0.7621256925454208,1.3098105639581685,-0.9177976536611888,-0.25872284279195107,0.6751713588513076,1.2379353240739874,1.5487803869134498,0.4998782570672203,0.2541199093089396,1.3999972365842022,-0.05579687348582613,-2.221167212178749,-0.06701961582371768,256.83926123563623
1.817465761265114,0.7665117371685906,0.9158855558798721,1.1863946274189219,0.6997878247133597,1.4641078169169215,-1.7844440742215575,1.27590736326749,-0.4525384818131881,0.7084091378508856,0.31979646322039296,0.40551502215484436,0.15424011701968987,0.10735783143203811,-0.6517583540361369,-0.7916042064287052,179.6383431990145
-2.105436333824224,-1.1937389614443992,-2.114617737741443,-2.931969877877316,0.3410044300292588,0.22908280771543404,-0.21396026057815828,0.2629678943921564,0.677065537213138,0.3127358181876346,0.9467111955102484,0.1708154557919868,0.39308690637294036,-0.5791538311814937,-0.3736929701906421,-0.3904610063413988,-252.21970873902418
0.40313850302869836,0.8201448294529371,0.9566316172165711,0.9822373896429608,-0.9489889920778547,-0.818773030050241,-0.9138975705992564,0.21977963412331877,0.6016493416214143,-1.5489866345818164,-0.05410641854480547,1.3158576293323265,-1.2896283220366436,-0.2527656354416255,-1.3714461321141007,-0.40168443827854,144.7351826748943
0.08267570377322055,-0.2768753314290307,-0.7076795410289625,-1.9211569427831652,-0.4153720980866467,-0.0899451152616395,-0.34173520592124107,2.696329898076329,-0.3714539754271068,0.2393543329992014,1.100153220140539,-0.18071614735874858,0.05148051025358382,-0.7983049882980892,1.0631513240145178,0.148342865395179,125.91135487824057
-2.157334374778738,-0.9785363685892121,-1.139323816399192,0.38159365783235305,0.4444953687070866,-1.2512264609962944,0.6420787538835944,-0.35101680749797587,1.521533289182997,-1.084046619633957,0.6305038718081251,0.8599660359554258,1.0468047071859574,-1.5385253448554657,-0.36506687813305483,-1.4671742018506013,-125.01915313986213
-0.6903356461032053,-1.042479984436652,-0.5629095955190062,-0.7127456648129508,-0.6949591061127006,-0.12849452671316156,3.3750219424850227,0.8687545869048853,-1.118350442786755,-1.3837117918280901,-1.0200057849017037,-0.653287332094946,1.1529358207324303,0.552203505367196,2.228099240625513,-0.13451263340011227,11.648495956588913
-0.3629648167089599,0.6018353320526689,1.2582340383653394,0.6514847481168524,-2.6542907762244012,0.09206702944559043,-0.7928301167212062,-0.34673253498638473,0.9974973369756575,-0.8767567174967176,1.3582960649702385,-0.4344399981197869,-0.27477474851440326,-1.1469665295009999,-0.2800018520906723,-1.1833792642725172,108.47483707380503
0.5725039784742674,-2.133056757667121,-0.242040438117931,-2.2810732408584458,0.6421684360188917,-0.656206355634572,0.37081345405509036,0.3372391298756803,-0.7947385042555423,-0.2018486724005659,1.0946728927706015,0.29629920780932806,-0.20479184894459773,-0.4875826150167714,-3.4512870940155955,0.6912236982770719,-146.0433049720219
0.05795843701710088,1.6129362755371242,-0.6286877700522714,0.09039499619978582,0.6510159152987445,0.0990295318100959,0.22648778814483014,-0.027877872574558933,0.31230401211549985,-0.5797526897087008,-0.18879675070669819,-1.391756881858378,-1.9437582411622745,-0.6069779002340013,-0.4283987390127425,1.2800979300440083,142.77283025481714
1.6628260263959422,-0.370091972104948,-2.4223222791391636,-1.4831702329344572,0.6328959668024449,-1.3739510540401167,1.089478493577247,-0.16393829522175482,-2.3461752240130997,-0.8755160867568618,1.0158133175082351,1.4709653946297492,1.2260350417755055,1.3322894216885377,0.7624188658036347,-1.9831816488692708,-148.1303865459912
-0.1715260044526157,0.1955423651877371,0.3337031115572256,0.12431179944917475,-0.6385800213318527,-0.09955412054908855,0.29524513343223335,-0.7510611480820586,-0.5512348049204507,0.6359271667400793,-0.7371849846254728,-0.5282130235966989,-0.8739756159103594,-0.7842643456768276,-2.286234218301849,1.6632022937063011,-77.82765972886621
0.5805146703674182,1.00254407471093,0.047736178929391804,-0.941769562636941,-1.1704098252292665,1.5067759827326177,-0.009120435102580303,0.7403868108796772,-0.9197502055939238,1.1065319451800246,0.614673357394131,0.24655450610425905,0.37227857486414384,0.5761431849062367,0.47415760224611336,1.004644470408502,113.32533716777971
-0.62860396505364,-0.14108877361310618,1.0292445897288156,0.9798096642841498,0.8364054278647792,-0.5503843368069888,0.41440308987055396,-0.6284891976548634,-0.23902467248274667,0.9777971238736141,1.5236869170161074,-0.5124058769056756,-0.1845466523639235,-0.34363302615314456,-0.6724307877741655,0.29875220809019787,-26.299855429246232
0.38790305815064335,0.9819961437886617,2.2107548475271117,1.7538720761752233,0.6869767253615119,-1.5920419306834817,-0.010168026246761786,0.01463430554193553,-0.5729886695848223,1.1333006750655896,1.349347444891253,-0.37453465702106775,-0.05049299166210069,0.05038498903893459,0.4617535918479467,-0.48238833651575264,177.83650639428464
0.7139330070465623,-0.5706516804518093,-0.10303881442973312,-0.5333042634059847,-1.5981604578751822,0.8307233702777974,0.02819523261421404,-0.4505265663991749,1.6810583585494596,-0.8250860728853414,1.4023215803908426,-0.4868795456709128,-0.9362466300054195,-0.33420046655360997,-0.5809644435439987,0.06351429815177496,124.45865955745086
-0.3517643354331628,0.6458743740443678,-0.05824248443556521,0.37374901271605865,0.6528006110909802,0.39283965171287044,0.11845834304407818,-0.2998632223252693,-0.21818805590926546,0.22395611387819508,0.1524741681486278,0.1803841351803273,-0.5037815182588309,-1.0440115568455977,0.3921292618334942,-0.45757955797165467,-4.486447284362664
-0.3190471620004146,-0.7560190243661301,0.21859619629973806,0.23614239087917496,-1.314484392844536,1.6078419760325746,0.36706223691913403,-1.4650890032651533,2.256050713738788,-0.9190848230436064,0.5296930895536069,-0.325618034435547,-1.1611300413950947,-0.2280167599680753,-0.009762055479167081,-0.5172439855357512,30.610875314523636
-0.14466657106805467,-1.5782979340387355,-0.844999786922718,-0.2740421940420832,1.0587025659853337,0.5559293386759764,-0.9649050647306671,0.17327083237492047,0.9950157942995849,-0.3450147169982657,-1.7429514712883,-0.2782984817919429,-0.20325878044621087,-0.372174879620907,-1.035452809585024,-0.7243825111120433,-168.21394402208486
-0.6145726334628203,-0.9894007826180978,-2.8431151082707835,-1.0178337450221777,-1.1269024005673505,-1.0165986942645047,0.5234466845455215,-2.5884895559563392,1.3544219283245578,0.6695535158667315,0.048524432884404646,-1.5549752776873198,-1.202967841222074,0.6233587931157889,0.6273549053342995,-1.0427668594718538,-301.2562626816809
0.09473767684206817,0.002289502717370321,1.532262676002453,-1.9422687758886887,1.571207141112144,-0.2667115762586637,-2.0602314238959254,-0.04041030123024488,0.8769100083821925,-1.5727556037429544,0.375877626881868,-1.2113804243520854,-1.958659462194029,-0.2456297628967419,-1.8828347648997243,1.2464609081351714,20.994155589120595
0.5868755899903897,0.8165501882648624,-0.5541966647857085,0.42476135943418425,0.08632052954258952,0.7703877545364209,1.5094219240014246,0.913325705381714,-0.8814835419070012,-0.8375671153979929,-0.16289464654725028,2.228112716855238,-0.890728922809832,-0.31764846432481386,-2.086548235889477,-0.5968038173670632,170.2718351888307
0.16497117123031124,-0.4267703737971061,-0.9666821236827633,0.6453155694544557,1.0692410177014404,-0.8902942865106289,0.9693673308178847,-1.644984462750912,-1.3862172788979974,-0.6430199334534121,0.20578010100291425,2.913277860153174,0.872004345247109,-1.2493066737409777,-0.06109761061411259,0.3253193674402531,-244.2598090629289
-0.048812721564394805,0.907082469774514,-1.1283719956972196,0.4292789950150499,1.3422167562235765,-0.26626908738493804,1.659606398813896,0.8638495963767858,-0.07846524125093911,0.7653362911073968,1.4548400790520273,-0.21158186839417792,0.1906118731275695,0.17563282060009833,0.53187448020361,-0.1854123099976821,208.09173659678092
0.7575138192666288,-1.13641566521303,0.9064311640442646,0.2605827129974796,0.7154087429042733,1.1234310674312757,0.066974604475861,-1.2045322194700074,-0.768628930824823,0.3469104048321012,-0.17650614152139865,-1.040556693987812,0.21927201868984744,-0.5598666636732081,1.0142282050584617,0.45104978836150555,-157.97961764395973
-0.1830621740684372,0.5585658257336403,-0.7116349805993574,0.1831989322144141,0.5275633203773161,-1.1120200810120864,-0.8699266432850665,0.6076372304039236,0.1479995275143109,-1.2230436176892692,-0.7487637098821324,0.012087898987494539,0.1440745238035952,-0.12710154343519672,1.4530728639884707,-1.660527466050006,-4.450983673713223
-0.8415719830813112,0.6177585938174597,0.5907408067885301,0.8214551223089718,-1.1479609024575725,-0.13956086191400996,-1.6770457148206328,0.6621670693043623,-0.07289773309611451,-1.8238754598884281,-1.83187648868652,-1.1166036187032047,0.3883071817085783,-0.7961089580964982,-0.6441849018220419,-0.1732729770302165,-67.84916945269762
-1.7638547714213346,-0.6402647725509578,-0.7046679562969141,-0.3394197930660123,0.8443515001075177,-0.2039101149939375,0.19890110586409374,0.8451045651506001,0.619730453419504,-1.1761316797822903,-0.33545240936462284,0.7787842663330699,-0.3739947858446962,-0.03615646849405191,1.5244009217048484,-0.08135863369836596,-77.16251931779468
0.7674827365250961,1.194397820145681,-0.062403114666601034,0.05385505109536269,-0.4958666533221936,-0.456039202702448,-0.19206890415021852,-0.6301330466714999,-0.5025698481162371,0.6801962715724036,1.5797788456579434,-0.3901670381359155,0.10971426129764296,-1.0335711566354644,-0.6678413097553979,1.230077510408711,69.60620130331445
-0.0052467590757656925,0.7653372084678846,-1.647065000682428,-0.39111724658185026,-2.551794071341038,0.22157907929824275,0.11801554320176319,-0.10909235675281102,0.5032218263702162,-0.028964076421589064,-0.5055070000181959,-1.0736351432531277,-0.33708912437440947,-2.0150011212824963,-0.18774596480719488,0.26870000080399553,22.45638777471036
-0.5905050194809707,2.445685592043455,-1.3410815373523428,0.9115583368195883,-1.2386000493011144,0.13145757961386836,0.9285260921019699,-0.25176304762614193,0.6039628901831785,0.6685425491859331,-0.9523772983948448,-0.8700642145088885,0.9353011278693356,-1.3961427034102354,0.21491458286289747,-1.311650738538377,174.61899297846776
-0.3343051702401027,0.19383809371227212,-1.3900873385688206,-0.7805571638698331,1.8265769256416884,-0.7288822811029786,-0.9129558626189693,-1.7042044922776305,0.43254983188230195,-0.05550191598449876,0.08441854643451022,-0.1657346606629901,0.17517952795946554,-0.015430686679801102,2.21029809429657,-0.6560935343054694,-218.53987763323906
0.6470608318905033,0.34089912520774357,0.4702943058742369,-0.6423607480831663,-1.828107525673682,0.9987408712309724,-1.2170908763928532,-1.2814862636720379,0.30741304745279496,-0.21582509264736577,-0.9494743458696207,0.6586378898411687,1.0022719426752051,1.0076630365722534,-0.07148989401362192,2.097855676633486,-72.72118368066329
-1.145876524283171,0.98445944765546,-0.9058017051193735,1.8365660354298385,0.10233032018981889,-0.9564964229473583,1.2053866705544964,-1.2103218661884154,0.03276393081731781,-0.2729722858675647,0.10110592384579879,-0.03184431968737144,1.7455439606235912,0.31829112904653806,0.26702768570614177,0.067375296638098,-49.88786475892773
-0.48245204047921325,-0.1581300061178348,1.706831838278987,-0.0653986200975107,-1.5470282671017432,-0.6898970413452536,0.5562002565553367,-0.4796173783426329,-0.5479649034274432,-0.9495222134884722,0.7632796589103397,0.43683601234182473,0.1665284420860412,1.1384177903234238,-0.9673711065685134,-1.0318734312700077,-5.730951725579148
-1.1311277718183386,0.14157809590328932,-1.2602396214035798,-0.29361351523074986,1.5414929429452742,-1.4518058779469836,1.7466887217873603,0.5943686951986724,-0.8530886071353054,-0.06508078829335066,-1.0821621110916821,1.4341283361365476,0.36611947811791445,2.2695003859715097,-0.18051848882877586,-0.9166560083324277,-52.4820170820874
-0.8071479535924747,-1.3088570683252168,-0.8920941698371754,-1.1950330144805097,-0.9516909443298122,0.9269287800184643,-0.8193684288697614,-0.8747267216515777,1.1110614067081248,-0.7341714661317605,-0.45189198296818506,-0.47571173770331915,-0.5276742596647238,0.45693940621463924,-1.049073164984022,-0.16967439089067468,-233.67167331196208
0.0435960727275525,-2.562466619578729,-0.8753082006489242,-0.055838898883283625,0.33368178943055476,1.2162556682086645,0.1259492907878436,-0.6845453638465178,0.7869377532253069,-0.15043365317256044,-0.16703025363214458,-1.4692671411230547,0.05007332844855738,0.03517504435357483,-1.0987031730388819,-0.18640305112075023,-227.69156580311795
-0.9041304143627781,0.6668296480684781,-0.7860134304146177,0.15285885774889946,-0.8043855586459173,0.2454096061574022,-0.10390989528611091,1.1384313427308312,1.3427110172535075,-1.6728800931504322,-1.3315730820950842,0.6082816545120576,-0.825746455549492,0.006640628677437959,-0.25635020045622414,0.14701724280329614,130.59445540080196
1.2574275613371417,-1.1080436405431622,1.4035760779736168,0.45046836902121423,0.648146135132536,-0.531181562069633,0.6446607818161091,0.28315869297628277,-0.4038345332987848,0.7468405784901696,-0.16997244243111395,-1.4460042581990784,0.3117852664430774,0.976463303019753,0.4844685244695584,0.5408271679102448,80.34617568290429
0.4403969464388688,-0.8278883062019997,-0.025193498471699178,0.9660873320172411,-0.9279871765817614,-2.388008575128462,0.2989324413431549,-0.9511774872318243,0.8290011513267322,0.5476051460199728,2.0290633295461795,-1.4114021998193735,-0.4957072589423018,0.13940795375798523,-0.11547088351084349,-1.2786071041247964,6.658241793891543
-0.46937951313045734,0.7124685977289884,-0.20641699448380557,-0.5162844998188659,-1.3509089104733696,-1.6218307379827348,-0.2091602488527915,0.3763270711330693,-0.8741746502203033,0.8159783281562197,-0.671979646690065,0.003973673169861086,0.9317393988199089,-0.5373078227933433,-0.7829584327927912,0.11853908319707476,-48.73419767871058
1.6816164067782988,0.6137813464991669,0.8045846513496924,-0.1047280885397669,1.1338045499207743,-1.4008054415582802,-0.4083455354098043,-2.1969152915612966,-0.311223576697332,-0.21076104043068736,-2.094248596817181,-0.314330431922525,0.6735064382507727,-0.5388733653948761,-1.0080468527112354,1.1914249392107454,-57.11105381521445
1.1557528848323628,-0.2187538276923135,-1.006903160070623,1.3565860005886239,0.8980423495445616,0.7847054096702792,1.1216630076049552,0.9561746509584984,0.5162915412842265,-0.8614127338986481,-0.35388552885121927,1.2409520732007906,0.25104454777537044,1.3287240405894576,-0.5995442544576518,1.3049708857693214,195.12981483766052
-0.38963493667369714,-0.5741677082681951,0.11053840557107086,-1.6156456112869342,0.6216386001963905,-1.3766595342608392,-0.581434723610188,0.7658036241707172,-1.2002911287517364,-0.24427521618237663,-0.9882020742159516,0.05147793307339524,-0.8836512020835292,0.08846282065357622,-0.4442779870974266,0.9456979331218965,-159.74087147960137
0.733532184905846,0.9022796994201013,-0.9776862811058169,-0.31287374810483415,1.3927506009979074,-1.0695772376297592,1.2536834229167353,-0.9977547731522544,-0.511572351357632,0.3375722983204772,-0.051343792977334574,-0.8571923886576207,0.9998346687726501,-0.13381803415918822,0.7686446167556618,-0.49584873480287156,37.40928288109414
-1.330420352882828,0.7365196639166103,-1.4545216733065465,2.079101922214371,0.0022554024998202443,1.6781318921808765,-1.093199764494408,-1.5464304752695222,-1.6386294275278819,-1.0404081888114862,2.70103959488468,1.33885520620752,0.274163353288855,1.3214728570652958,0.4345981453132046,0.6910613714090177,-370.8061135527152
-1.626357736593406,0.6028555654811385,1.1364932260851017,0.8192935110125046,0.6838627279502886,-0.924789409870693,1.2673492584748192,0.17647942641177838,0.279897561465191,0.9674193361498451,0.291800122368956,-0.09194803530041823,1.3517951965981518,0.2651993808705032,-1.975511540882447,-0.28734057622393955,110.74608286056166
0.02687813501326641,-0.5923467448171692,0.4078189890445272,-1.0312037192837684,0.2052996152924354,0.3347968448699882,2.102465629685627,-0.013167281988001796,-0.3281580188615311,-0.1516868726674912,0.861465069668062,-0.14761111646504682,0.7693985797972546,0.22069469000702838,0.7450904105120288,-1.9518301926295034,87.18062593167338
0.31327773042340895,0.4256698653523056,0.2613768100234675,-0.6955231361288705,0.3324407952671529,0.8494316603186189,0.23628787839263563,0.19657001669573698,-1.4437974337017432,-0.5122443918259219,-1.6471383432026456,1.2194563139721026,2.6640511000265494,1.0172230336479364,-1.0254848180098368,0.21776815166929334,-48.64093413388248
-1.7865078874559148,0.10848690585736773,0.5576289149974183,1.7100177706379511,0.1567193922988345,-1.2050220445929187,0.09956070761866068,0.12493311276048484,0.46305981721617395,-0.39029369924783325,0.6336982792993995,0.6826507814477734,-0.411528744477216,-0.23051597769987134,0.7086455133238082,-0.6024106831612652,-21.329911635805217
1.4590359032194866,-0.3440653203254551,1.3902767412259585,2.106767496050122,1.3544220683559636,2.064739964147827,0.4134594628882011,0.8531820985034093,-0.3323193482098394,-1.497518986720024,-0.22721002116620387,0.5210068396593683,0.1241790664033061,-0.12549659057612178,-0.298529293394484,0.25489453290728126,190.32441552846296
0.6589866499488073,-1.1194266029963227,-0.6343126749201458,-2.186543811881756,0.4725839787534435,-1.6164687714989256,0.14363364645756987,-0.019766949679735753,-0.22311729369173733,0.4053899072725971,0.7162326339058988,0.2790036206627039,0.8547225139646387,1.6665862946521308,0.8861916487161584,1.8412696003093423,-74.67419686784564
1.4195417231658434,0.7533463981060184,0.4353341424648905,-0.09757644838201897,1.0153990995383482,-0.7161016478843772,1.3190495949693348,1.5875045115482775,0.8866995607737859,0.15449788283025234,0.29807146827572456,-0.43289493187956163,-0.8057104034486882,0.6559211750462852,2.428513803071806,-1.7246843666110805,457.5274847109768
-0.024865464409517254,-0.5754592325455677,-0.6088274566837191,-0.6197232162264671,0.23231748513404848,-0.045611256336691365,0.7431106682637242,-0.8653374300697859,0.7235872872206253,-1.0206648402829401,-1.2313792161602075,-0.9960180064695996,-0.6431369104356058,-1.0705296743173638,0.12554831062292543,-0.9892378549393755,-56.232607207686264
-0.69269837861559,-0.39569655642039997,0.5917088023370244,0.21107970919409902,0.03985389065052147,0.2795063264704049,0.7634303486247683,-2.049444714056171,-1.7233225710486533,-0.43572413978611996,-1.2686739810819305,-0.30794092249877253,-0.6199439764018634,0.2634512130141843,0.23906484880659692,0.5417033203576299,-326.03218193158153
-1.5150658457943171,0.44791984692441383,0.6188612499247833,0.6342270843233255,0.304557273555716,-0.7189506637881999,-0.5984538774740515,1.298249637497613,0.305292522895096,1.232559400990122,-0.10094696805928986,0.8989884591406545,-0.753152550266049,-1.0677562101370377,1.491948380993264,-0.5308120052414664,49.61454290926486
-0.8559193262545293,1.010408350967647,0.08171067907332229,1.0262208647572026,-0.29478499452406387,0.6895340480408302,-0.7956368186177206,0.024634965095819642,-1.752114145664502,1.821814373699221,0.41785921483429594,-1.0623909996653083,0.45657017618167445,0.37622392878587146,-1.9063405328521348,0.6263707510048858,-155.96307468918664
0.949804673901936,0.8215401159178876,1.3091495064360614,-3.123244538427571,0.5690532965822306,0.40936168540494333,0.6706289686342886,-0.5182850266287582,0.9316449510671381,0.1073261253945439,2.0828746306490475,-1.3603019754688248,-1.170536129169473,0.9573294873017928,-0.895398125876402,-0.850918140784649,299.5443772994404
1.1839347844564279,-1.0138622835174582,1.312607833969425,-0.11700650846301228,-0.7927594247147,0.5985039810611538,-0.635259945270487,0.33112145741268373,-2.317836613746475,-0.9808497724720893,-0.9573130918166918,0.15668533782068947,-2.01961874767503,1.347157831366454,-0.20847150771376666,-0.21739645223925705,-166.9704041438233
0.3082426850095484,0.12032622298140945,-1.0811745740098686,0.9350698923039797,-0.33199273895915343,0.07331119025367801,-0.706930740873733,1.1359315008674913,1.6993804064540303,2.0342654374143376,0.6819365075013594,-2.847810337763213,1.375821344063467,0.0394773799907187,-0.3006422262492548,-0.0611172625061575,178.32000347485146
-0.6164290448046209,-0.2064216364880279,-0.2071909232519717,0.10544731127237834,-1.0997359997923801,1.1482061998243178,0.4265036089615848,0.8284635231901939,0.17990338640331166,-0.37663681892613265,-2.2000391346306407,0.0519720965716196,2.1396855593305615,-0.7790564532980578,-0.3714552926128108,-1.3617985913530628,3.0073703699328496
-1.1838219786539304,-0.3026720772158032,0.3599741484261638,-0.7834588656121159,0.04380530409128931,-0.07607004742514716,-1.4455814354066163,0.28184151596449464,-0.9265367855608232,-0.27429326955644145,-0.09036544882082101,0.24184139440442629,-0.9280568777881337,-0.06457299421320105,-0.9534879851974372,0.4362667585934142,-233.37998641078838
1.1242041332448696,2.4252100685766607,-1.3438084444735954,-0.6054364466679578,0.5878382363324657,0.4873175442380327,0.07395463664530195,0.06905551255770014,0.4149654222426216,-0.49876479981914085,-0.2822105061075655,0.5106147499116639,1.7851241643004223,1.483248090016881,0.42856487383364394,-0.24825125985974525,253.99255815605557
-1.695684294672573,-1.1031029860273665,-0.33262135848821706,-0.7771394979827096,0.06105641885285157,0.45322157591524886,-1.0724676568218197,-1.2626229713285255,0.041643737187181847,-1.0787149243228733,-0.7610801127696184,-0.8996492274589025,-0.41010200895455967,0.5093682968456628,0.5537964046923414,-0.6575569406544167,-390.452155973071
0.15168429196766745,-0.8322884286077448,0.6122489601105928,-0.8933508423620001,1.795680832965846,0.9547729680548462,-1.1227439842372011,-1.310811557575912,-1.7040877126222702,0.15042271688585673,-1.4907963885703306,0.9900270925204164,-0.1382937066676584,-0.21003349816329808,-0.42485012426977936,-0.9680313880009267,-366.4612318188109
-0.16951064431963248,1.9230092492569844,1.1708252762765874,0.46618659900669973,0.24366767391248104,-0.238364997358783,1.7308803918175988,-0.2603831678569856,1.262306936634746,-1.6102622911172282,0.5346480609899812,1.8367972664640007,-1.489757093370513,1.2172144664962095,-0.23097957912661912,-0.5133965875196711,397.23085621594
-0.3321775875698265,-0.6399151237295159,-1.5409911098206241,-1.3686979797545165,-1.598353291090395,0.6810994713010542,-0.0040924354737367314,-2.318048352761708,-0.2233016235364016,0.3623076778514398,0.11311128644904021,0.228449205265582,0.014567710112705613,0.073861630717665,-0.5922866967628596,-0.21818227600605308,-337.80095915028625
-0.1853022724135487,-1.3265364544739218,-1.8977781440804666,0.7896002044318936,-0.937532036202501,1.1740763315755434,0.15707856813956403,-0.731664677051824,0.2554806999387362,0.4180137147060503,-0.688378954587583,2.003367124246544,0.7720881864445438,1.5141501173647658,-1.237999846369076,1.7037234141301667,-240.82973586442654
-1.0358833111179047,0.8127246489961683,1.200272362556118,-1.4517698387936158,1.1469699197423782,0.994116280000804,-1.701894744497044,-0.6980502853099643,-2.0922659564938053,-0.46689847561814435,-0.0891544043057143,1.3882262936483616,0.46451834747872056,1.0978563389797138,0.9395532716365098,1.3206012350163912,-283.2856829889797
0.9726220095192657,0.6696572263585919,1.0803559296556122,-0.10429462340229942,-0.6973051071461978,-1.1957750589448988,0.8035020031814063,0.6407062456998835,-1.8095305640642971,1.2874699703552754,-0.189022101449539,-1.5359908191159903,1.664563817995497,0.7272873066686183,0.5707831632877831,1.4581382733679302,113.71181602793098
-0.9013278556347174,0.4334747162927138,1.4643135682927344,1.3088721734783584,1.8456239065609867,1.4208443834938114,-1.0051204681683965,0.14433850824051722,1.011359999187579,-0.6431906208838237,-0.14441967824892799,2.3547309974792783,-0.08003543923871134,-1.510247945078401,-1.0719574582218618,0.7267245515396391,69.61983945054989
0.6687806631521576,-0.216746565359931,0.026868942790034475,-0.8582136246746347,-0.7371025537351069,-0.1445423556992177,0.9671177128265439,1.0712983933439744,2.1899278028078526,-0.7378439790096345,1.9249730027600311,-0.586506421041352,-0.9395049109532395,0.2562742024119338,-1.7632126155402774,-0.9135949059567942,382.17409770957823
-1.8374159556247438,0.13828780090509313,0.9984286008917995,-0.503514379471559,0.11509031092379461,1.4280489199545436,0.6018169950099422,1.330912889635329,-0.46220702560261145,-0.7735343652875132,-0.3805416458656617,-1.0602745274198047,1.2607337260226739,0.5379957872287083,3.075753662551763,-0.7796834226722623,28.592524327018868
1.7108983966051992,-0.5643104520670157,-1.2403626016424183,-0.2667182515323177,0.12970333162656364,-0.28022154414491957,1.2848506298296918,1.613240502486185,1.4988272429201488,-0.9316224618664802,1.1126697080535826,0.8390208352968627,0.4396435457435774,1.7458791610082394,-1.1431454769814262,0.28865431510590284,359.1656548538715
0.9879346223915575,-0.5100845792838635,0.6551630654033603,-0.6906763418120969,0.40058257878401604,-0.12855767580899835,-1.709073814038405,-0.22994865271129417,-1.1704627152259601,-1.1160186735318105,-1.6154688929603318,1.4738415365727868,1.4026926385215162,0.43788632713860914,2.0295648015495455,1.4210382259460776,-193.55775231933526
0.865804781771525,0.6735551161916582,-0.41919292132766933,0.24394654347023653,-0.34573091205781503,-0.10368094369665184,1.2842543645320401,0.3151655956000365,0.8118775788109641,0.3357292536462348,0.6114825363951027,-0.5451096303964258,-0.020596070520545504,-0.4481257405225507,1.9733797050365303,0.980369974276857,275.1116341740382
0.0979653317227124,0.3045407960045508,1.7029437889826615,0.4376525884013837,-1.3222901290461224,-1.462030671758532,-0.595889539647285,-0.016591296938384775,0.001767897333201576,-0.13086782057494736,0.42139015402368096,-0.2056958541525666,-1.949446392849278,1.1081281988860108,-1.5784606350700776,-1.0886666354126253,74.7548074701284
0.4572612997585106,-0.5621590431286981,-1.1078525493247642,0.5169373249814241,0.34391405111759865,-1.8672578849709003,-0.9567287132197553,0.22730293010027508,0.257590393502383,-0.8049949436949474,0.06246464339384914,-0.4315665492347963,1.188963567143328,1.628651041416957,0.1878974984219658,-0.8877168266241294,-83.5386043579197
0.3344081723881032,1.3221423859987835,-0.9041187401201858,0.7465588628266928,1.5905560653506259,-0.832903829417323,-0.18637338295842087,-1.5354555908483773,-0.8272429083051277,0.6027848947929876,0.20914280989994388,0.4051763437009648,0.8492908665291872,-1.11412101250394,0.4615200921064419,-0.42333742255762735,-104.17391614342
-0.29995726614335194,-1.0174932373904786,0.5652027050443721,1.339638441459027,-0.21874376539229806,0.2895256114483668,-0.18128013004499702,0.29695876941047566,-1.2594848403399503,0.7226399459516759,-0.8144974794306689,0.1297088177770228,0.7832769780796199,1.929889572060877,0.8972213812942111,0.4800046400427371,-183.64212562726584
0.24421506200781318,-1.123103257740964,-0.5919676967768902,0.6443169911550732,2.2888298771423674,-0.7635973271745483,0.05438051370462564,-1.062823331465057,-1.0042027709494157,-1.2792951219754012,0.7070903480944198,-0.009967827485086319,0.6826010059365385,-0.10101001102729888,-0.32329214531905665,2.531746459900211,-251.84585932051445
1.4305127398085773,-1.0436991232445818,-1.8894278429693163,-1.6508596454995355,-0.3839556447490764,0.0665575135073797,-0.17745062040640625,-0.16883716478863456,2.3264744365376537,-1.648248667464449,-1.5463526803234613,0.5321038790209737,-0.6389705807658036,0.10816815196056467,-1.3064953413952847,1.6426907844742697,70.08314027466437
0.6266044247110812,-1.0908563510874323,-1.0782312299229957,-1.783767097194142,-0.4434047501309105,0.19893307673648528,-0.7220827564799618,1.215678020562304,-0.39025119744124026,1.0945048594788993,1.205050351138585,0.8959242797446586,0.8387892361563967,-0.3077975865548625,0.2614037240957591,-0.7393797044125401,-58.24926322978772
0.27763360518372776,1.5046220811204143,-2.2046446952404364,0.4886904589538077,-0.46123801631790406,1.1758955451350876,1.5175953995478015,0.2446665156358459,1.245968783236627,0.2882928786443091,0.5146894940401096,-1.2238449651237915,0.7005504130536575,-0.6392659132902035,-0.6045123647399329,2.3111118614170914,269.01964497654586
2.2777405006565683,-2.405658281098179,1.1453065109598204,-0.3995690830281648,1.8342461561414871,0.4162106698236292,-0.0807612307541978,1.3465265221764178,1.063667961019427,-1.0493120019450475,-0.44907641218408434,0.8245571130758739,-0.03388590900857811,0.7698244011506213,0.5477740573757831,-0.9619507428289193,184.56500308568243
-0.036514003832376435,-1.584214246968228,0.0129388611560151,-0.062065086218433235,2.8305146190276145,0.888169206093352,0.5523954430902537,0.05014269425779522,-0.8705535696227691,1.0247488682469503,-0.8141805361408765,-0.4178762126339942,1.0678914490976545,-1.3610509900417638,-0.5595970183810938,0.791635674407154,-178.1886903941096
0.09769726446143812,-0.971663948857411,0.2721667770731424,-0.7747406211979085,0.7792299279534751,0.24719464691763732,-0.5288807112525684,-0.25612225341311917,-0.4673473495969814,-0.9103879731872149,-1.6246613717357055,-0.1389755132706588,0.7885042661064037,-0.3779493681241237,0.853905320068261,0.10829165942397917,-178.2251602701757
-0.6699036858119786,-0.8437741418807176,-1.081105022788721,0.10350281527063163,-1.0055884933358197,0.20622939495098927,0.015236440960328989,-1.4740326004769666,1.0114039139274853,0.639324309041339,-1.9469385370301677,0.8671077570987487,-1.1357567426657154,0.15595630501803429,-0.8793695505912684,1.2892722660122502,-221.75712194522492
-0.7022242160743378,-0.47835945787105133,-0.4640449986510857,-0.5841378618570862,1.5216073477074796,0.9399086041450436,1.2183353214691726,0.13190125287706317,0.8060693287146725,-0.5181216259614955,-1.2160239269772795,0.028574806279332086,-0.9631182365883848,-2.255185973870346,-1.0996373406874183,-0.414679753497456,26.25364348987847
0.3658712311557754,0.512838412774135,0.5923360455722406,-1.5183668862204378,-0.3273276589593561,-0.8598062355943797,-0.24312922575108384,-0.5249001337963213,-0.6486442938385362,-1.3342304441686876,-2.7680066337391707,-0.7881064595922121,-1.3246702453200239,-0.24587473655594247,1.3059143553708525,-0.47664693825782517,-61.429193693007086
0.044994592075376344,-0.024799621539826122,0.04989762845229,0.4714808995638859,-0.5340978366667143,-0.06470373989009787,-0.4936714211835131,-0.45249303837996846,0.29561954775297566,-0.8452423151162204,0.5231857148468329,1.7103216707966893,0.3043378092013208,-0.9120160209277068,-1.2344054017654187,0.8993386622794041,-29.42156022319018
-0.16035338618028488,-0.8120085983298448,0.1547772094862475,0.4427528161863759,1.7585865979782294,-0.9802053905293601,0.8748713688370616,-0.497733385684034,-0.4069314537766173,2.06675046564243,-0.7080318519531443,0.17520700328566857,-0.6935719701196392,-0.5419797024628913,-0.26512582662299505,1.0350712881672421,-99.45060761514958
1.1019787829512844,0.35165536250965507,0.7449502980625328,0.3893069615999598,0.07941293006871578,-0.36288171693068194,-2.005758299249247,-0.0821778334477336,-0.006162946059524881,-1.5281711749393767,0.053699883165341286,0.7079438351168217,0.02517121600582253,-0.23879869459441608,0.9412819800198459,0.25251126702663973,4.484361789734083
0.035577917440333715,0.5746396396900632,-0.26693296151448015,1.4982942598755302,-1.2464000723709057,1.8779414682225253,-0.11003600022390841,1.3534091949347773,-0.7397761436721433,0.2513421645024652,-1.2653576122626728,-0.8978019124093708,0.33387554432626143,0.3804848056529829,-0.7980715531070556,0.21095337221602956,54.001394315811545
-0.027735056454232996,-1.3531020698133132,-0.9470957397294417,1.2186245174263495,0.31866859250062235,0.7646228792413575,0.13827550483653384,0.1294459014473153,-0.4258356489345143,-0.5295929946627866,1.9227680219539025,1.1386962801127447,0.09116001591038597,1.484951782662184,-0.4744269519828508,-1.246676525323873,-139.58613997365862
-1.1276573065986468,0.8259618413000801,0.9214236864912341,0.5675544399968707,0.24862870333493212,-0.6715746102543451,-0.5287852614488204,0.18976897888979005,0.7231171482458963,-1.7714949172306445,1.547080107965862,-0.012650326294110682,0.4455919700440507,-0.8944538129274306,-0.7371663133027916,2.744136924821439,99.25682760216539
0.16005840648699193,0.3064152252289137,-1.0541597782361316,-0.4608397059675712,-0.8217561173066482,0.2602766023377404,-0.7362716781758303,-0.10240824303212034,0.31312132379379204,0.5251841039517129,0.25749877318438946,0.9385694862810369,-0.007376381815127169,0.512833226644278,0.5921279869400412,-0.597721165147817,-34.11956715448579
0.40367470033161296,-0.4016910751537406,0.7952947783527847,-0.059790845373326816,-1.0504676348593225,-1.1282477097390318,-0.1627639937087104,-0.0014117834215070489,0.09773721420196038,-0.5826702946646277,1.959931013912381,-1.513772743353322,-0.8331272730719184,-0.16503941571550662,0.29429323260315066,1.2469004701323985,58.46745519128998
0.387012006428209,-0.3816973778487549,0.7854936588796231,-1.5665750069373858,-1.3643274708662756,-1.6358528613798196,0.138137169547582,0.3505052603002309,0.7316210136649532,-0.41993264934462254,0.4650501218094292,0.9348855690296728,-0.735311016076567,1.5215035576080644,0.701567527425168,0.31286203325585077,132.28665718166496
-0.3487931012341419,-0.23820968218204816,-0.48803871128733617,-1.093344208575803,-0.6356759144357577,0.15443642480678016,-1.13357559175639,0.7711731566143468,0.4997094070370675,-0.22692134212971685,1.0873040998526635,-0.31580712590836646,-1.185232353007278,0.25603309441356376,0.18136064877698843,1.796109501761116,-15.976423062172822
0.8247829981855181,0.8333146555842889,-0.04476234757521806,-1.6261900673852305,-1.833489515491073,1.1815040583313183,-0.551069078730929,-0.4866106538696466,-0.17109589745016157,-1.3676407331057352,0.957935116062876,-0.017600838137490055,0.05899973920874869,0.4379175963444827,1.1590211005629756,-0.8097376297670328,50.64501843158175
-1.565608784674762,0.24027437874132512,0.9068950179604617,0.943783532436592,1.5745722620242903,0.21215814138028297,0.03561398255117411,-1.766065515925959,0.5712237560466007,-1.8558015559471994,-0.5060797536322741,0.5639368838756733,-0.117890140517105,2.1373182397741965,1.0702699608865138,0.153991138797572,-139.98339423803796
1.1677193834658284,1.5867806192465055,-0.9865944230545619,0.3910095947288203,1.646232300971554,-0.7927784324868349,0.320474204114041,0.08448689748280624,-0.8048049960571546,1.1017714435467454,-0.4115148729899134,1.4526827726094966,-0.14634611163969397,-1.197899548954531,-1.2161435522408413,0.08937680089168068,117.70577284515397
-1.4194883123981108,-0.09827501068318835,-0.15200464135990022,0.3898899130419215,2.4893724166485898,0.7885906575028991,1.0505149965984608,-0.09963591141286256,0.48617359975894037,0.7739721740538724,2.6005470872629903,1.8141934118752314,-1.9559389782004433,-0.20970941634870816,-0.6387755098389672,1.2753668834877758,30.331356757605455
0.2253253527603808,0.6383403957138611,-0.6795565697398662,0.92812547397017,-0.9448248859222098,0.6598732676083189,0.7969355016405397,1.86598491088556,1.78857187254723,-0.8247712614587338,-0.7968083793554743,-0.17938853290887385,0.693593718665406,-1.5712384898439495,-1.0553615457183718,0.15494938142488632,365.6039736757786
0.4396240406047119,-1.7691397354952774,-0.23710052566145373,-1.1781053455238142,-0.983117610129896,-0.6131963385787463,3.4018633566365937,0.2450563904976513,0.05909461106947854,-0.644247199715422,-0.949140679557918,0.6330379618359985,-1.5878776259492073,-0.9376938180321762,0.836308778942754,0.9184050794461314,93.40514666145857
-0.49934101346159376,-0.9818314910282159,-0.700709862642049,1.4823742761800536,1.4458781929328588,1.0369224426429287,0.11178595449858494,0.03076171330296752,1.1821156611168337,0.8796420381373284,0.17910419836437314,-0.027971073109508655,1.8991011613658608,-0.5880840614903271,0.0018411730350738182,1.1122684303032548,-34.53595017315575
1.0400349502082509,-0.9813954146733003,-1.1570433767883337,0.8805645943823964,-0.26852345702472047,-1.4069754647778516,-1.7333623283848236,-1.004639793661925,-0.20066895120271638,0.9402345833016529,0.7671466086863099,-1.6850490650865484,-1.7864042980771229,-0.6199413860750124,0.6878909905641718,0.07773567028130224,-250.95792263172336
-0.6755409642765652,-0.8743951066492472,0.03347186073291351,-0.7855515550162793,0.2964371795406194,1.3500909888733472,-2.366962979685521,2.9337245690366034,0.791327711011564,-1.1614064359484089,-0.0728246448746138,0.25639404182586667,2.0678418865095196,-0.15088282235459433,0.17000103101128014,0.7758984248812802,29.202759834364574
-1.1673028683493645,0.15502514616635307,0.43520120240873467,-0.5059819012163935,-0.4973012806194613,0.18805661323343553,-1.0397052376078235,0.12504440332168273,0.3363892987084259,-0.9105475042878428,-0.5254648231390789,-0.0038350391447587286,0.4662987266240972,-0.5385167143553404,2.1072367218566224,0.43535294309538036,-81.30074723525325
-0.5639599703760352,0.19733235654261996,-0.5316605219364339,0.8100579733288716,0.4171873944966692,-0.5330560862804818,1.8040704502171505,-0.8495932932289749,-1.3786589382509813,-0.34144897955218484,-1.3087422960837882,1.3053501265917467,0.23558019140757472,0.499715081625499,0.24011863507324124,1.6628399256018336,-133.4966632011067
1.1503082229099524,-0.8561237397684032,0.11663125501289669,0.25490242670495916,1.5558119562862616,1.2231682635148864,-1.8910337764617162,-1.210738441550604,0.22679397763747797,1.8741958713542686,0.027450134567846816,-0.5116656088747222,0.8035393752936478,-0.37637616185359307,-1.4760413235806564,0.5000250531003368,-179.9018240250344
-1.9199176382265812,1.1094161204289141,1.9034831960709597,-0.15934598924822643,-0.9161722918898992,0.8418766646836997,1.5071735227649519,0.6623784051820473,-0.2757115455847758,-1.636790145773829,0.1057050354812964,-0.5287170729268377,-0.8563283461976048,0.8641901246220239,-0.6671033545215822,0.3602411888244306,169.69957358455633
-0.08872382318002457,0.10225993324072763,1.0534568149841208,-0.45276788265704504,-0.6891642083525024,0.8266815845679693,-1.4203921767214032,-0.7180530256700708,-0.6690107631374892,1.50096458020682,-1.474010580910543,0.7977451463268674,0.029244212549553825,1.2106595804466924,-0.20709608932644438,0.10028763855885713,-173.78341303347952
-0.3747376035965659,0.8220262346300681,0.7044324475599327,-0.1651855688007547,-1.2568240797485106,-0.35162063818070993,0.9984429853089076,2.4503143537537673,0.5059098919608839,-0.8033825745590598,1.2637534329705729,-0.8794355580966725,-0.3987791334826925,-0.7853026872549284,-0.19677674026606504,1.4042251292249552,386.21549398923696
-0.19376255652017343,1.0241235641126902,0.4588401849134463,-1.3587361727163434,-0.31120752788010425,-1.1274748909788566,0.2928756635156471,-0.6718268937750979,-1.8352509519279656,0.4124950979119191,0.9373458452955835,0.600681007398264,1.0970493748846797,0.8409345224118743,1.6777073713080468,0.9636378680285422,-79.10759970405446
-0.03977792713077545,0.849629163121562,-0.7904643194891732,-1.374101619633161,-0.18473116783731894,0.22425045040435368,0.8790828379531574,-0.5305761173384608,0.12929376680047813,-1.6830517659134427,1.6583753588061898,-0.006222879034311537,-0.4721162883144631,0.344645726147021,2.175782125986188,-0.36858440324746566,83.20062069638573
-0.11888721959076178,-0.7285727575500319,-1.451686030233003,-0.3668602735278305,0.20249197765057636,2.0459168392191422,0.02267280929461746,0.479791390817114,-0.25704943357601157,-0.19886895064993826,-0.8892065351705927,1.0970344360975395,-0.18579401159406686,-0.05107356445106658,-0.24557737175252778,-0.2828338948497339,-128.2582802015932
1.3263708835077261,0.6213336212565964,-1.3707234322249426,2.3204395125688313,-0.9457523279216005,-0.9468953223531027,1.3278096961206853,1.4474586824061908,0.38886010066982707,-0.9801667126243833,-1.0582694920070617,0.21105699045146345,-1.5252972964611573,0.7367690381572961,-0.7844603784284264,-0.864099426481443,288.30724355605764
-0.7348388176301675,1.966961344454783,-0.46387105645128035,0.6598895667209593,0.28770021266780077,-2.1931458604567666,-0.7675287213401396,0.12166887742792756,0.17535859148445912,0.7725452785565254,0.1586080505768184,-1.5388727757420855,0.12036907243167959,0.740951196560964,-0.6376219999327947,-0.6219103054406935,70.78339347715881
0.3468924292203184,-0.42141370745052364,-0.1209567018842452,-0.8039948552546459,-0.9180210201894734,0.3680126412089794,1.9540069695109457,-1.9573320780195793,2.862452966970138,-0.06502056188800956,-0.7438739075875901,-1.4295852225206505,-1.6248225001770673,-0.4711075360335663,0.9851337564233327,-0.09589042347550095,177.36014184592128
1.141836795206563,1.6603116067552552,0.4766690838323777,-1.3220787138550139,-0.8508709231194698,0.6161788389665473,-0.4163587601122579,-1.1993485612875852,1.2689440054768308,1.0941141488783241,0.11221888812702273,0.05454285205415675,-0.8070028105219809,1.1468097801106798,-0.8455543572128122,-1.4926581970218509,220.63897680319548
0.5769148396166192,-0.930065014819493,0.48399449176629167,0.4323840219832557,-0.11766905735657007,-1.0718563255950107,-0.6821399788256182,-0.07730821060562827,0.7493034249532634,-0.4316598642830102,0.3859519070802741,-0.054837592723411134,-0.28766530021414327,1.0384761198563586,-1.246302096455972,-0.7578722517337079,3.177421036202136
-1.2313641520960315,0.42571632871235765,0.9973651477681067,-2.971281660788168,1.1375419548593007,1.8424028870603106,1.0544014221956253,0.6270330909118963,-0.3375528592860345,1.0435908256282211,-1.1222542882656004,1.268504958773189,-0.759428780110016,-0.4595918945775079,-0.6602871581538394,-0.08694953058251208,64.48673322134019
-1.0248293427606305,-0.25484402440519294,-1.1793443517503397,0.09717509128945136,0.6244161778520653,-1.359165522025966,-0.20097709653634102,1.8627375397009374,-0.44416429305053107,1.4891683317196465,2.420857235406069,0.9553282911416054,0.31885969652154633,0.2145181171674824,-0.17220078535560052,-0.8314663065352286,-6.871634046828189
-0.1397236373967882,-0.04191584008729949,-0.7037380359988235,0.1205834547615412,-0.283304346228126,0.5669039871587258,-0.7358301859626019,-0.4580464421555519,-0.5471846357430797,-1.0125754819837594,-0.1125055090359063,-0.6784483889988628,0.9447538930916581,1.0458944132505852,-0.3331148358147177,-0.3563637720863502,-171.29505471198917
1.68610257899357,1.8317591045956183,-0.9363580076440969,-1.1371295746081198,1.6371317705820359,2.2551343078462027,-0.39944374255834336,0.7857606284943103,0.3183810604418112,-1.7511954871200344,0.606330197993061,1.032151189187663,-0.058917519405643756,-2.331862429295217,0.09666061143877969,0.40210838887340433,293.0290878867212
1.2247305661836223,-0.6839103437401337,1.021967869737368,-1.2907743668986538,0.7979761914054531,0.6073222910957284,-0.8137134435126393,-1.5101575650327905,0.22921318994998527,1.0712168001844151,-1.9086796897816902,-0.34376421525757633,-0.30288372616355963,-0.3512695317907229,-0.6340509390532029,-1.4369674014202285,-108.71212006503644
-1.2505927567305357,-0.09847613959515715,3.308048126362989,0.02247885762800029,0.22269622253179017,-1.0539608839658163,-0.09601353395731482,-1.1642554128912779,-0.9454001717740412,1.363191756962262,0.16456345655362378,0.3911135104777774,0.6664086450357026,0.7759245608519983,-0.8618554503063325,-1.2066439223088616,-117.3882939118794
1.2636653518140668,-1.700757668863592,0.46145280513987913,-1.2765353002001307,0.4962037910093213,0.8730536995271108,0.7076923610677961,0.537572425292186,1.015340852635006,0.07249536731550447,-0.9849776575053742,0.8894294213970028,-0.5061162326024777,-0.020805183769709117,-0.062368833715379476,0.4103678588929377,118.40559051929517
-0.13361613707973774,-0.37307846589162996,0.19036330525564063,1.9674060182553492,0.7023777071722769,-0.4180117574505018,0.030110005250312533,-1.5532574824995975,-0.6419664821926847,0.12995025081423883,-1.175615308737044,-0.38151671246994995,-0.867641807317617,-0.9979000437163078,0.45807120195040874,-0.4863196393679249,-221.16353835985765
-1.4515562545879388,0.016375403862226762,-0.5703132963245372,0.09586938581464317,0.867992092650248,0.5607360973035129,-1.6302265732432752,-1.2798722427738187,0.5565175438519386,0.35228414285433646,0.4998767950858189,-1.5527333407754613,1.2617966069778594,-0.7246106585567065,-0.1380912416206568,-2.494091159028578,-266.1784552573171
-0.1818004266268657,0.21947466438035704,-0.24721694253742454,0.4619272747194432,-0.3864476629912955,0.24471146956141382,-0.04943799989627486,-0.3882668124019132,-0.9586010241335988,-0.6684604277734586,1.1079298123246604,0.18693934008756982,1.5447083750146207,-1.0820022779654686,-2.395232483215249,-0.9628792069439929,-99.20365191421183
-0.6288043969316899,-0.5674246035206514,-1.7294105558096766,-0.08362579011658341,0.20228237271883906,-0.00112870315151288,1.1484332474915357,0.555110393957123,0.8054682917543884,0.024047437059248368,0.13298465185039085,0.12151792513087004,-2.904768085008334,-2.7814668986882447,1.9941387852609584,-0.7586969561640332,18.61286012356819
-1.077266533153193,-0.04229545114897751,-2.2156761853741194,0.9599271597415044,1.0543602399338217,-1.099720131832987,0.5742572496631836,0.6807742075048244,0.18735567927306998,-1.7589955460804862,-1.058100270924391,-1.055355962508382,-0.5835077445678296,-1.2480366612563472,-1.0816676978504054,1.858650407482364,-85.59447674622172
1.5333769961608636,1.6654423847581101,-0.5071089736971846,-0.9766443837092075,-1.891056584282338,1.747796546628329,-1.1984923845946693,0.9044708710729084,0.639754038287836,1.203811070982483,1.5583380812591159,-0.7133705546353737,1.2572660240193612,0.9567311881309828,0.6197068692690145,-0.6297289064101148,289.4319392468886
