x_K,x_E,x_pos,x_charge,ASA,x_small,x_tiny,x_A,x_Q,x_T,label
0.0862,0.092,0.140804598,0.270114943,166.577,0.431034483,0.201149425,0.0575,0.0115,0.0374,0
0.0782,0.0997,0.134770889,0.283018868,165.558,0.431266846,0.194070081,0.0782,0.0243,0.0458,0
0.0503,0.1032,0.124338624,0.28042328,164.63,0.462962963,0.161375661,0.0635,0.0185,0.045,0
0.0852,0.0879,0.126373626,0.269230769,160.888,0.497252747,0.225274725,0.0714,0.0137,0.0357,0
0.0778,0.0583,0.130555556,0.230555556,156.799,0.561111111,0.238888889,0.0917,0.0278,0.0528,0
0.0892,0.1243,0.137837838,0.305405405,162.865,0.445945946,0.2,0.0919,0.027,0.0378,0
0.0687,0.0934,0.10989011,0.25,158.216,0.524725275,0.241758242,0.0962,0.011,0.0687,0
0.1096,0.1151,0.164383562,0.342465753,167.032,0.416438356,0.145205479,0.0658,0.0247,0.0356,0
0.0687,0.0714,0.123626374,0.269230769,161.784,0.510989011,0.217032967,0.0907,0.022,0.0357,0
0.0793,0.068,0.121813031,0.243626062,157.684,0.529745042,0.257790368,0.0708,0.0198,0.051,0
0.0868,0.098,0.142857143,0.282913165,160.325,0.492997199,0.229691877,0.07,0.0196,0.042,0
0.1019,0.0854,0.179063361,0.32231405,167.966,0.44077135,0.154269972,0.0303,0.011,0.0634,0
0.118,0.134,0.166219839,0.356568365,168.166,0.388739946,0.166219839,0.059,0.0429,0.0536,0
0.1124,0.0955,0.162921348,0.292134831,163.58,0.45505618,0.18258427,0.0618,0.014,0.0674,0
0.0907,0.0522,0.107142857,0.211538462,159.266,0.516483516,0.197802198,0.0742,0.0659,0.044,0
0.0899,0.0983,0.16011236,0.308988764,165.181,0.443820225,0.188202247,0.0449,0.0281,0.0421,0
0.0736,0.1008,0.133514986,0.277929155,166.911,0.408719346,0.196185286,0.0599,0.0109,0.03,0
0.1,0.0868,0.152631579,0.268421053,164.681,0.447368421,0.207894737,0.0737,0.0211,0.0395,0
0.1058,0.0899,0.161375661,0.301587302,167.452,0.412698413,0.169312169,0.0423,0.0265,0.0503,0
0.0957,0.109,0.170212766,0.324468085,161.88,0.481382979,0.210106383,0.0399,0.0239,0.0505,0
0.0907,0.0959,0.134715026,0.28238342,166.683,0.422279793,0.165803109,0.0596,0.0104,0.0674,0
0.0765,0.095,0.142480211,0.290237467,167.485,0.424802111,0.158311346,0.0607,0.0106,0.0422,0
0.0863,0.0863,0.126684636,0.264150943,162.145,0.474393531,0.194070081,0.0485,0.0296,0.0404,0
0.0979,0.1005,0.162371134,0.298969072,165.737,0.43814433,0.182989691,0.0464,0.0232,0.0438,0
0.078,0.1075,0.115591398,0.268817204,157.968,0.505376344,0.225806452,0.0968,0.0403,0.0511,0
0.1,0.1053,0.134210526,0.276315789,165.009,0.413157895,0.197368421,0.0658,0.0289,0.0316,0
0.0907,0.0829,0.134715026,0.277202073,160.82,0.497409326,0.202072539,0.0751,0.013,0.0544,0
0.095,0.09,0.1525,0.3075,170.637,0.38,0.145,0.015,0.0175,0.0375,0
0.0909,0.1039,0.119480519,0.277922078,160.818,0.454545455,0.220779221,0.1039,0.0286,0.0208,0
0.0987,0.0911,0.13164557,0.265822785,160.066,0.486075949,0.240506329,0.0937,0.0127,0.0354,0
0.0731,0.1044,0.120104439,0.27154047,159.102,0.46997389,0.245430809,0.1123,0.0157,0.0366,0
0.0692,0.0744,0.11025641,0.238461538,164.432,0.471794872,0.197435897,0.0513,0.0128,0.0308,0
0.0754,0.108,0.148241206,0.296482412,161.392,0.457286432,0.24120603,0.0754,0.0176,0.0302,0
0.0868,0.1017,0.133995037,0.285359801,162.123,0.456575682,0.220843672,0.0695,0.0124,0.0347,0
0.0744,0.0897,0.115384615,0.274358974,160.178,0.502564103,0.192307692,0.0564,0.0051,0.0641,0
0.0882,0.073,0.133501259,0.277078086,161.613,0.498740554,0.204030227,0.0806,0.0176,0.0353,0
0.0896,0.1045,0.134328358,0.291044776,163.346,0.465174129,0.18159204,0.0597,0.0075,0.0448,0
0.087,0.0793,0.158567775,0.301790281,166.58,0.434782609,0.179028133,0.0384,0.0179,0.0409,0
0.0767,0.0716,0.097186701,0.225063939,160.187,0.493606138,0.217391304,0.1023,0.0358,0.0256,0
0.093,0.0779,0.130653266,0.27638191,161.913,0.454773869,0.218592965,0.0955,0.0226,0.0302,0
0.0633,0.0709,0.118987342,0.26835443,160.362,0.506329114,0.202531646,0.0861,0.0228,0.0759,0
0.121,0.0642,0.195061728,0.296296296,170.749,0.390123457,0.172839506,0.0593,0.042,0.0444,0
0.0813,0.0887,0.142857143,0.290640394,163.331,0.463054187,0.194581281,0.0739,0.0172,0.0493,0
0.0863,0.0787,0.14213198,0.279187817,161.761,0.507614213,0.21319797,0.0863,0.0076,0.0431,0
0.068,0.0957,0.113350126,0.249370277,158.863,0.471032746,0.251889169,0.0856,0.0302,0.0479,0
0.0814,0.1043,0.127226463,0.279898219,161.772,0.458015267,0.226463104,0.1018,0.0229,0.0433,0
0.0654,0.092,0.113801453,0.251815981,163.998,0.443099274,0.18401937,0.0557,0.0266,0.0508,0
0.1078,0.0902,0.15037594,0.30075188,165.39,0.453634085,0.185463659,0.0777,0.015,0.0501,0
0.0673,0.1122,0.12967581,0.281795511,164.843,0.443890274,0.199501247,0.0823,0.0274,0.0449,0
0.0782,0.0877,0.120853081,0.27014218,157.943,0.516587678,0.236966825,0.0948,0.0095,0.0284,0
0.0882,0.0831,0.120906801,0.259445844,157.959,0.534005038,0.23929471,0.0957,0.0151,0.063,0
0.0723,0.0795,0.113253012,0.25060241,156.11,0.534939759,0.272289157,0.1133,0.012,0.053,0
0.0871,0.0896,0.13681592,0.276119403,162.451,0.487562189,0.191542289,0.0647,0.0299,0.0398,0
0.0845,0.0797,0.140096618,0.263285024,166.07,0.434782609,0.190821256,0.0773,0.0217,0.0242,0
0.0923,0.1122,0.162094763,0.336658354,167.763,0.399002494,0.152119701,0.0474,0.0349,0.0424,0
0.0818,0.0841,0.123831776,0.254672897,160.624,0.492990654,0.219626168,0.0981,0.021,0.0561,0
0.0771,0.1108,0.151807229,0.315662651,162.936,0.481927711,0.197590361,0.0771,0.0072,0.0554,0
0.0694,0.0957,0.148325359,0.291866029,167.656,0.413875598,0.186602871,0.055,0.0239,0.0383,0
0.0748,0.0948,0.119700748,0.249376559,158.075,0.506234414,0.236907731,0.1022,0.0224,0.0374,0
0.0845,0.1009,0.117370892,0.262910798,159.762,0.490610329,0.218309859,0.0892,0.0305,0.0563,0
0.0958,0.0885,0.144963145,0.294840295,166.173,0.442260442,0.186732187,0.0565,0.0172,0.0418,0
0.0882,0.0833,0.134803922,0.274509804,162.355,0.468137255,0.18872549,0.0539,0.0221,0.0539,0
0.081,0.0833,0.128571429,0.271428571,162.181,0.49047619,0.211904762,0.0976,0.0262,0.0548,0
0.0892,0.0964,0.134939759,0.279518072,160.624,0.493975904,0.226506024,0.0988,0.0169,0.0602,0
0.0853,0.0758,0.123222749,0.255924171,160.418,0.488151659,0.210900474,0.0592,0.0213,0.0545,0
0.0775,0.1315,0.124413146,0.291079812,162.299,0.457746479,0.208920188,0.1009,0.0188,0.0352,0
0.1019,0.0995,0.148058252,0.305825243,164.227,0.441747573,0.182038835,0.068,0.0388,0.0364,0
0.0871,0.12,0.171764706,0.352941176,168.545,0.409411765,0.148235294,0.04,0.0212,0.0447,0
0.0909,0.0933,0.148325359,0.30861244,166.816,0.418660287,0.141148325,0.0383,0.0191,0.0407,0
0.0874,0.0989,0.16091954,0.314942529,162.392,0.482758621,0.204597701,0.0529,0.0069,0.0184,0
0.1061,0.1179,0.153301887,0.318396226,162.562,0.462264151,0.20754717,0.0778,0.0071,0.0401,0
0.081,0.0976,0.10952381,0.254761905,164.175,0.445238095,0.171428571,0.0667,0.0048,0.0381,0
0.0845,0.0845,0.132420091,0.262557078,162.768,0.470319635,0.210045662,0.0731,0.016,0.0228,0
0.0595,0.0952,0.145238095,0.304761905,165.733,0.423809524,0.207142857,0.0571,0.0262,0.0381,0
0.0726,0.1007,0.112412178,0.266978923,158.534,0.503512881,0.243559719,0.1054,0.0164,0.0422,0
0.0814,0.1023,0.139534884,0.28372093,165.066,0.444186047,0.179069767,0.0465,0.007,0.0512,0
0.0605,0.0791,0.097674419,0.223255814,157.998,0.506976744,0.246511628,0.0953,0.0209,0.0698,0
0.0783,0.106,0.142857143,0.306451613,167.619,0.414746544,0.175115207,0.0668,0.023,0.0392,0
0.0473,0.078,0.09929078,0.238770686,160.25,0.522458629,0.208037825,0.0473,0.0095,0.0402,0
0.0943,0.0966,0.128735632,0.28045977,160.934,0.482758621,0.213793103,0.0897,0.0115,0.0414,0
0.0789,0.1114,0.139211137,0.294663573,162.146,0.461716937,0.20649652,0.0719,0.0116,0.0487,0
0.0926,0.0856,0.134259259,0.280092593,163.596,0.451388889,0.19212963,0.0394,0.0208,0.0532,0
0.0961,0.1098,0.157894737,0.322654462,168.532,0.398169336,0.171624714,0.0641,0.0183,0.0435,0
0.0864,0.0701,0.128504673,0.257009346,160.744,0.507009346,0.184579439,0.0771,0.0491,0.0631,0
0.0968,0.0945,0.138248848,0.292626728,159.014,0.488479263,0.248847926,0.0922,0.0184,0.0392,0
0.1056,0.1056,0.150561798,0.280898876,162.624,0.451685393,0.208988764,0.0742,0.0157,0.0539,0
0.1062,0.0924,0.163972286,0.311778291,166.279,0.45034642,0.163972286,0.0554,0.0162,0.0393,0
0.089,0.089,0.125570776,0.267123288,162.57,0.46803653,0.200913242,0.0753,0.0091,0.0411,0
0.0694,0.0972,0.12037037,0.277777778,164.669,0.472222222,0.180555556,0.0278,0.0116,0.0532,0
0.0847,0.103,0.148741419,0.304347826,164.155,0.446224256,0.196796339,0.0618,0.0114,0.0435,0
0.0901,0.0946,0.132882883,0.295045045,164.67,0.43018018,0.193693694,0.0833,0.018,0.0541,0
0.0594,0.1045,0.111638955,0.256532067,159.301,0.498812352,0.22327791,0.0831,0.0166,0.0451,0
0.0852,0.083,0.122270742,0.257641921,155.69,0.548034934,0.268558952,0.1048,0.0044,0.0546,0
0.0775,0.0939,0.126760563,0.26056338,161.185,0.469483568,0.23943662,0.0728,0.0188,0.0446,0
0.0343,0.1007,0.089244851,0.233409611,161.337,0.482837529,0.231121281,0.0938,0.0297,0.0481,0
0.1037,0.0876,0.179723502,0.324884793,165.046,0.47235023,0.200460829,0.0438,0.0161,0.0323,0
0.1,0.0909,0.156818182,0.297727273,166.468,0.436363636,0.168181818,0.0477,0.0227,0.0364,0
0.0812,0.0951,0.155452436,0.303944316,168.451,0.429234339,0.153132251,0.058,0.0302,0.0441,0
0.0927,0.1038,0.119205298,0.264900662,164.344,0.432671082,0.194260486,0.0618,0.0177,0.053,0
0.1178,0.0947,0.170900693,0.325635104,165.441,0.43187067,0.166281755,0.0577,0.03,0.0393,0
0.0784,0.1123,0.127118644,0.277542373,162.572,0.449152542,0.216101695,0.1017,0.0191,0.0466,0
0.071,0.1086,0.137472284,0.303769401,165.947,0.412416851,0.197339246,0.0665,0.031,0.031,0
0.0787,0.0876,0.130337079,0.274157303,160.182,0.505617978,0.211235955,0.0584,0.0157,0.0629,0
0.0877,0.1162,0.153508772,0.324561404,170.328,0.375,0.144736842,0.0417,0.0373,0.0329,0
0.0856,0.1104,0.123873874,0.263513514,160.955,0.475225225,0.218468468,0.0631,0.0338,0.045,0
0.0822,0.1089,0.157777778,0.335555556,164.68,0.446666667,0.173333333,0.0489,0.0111,0.0511,0
0.1225,0.1002,0.14922049,0.316258352,166.549,0.405345212,0.180400891,0.0579,0.0045,0.0267,0
0.0752,0.0774,0.145785877,0.275626424,165.446,0.4738041,0.182232346,0.0433,0.0273,0.041,0
0.0875,0.1204,0.148796499,0.328227571,168.114,0.387308534,0.157549234,0.07,0.0284,0.0547,0
0.0832,0.113,0.147121535,0.31130064,164.351,0.452025586,0.176972281,0.0469,0.032,0.0512,0
0.1084,0.0885,0.168141593,0.300884956,165.251,0.420353982,0.190265487,0.0509,0.0199,0.0354,0
0.0756,0.1274,0.159827214,0.336933045,167.545,0.403887689,0.155507559,0.0626,0.0432,0.0389,0
0.1016,0.0835,0.128668172,0.273137698,164.078,0.44469526,0.203160271,0.0564,0.009,0.0248,0
0.1111,0.1195,0.174004193,0.352201258,169.401,0.385744235,0.163522013,0.0524,0.0189,0.0294,0
0.0714,0.0945,0.128151261,0.262605042,164.351,0.455882353,0.193277311,0.0546,0.0189,0.0567,0
0.0787,0.089,0.134575569,0.281573499,167.93,0.451345756,0.15320911,0.058,0.0104,0.0352,0
0.0533,0.0896,0.098081023,0.245202559,163.042,0.456289979,0.21108742,0.0853,0.0299,0.0384,0
0.0934,0.0996,0.128630705,0.273858921,161.853,0.473029046,0.186721992,0.0622,0.0166,0.0539,0
0.1073,0.1073,0.14806867,0.30472103,163.473,0.461373391,0.175965665,0.0536,0.0172,0.073,0
0.0927,0.0927,0.127155172,0.260775862,162.692,0.454741379,0.226293103,0.0711,0.0194,0.0388,0
0.0852,0.0808,0.128820961,0.251091703,162.903,0.46069869,0.205240175,0.0742,0.0218,0.048,0
0.071,0.0931,0.128603104,0.286031042,166.38,0.450110865,0.170731707,0.0576,0.0133,0.0532,0
0.0738,0.1097,0.147679325,0.299578059,161.966,0.47257384,0.215189873,0.0844,0.0148,0.0506,0
0.0764,0.0743,0.127388535,0.25477707,160.844,0.49044586,0.23566879,0.0573,0.0127,0.0446,0
0.0618,0.1023,0.121535181,0.262260128,163.702,0.430703625,0.221748401,0.0597,0.0213,0.0362,0
0.0774,0.0903,0.124731183,0.268817204,160.591,0.488172043,0.223655914,0.0559,0.0194,0.043,0
0.1088,0.136,0.165271967,0.336820084,167.538,0.407949791,0.144351464,0.0418,0.0314,0.0397,0
0.0802,0.0597,0.117283951,0.255144033,164.186,0.477366255,0.181069959,0.0638,0.0288,0.0494,0
0.0946,0.1054,0.148387097,0.305376344,165.393,0.449462366,0.165591398,0.0581,0.0151,0.0538,0
0.0723,0.0764,0.128099174,0.262396694,161.242,0.491735537,0.212809917,0.0702,0.0207,0.0517,0
0.0721,0.0782,0.128256513,0.254509018,156.873,0.541082164,0.26252505,0.0902,0.02,0.0581,0
0.0861,0.1029,0.134453782,0.281512605,161.371,0.474789916,0.214285714,0.0819,0.021,0.0462,0
0.0878,0.0918,0.142857143,0.285714286,159.582,0.504081633,0.232653061,0.0959,0.0163,0.051,0
0.0858,0.0983,0.129707113,0.267782427,162.295,0.466527197,0.228033473,0.0753,0.0209,0.0481,0
0.0768,0.1322,0.149253731,0.32196162,168.477,0.388059701,0.162046908,0.0512,0.0149,0.0341,0
0.1017,0.0768,0.15560166,0.296680498,162.735,0.458506224,0.213692946,0.0726,0.0145,0.0602,0
0.0777,0.0996,0.123505976,0.272908367,162.292,0.478087649,0.189243028,0.0697,0.012,0.0498,0
0.0947,0.0905,0.135802469,0.29218107,166.117,0.434156379,0.150205761,0.0453,0.0165,0.035,0
0.0766,0.0968,0.131048387,0.280241935,165.499,0.435483871,0.189516129,0.0726,0.0262,0.0403,0
0.0793,0.0833,0.115853659,0.243902439,160.038,0.504065041,0.227642276,0.063,0.0142,0.0569,0
0.0682,0.0888,0.113636364,0.26446281,163.824,0.479338843,0.183884298,0.0579,0.0186,0.0537,0
0.099,0.0788,0.137373737,0.280808081,163.33,0.450505051,0.204040404,0.0424,0.0162,0.0303,0
0.0803,0.1052,0.137667304,0.284894837,163.987,0.435946463,0.189292543,0.0554,0.0325,0.0402,0
0.0837,0.1255,0.157370518,0.342629482,170.306,0.360557769,0.137450199,0.0438,0.0219,0.0378,0
0.0789,0.1134,0.151821862,0.32388664,167.09,0.429149798,0.159919028,0.0526,0.0202,0.0425,0
0.0739,0.1397,0.149700599,0.335329341,171.809,0.345309381,0.141716567,0.0459,0.022,0.0359,0
0.0804,0.1175,0.15257732,0.313402062,171.872,0.358762887,0.148453608,0.0412,0.0144,0.0227,0
0.0854,0.1077,0.144308943,0.282520325,163.312,0.443089431,0.227642276,0.0569,0.0244,0.0183,0
0.1136,0.0913,0.164300203,0.312373225,161.138,0.484787018,0.229208925,0.0852,0.0081,0.0507,0
0.0804,0.1078,0.147058824,0.3,165.237,0.433333333,0.18627451,0.0588,0.0196,0.0275,0
0.0645,0.0827,0.135080645,0.282258065,167.449,0.435483871,0.159274194,0.0464,0.0282,0.0302,0
0.0763,0.1011,0.133587786,0.295801527,162.182,0.465648855,0.209923664,0.0992,0.0286,0.0573,0
0.068,0.0777,0.116504854,0.252427184,159.306,0.500970874,0.225242718,0.0874,0.0272,0.0427,0
0.1067,0.1126,0.16798419,0.318181818,167.02,0.40513834,0.171936759,0.0514,0.0217,0.0455,0
0.0929,0.087,0.136363636,0.28458498,162.66,0.462450593,0.209486166,0.081,0.0277,0.0395,0
0.0815,0.1,0.135185185,0.292592593,163.852,0.438888889,0.185185185,0.0519,0.0167,0.0481,0
0.0897,0.0935,0.129770992,0.270992366,160.131,0.484732824,0.208015267,0.0859,0.0191,0.042,0
0.0985,0.119,0.137546468,0.30669145,158.579,0.49070632,0.234200743,0.1115,0.0242,0.0595,0
0.0965,0.0724,0.120593692,0.26716141,162.258,0.491651206,0.19109462,0.0649,0.0167,0.0538,0
0.0703,0.0847,0.118918919,0.257657658,156.943,0.50990991,0.263063063,0.0793,0.0072,0.0396,0
0.0788,0.0934,0.133699634,0.289377289,165.276,0.441391941,0.179487179,0.0623,0.022,0.0385,0
0.0812,0.0683,0.121771218,0.245387454,157.682,0.522140221,0.247232472,0.0996,0.0055,0.048,0
0.0798,0.0833,0.125886525,0.255319149,165.085,0.462765957,0.182624113,0.0567,0.0177,0.0443,0
0.0629,0.1054,0.134353741,0.284013605,167.025,0.43707483,0.173469388,0.0629,0.017,0.0357,0
0.0901,0.1092,0.145580589,0.306759099,165.584,0.431542461,0.180242634,0.0537,0.0225,0.0381,0
0.0929,0.1119,0.154905336,0.314974182,167.407,0.39070568,0.168674699,0.0585,0.031,0.0448,0
0.0645,0.0878,0.112903226,0.250896057,159.595,0.491039427,0.227598566,0.0771,0.0323,0.0484,0
0.063,0.0928,0.133099825,0.278458844,161.796,0.474605954,0.22591944,0.0858,0.021,0.0403,0
0.064,0.1027,0.11952862,0.272727273,162.305,0.47979798,0.19023569,0.0673,0.0337,0.0556,0
0.16,0.1,0.3,0.4,180.426,0.32,0.12,0.04,0.02,0.12,0
0.0755,0.1132,0.113207547,0.358490566,160.604,0.528301887,0.245283019,0.0377,0.0,0.0189,0
0.1639,0.0656,0.31147541,0.37704918,176.72,0.344262295,0.229508197,0.082,0.0,0.0164,0
0.1143,0.0714,0.171428571,0.328571429,164.501,0.485714286,0.157142857,0.0286,0.0429,0.0857,0
0.1212,0.1212,0.257575758,0.409090909,178.508,0.242424242,0.106060606,0.0455,0.0455,0.0606,0
0.0896,0.1045,0.179104478,0.328358209,174.104,0.358208955,0.119402985,0.0448,0.0299,0.0746,0
0.0685,0.1233,0.205479452,0.369863014,173.658,0.315068493,0.136986301,0.0548,0.0274,0.0548,0
0.0676,0.0811,0.189189189,0.324324324,167.565,0.418918919,0.135135135,0.0405,0.0,0.027,0
0.1139,0.1139,0.202531646,0.367088608,165.367,0.430379747,0.164556962,0.0759,0.0127,0.0633,0
0.1867,0.0267,0.306666667,0.386666667,178.189,0.32,0.146666667,0.04,0.0267,0.04,0
0.0897,0.2051,0.102564103,0.384615385,162.504,0.41025641,0.166666667,0.0641,0.0256,0.0256,0
0.075,0.0875,0.15,0.2625,167.363,0.4,0.15,0.0375,0.0625,0.0625,0
0.0864,0.037,0.197530864,0.24691358,172.77,0.37037037,0.172839506,0.0123,0.0247,0.0494,0
0.1446,0.1566,0.168674699,0.34939759,171.386,0.34939759,0.096385542,0.0361,0.0241,0.0361,0
0.092,0.069,0.126436782,0.229885057,154.456,0.563218391,0.298850575,0.1609,0.023,0.023,0
0.0667,0.0667,0.1,0.233333333,162.61,0.466666667,0.188888889,0.0778,0.0444,0.0333,0
0.1444,0.0889,0.255555556,0.377777778,176.991,0.277777778,0.111111111,0.0333,0.0222,0.0333,0
0.2222,0.0778,0.277777778,0.388888889,166.29,0.433333333,0.177777778,0.1,0.0222,0.0667,0
0.0957,0.1277,0.159574468,0.340425532,167.035,0.425531915,0.170212766,0.0532,0.0213,0.0426,0
0.1579,0.0737,0.242105263,0.336842105,168.354,0.389473684,0.189473684,0.0526,0.0,0.0526,0
0.1224,0.0408,0.214285714,0.295918367,162.728,0.489795918,0.255102041,0.051,0.0306,0.0408,0
0.163,0.1196,0.173913043,0.413043478,165.734,0.423913043,0.141304348,0.0543,0.0,0.0217,0
0.0652,0.1196,0.130434783,0.304347826,164.871,0.489130435,0.239130435,0.0217,0.0,0.0326,0
0.17,0.12,0.23,0.36,173.395,0.35,0.1,0.04,0.02,0.04,0
0.0938,0.1354,0.15625,0.385416667,170.745,0.375,0.09375,0.0208,0.0208,0.0208,0
0.1275,0.0686,0.196078431,0.333333333,167.95,0.431372549,0.156862745,0.049,0.0098,0.0392,0
0.0909,0.101,0.191919192,0.313131313,169.988,0.343434343,0.191919192,0.0202,0.0,0.0303,0
0.1939,0.0918,0.244897959,0.367346939,171.924,0.346938776,0.142857143,0.0408,0.0306,0.0306,0
0.1524,0.0762,0.257142857,0.39047619,168.388,0.457142857,0.171428571,0.0286,0.019,0.019,0
0.0755,0.0943,0.122641509,0.235849057,157.861,0.481132075,0.283018868,0.1226,0.0094,0.0755,0
0.0777,0.0777,0.106796117,0.242718447,158.258,0.524271845,0.233009709,0.0874,0.0,0.068,0
0.0769,0.0962,0.096153846,0.269230769,162.822,0.509615385,0.134615385,0.0385,0.0192,0.0577,0
0.1182,0.0636,0.145454545,0.3,163.835,0.454545455,0.190909091,0.0455,0.0273,0.0545,0
0.1071,0.1161,0.160714286,0.339285714,163.865,0.446428571,0.142857143,0.0357,0.0357,0.0714,0
0.087,0.1391,0.095652174,0.269565217,161.988,0.434782609,0.217391304,0.0435,0.0261,0.0435,0
0.1217,0.087,0.260869565,0.391304348,171.46,0.408695652,0.130434783,0.0174,0.0087,0.0348,0
0.1271,0.0424,0.288135593,0.36440678,174.291,0.36440678,0.203389831,0.1102,0.0508,0.0085,0
0.0826,0.0744,0.115702479,0.256198347,163.826,0.446280992,0.181818182,0.0579,0.0248,0.0083,0
0.1311,0.082,0.245901639,0.368852459,168.893,0.393442623,0.196721311,0.0738,0.0246,0.041,0
0.0847,0.1017,0.237288136,0.381355932,172.642,0.347457627,0.177966102,0.1017,0.0169,0.0339,0
0.1167,0.075,0.15,0.291666667,162.799,0.475,0.208333333,0.1167,0.025,0.0333,0
0.0833,0.1417,0.141666667,0.325,171.311,0.358333333,0.133333333,0.0333,0.0167,0.05,0
0.125,0.1641,0.140625,0.328125,157.288,0.484375,0.2578125,0.1719,0.0234,0.0313,0
0.119,0.0635,0.246031746,0.349206349,166.226,0.452380952,0.198412698,0.0635,0.0238,0.0794,0
0.0902,0.0492,0.18852459,0.303278689,163.716,0.516393443,0.196721311,0.0738,0.0164,0.041,0
0.0847,0.1017,0.161016949,0.338983051,168.953,0.398305085,0.169491525,0.0593,0.0085,0.0424,0
0.0992,0.1405,0.190082645,0.363636364,170.177,0.355371901,0.165289256,0.0413,0.0248,0.0248,0
0.125,0.0547,0.2421875,0.3125,162.591,0.4921875,0.2421875,0.0625,0.0391,0.0391,0
0.1102,0.1181,0.133858268,0.299212598,162.636,0.472440945,0.188976378,0.0945,0.0236,0.0315,0
0.0806,0.1129,0.120967742,0.282258065,165.194,0.427419355,0.177419355,0.0806,0.0242,0.0403,0
0.0615,0.1077,0.107692308,0.269230769,163.108,0.461538462,0.215384615,0.0846,0.0231,0.0462,0
0.0968,0.1613,0.10483871,0.338709677,161.616,0.467741935,0.185483871,0.0726,0.0403,0.0403,0
0.1154,0.0308,0.2,0.276923077,158.249,0.546153846,0.246153846,0.0769,0.0308,0.0846,0
0.1119,0.0597,0.21641791,0.305970149,165.138,0.462686567,0.208955224,0.0746,0.0299,0.0448,0
0.0833,0.0758,0.143939394,0.28030303,158.039,0.537878788,0.287878788,0.1136,0.0076,0.0303,0
0.1119,0.0522,0.194029851,0.305970149,166.719,0.432835821,0.194029851,0.0597,0.0149,0.0373,0
0.0787,0.0551,0.149606299,0.251968504,167.565,0.472440945,0.125984252,0.0394,0.0315,0.063,0
0.0942,0.0507,0.123188406,0.231884058,164.348,0.449275362,0.18115942,0.0435,0.0217,0.058,0
0.0593,0.0889,0.103703704,0.244444444,159.147,0.518518519,0.207407407,0.0444,0.0296,0.0593,0
0.0357,0.0857,0.121428571,0.25,160.866,0.55,0.2,0.1,0.0214,0.0643,0
0.1515,0.1515,0.174242424,0.340909091,167.153,0.386363636,0.196969697,0.0455,0.0152,0.0379,0
0.1278,0.1729,0.165413534,0.368421053,164.314,0.390977444,0.195488722,0.0677,0.0075,0.015,0
0.0647,0.0791,0.129496403,0.244604317,165.752,0.467625899,0.158273381,0.0432,0.0288,0.036,0
0.1185,0.0889,0.148148148,0.288888889,164.701,0.437037037,0.148148148,0.0296,0.0222,0.0296,0
0.1181,0.125,0.166666667,0.340277778,164.434,0.423611111,0.236111111,0.1042,0.0208,0.0208,0
0.0786,0.1214,0.171428571,0.335714286,169.59,0.371428571,0.178571429,0.0714,0.0214,0.0286,0
0.1348,0.0709,0.156028369,0.255319149,158.638,0.503546099,0.24822695,0.1277,0.0284,0.0567,0
0.0903,0.1667,0.194444444,0.395833333,171.674,0.333333333,0.138888889,0.0417,0.0278,0.0139,0
0.1197,0.0704,0.204225352,0.288732394,165.352,0.429577465,0.232394366,0.0986,0.0352,0.0352,0
0.0764,0.0903,0.145833333,0.291666667,166.334,0.430555556,0.166666667,0.0347,0.0139,0.0208,0
0.1014,0.0946,0.175675676,0.337837838,169.746,0.432432432,0.148648649,0.0676,0.0135,0.0203,0
0.1342,0.0537,0.201342282,0.288590604,169.826,0.416107383,0.147651007,0.0604,0.0336,0.047,0
0.1197,0.1127,0.161971831,0.330985915,165.298,0.422535211,0.225352113,0.0704,0.007,0.0282,0
0.1074,0.0872,0.161073826,0.315436242,161.354,0.503355705,0.208053691,0.0537,0.0134,0.0403,0
0.1497,0.0884,0.231292517,0.346938776,161.995,0.455782313,0.231292517,0.0612,0.0204,0.034,0
0.0878,0.1351,0.168918919,0.358108108,167.349,0.432432432,0.182432432,0.0676,0.0,0.0203,0
0.1544,0.1745,0.214765101,0.429530201,171.856,0.33557047,0.140939597,0.0604,0.0067,0.0268,0
0.1214,0.1357,0.185714286,0.371428571,169.039,0.378571429,0.164285714,0.0714,0.0,0.0429,0
0.0667,0.1,0.133333333,0.26,160.233,0.48,0.206666667,0.06,0.04,0.0467,0
0.1184,0.0855,0.177631579,0.335526316,166.655,0.427631579,0.171052632,0.0526,0.0263,0.0395,0
0.0714,0.1039,0.142857143,0.272727273,161.767,0.435064935,0.253246753,0.0779,0.0065,0.039,0
0.1053,0.1316,0.210526316,0.361842105,173.87,0.322368421,0.164473684,0.0263,0.0329,0.0197,0
0.0968,0.0839,0.174193548,0.316129032,166.328,0.432258065,0.180645161,0.0645,0.0129,0.0387,0
0.0933,0.08,0.126666667,0.253333333,163.841,0.42,0.193333333,0.0867,0.0333,0.0067,0
0.0974,0.1234,0.201298701,0.37012987,170.077,0.402597403,0.181818182,0.0519,0.0,0.0325,0
0.0645,0.071,0.083870968,0.2,155.355,0.516129032,0.264516129,0.0516,0.0065,0.0581,0
0.057,0.0886,0.164556962,0.303797468,167.686,0.424050633,0.183544304,0.0886,0.0316,0.038,0
0.1026,0.1538,0.224358974,0.429487179,171.476,0.384615385,0.166666667,0.0385,0.0256,0.0449,0
0.1053,0.1118,0.151315789,0.289473684,163.898,0.467105263,0.177631579,0.0592,0.0,0.0461,0
0.1491,0.1056,0.180124224,0.347826087,165.778,0.428571429,0.186335404,0.0373,0.0124,0.0373,0
0.0993,0.1325,0.145695364,0.298013245,166.734,0.40397351,0.205298013,0.0795,0.0,0.0265,0
0.0927,0.1126,0.165562914,0.317880795,169.87,0.350993377,0.158940397,0.0331,0.0066,0.0397,0
0.1032,0.0839,0.225806452,0.348387097,169.77,0.432258065,0.167741935,0.1161,0.0323,0.0452,0
0.0455,0.0909,0.116883117,0.253246753,158.323,0.487012987,0.272727273,0.1234,0.013,0.0455,0
0.0962,0.0962,0.153846154,0.314102564,162.342,0.429487179,0.237179487,0.0513,0.0,0.0192,0
0.1329,0.0949,0.215189873,0.341772152,170.215,0.392405063,0.164556962,0.0443,0.0063,0.038,0
0.0745,0.118,0.124223602,0.316770186,167.698,0.397515528,0.124223602,0.0248,0.0186,0.0559,0
0.1176,0.0654,0.156862745,0.307189542,166.673,0.483660131,0.14379085,0.0588,0.0065,0.0392,0
0.1154,0.141,0.179487179,0.371794872,166.389,0.403846154,0.192307692,0.0513,0.0385,0.0256,0
0.0705,0.0833,0.115384615,0.230769231,160.916,0.487179487,0.198717949,0.0641,0.0321,0.0577,0
0.1274,0.0828,0.165605096,0.286624204,156.617,0.515923567,0.27388535,0.0955,0.0064,0.0382,0
0.0882,0.0941,0.141176471,0.282352941,165.098,0.482352941,0.235294118,0.0529,0.0176,0.0294,0
0.1049,0.1481,0.12345679,0.296296296,165.014,0.382716049,0.154320988,0.0185,0.0309,0.0432,0
0.0727,0.1394,0.096969697,0.284848485,163.711,0.436363636,0.151515152,0.0485,0.0242,0.0424,0
0.1056,0.0932,0.149068323,0.304347826,165.835,0.440993789,0.173913043,0.0559,0.0062,0.0373,0
0.0943,0.1006,0.150943396,0.295597484,164.71,0.452830189,0.163522013,0.0692,0.0189,0.0881,0
0.0898,0.0958,0.113772455,0.22754491,158.696,0.502994012,0.233532934,0.0958,0.012,0.0539,0
0.0875,0.1063,0.11875,0.26875,167.989,0.40625,0.15,0.0438,0.0313,0.0313,0
0.0828,0.0947,0.118343195,0.272189349,160.324,0.538461538,0.171597633,0.0651,0.0296,0.0592,0
0.0872,0.0698,0.139534884,0.244186047,163.383,0.459302326,0.186046512,0.0407,0.0407,0.0523,0
0.0732,0.1402,0.115853659,0.304878049,169.385,0.353658537,0.176829268,0.0793,0.0549,0.0244,0
0.1124,0.1065,0.159763314,0.319526627,167.012,0.420118343,0.142011834,0.0414,0.0237,0.0296,0
0.1227,0.0859,0.159509202,0.300613497,164.154,0.429447853,0.202453988,0.0613,0.0061,0.0429,0
0.0867,0.0925,0.150289017,0.306358382,167.139,0.404624277,0.161849711,0.0694,0.0289,0.0347,0
0.067,0.0894,0.184357542,0.324022346,169.992,0.391061453,0.173184358,0.0391,0.0056,0.0503,0
0.0602,0.0843,0.126506024,0.277108434,161.486,0.506024096,0.21686747,0.0723,0.012,0.0181,0
0.0714,0.0893,0.142857143,0.267857143,162.11,0.470238095,0.232142857,0.0893,0.0179,0.0298,0
0.1071,0.131,0.166666667,0.339285714,165.596,0.404761905,0.196428571,0.0298,0.0119,0.0238,0
0.1053,0.0643,0.128654971,0.233918129,155.13,0.526315789,0.269005848,0.0819,0.0117,0.0351,0
0.1271,0.1215,0.187845304,0.348066298,170.678,0.370165746,0.182320442,0.0497,0.0055,0.011,0
0.0955,0.0955,0.129213483,0.303370787,164.978,0.471910112,0.140449438,0.0393,0.0225,0.0281,0
0.0556,0.1056,0.133333333,0.283333333,165.433,0.411111111,0.2,0.0389,0.0333,0.0278,0
0.0978,0.087,0.163043478,0.27173913,165.034,0.467391304,0.168478261,0.0435,0.0489,0.0272,0
0.1173,0.1061,0.167597765,0.30726257,166.376,0.407821229,0.184357542,0.0782,0.0112,0.0503,0
0.0629,0.1314,0.137142857,0.291428571,163.854,0.428571429,0.2,0.0514,0.0229,0.0343,0
0.0914,0.0857,0.165714286,0.302857143,164.633,0.48,0.205714286,0.0343,0.0057,0.0514,0
0.1292,0.0955,0.174157303,0.359550562,169.304,0.398876404,0.146067416,0.0281,0.0056,0.0225,0
0.0904,0.0691,0.175531915,0.303191489,168.115,0.420212766,0.170212766,0.0585,0.0426,0.0426,0
0.0739,0.0795,0.147727273,0.289772727,160.789,0.465909091,0.261363636,0.1193,0.017,0.0398,0
0.1543,0.1371,0.24,0.422857143,175.074,0.302857143,0.12,0.0514,0.0457,0.0,0
0.0879,0.1099,0.153846154,0.318681319,169.398,0.395604396,0.175824176,0.0385,0.0165,0.022,0
0.0838,0.1397,0.145251397,0.335195531,165.027,0.43575419,0.173184358,0.0559,0.0168,0.0559,0
0.0929,0.0984,0.147540984,0.295081967,162.576,0.453551913,0.224043716,0.071,0.0109,0.0219,0
0.0582,0.0899,0.100529101,0.253968254,160.07,0.481481481,0.227513228,0.0423,0.0106,0.0265,0
0.0503,0.0447,0.111731844,0.206703911,161.565,0.508379888,0.217877095,0.067,0.0391,0.0559,0
0.1351,0.1514,0.189189189,0.394594595,170.665,0.367567568,0.113513514,0.0432,0.0216,0.0432,0
0.1042,0.1094,0.135416667,0.296875,164.242,0.453125,0.15625,0.0677,0.0417,0.0677,0
0.0938,0.0885,0.15625,0.28125,165.3,0.427083333,0.197916667,0.0521,0.0208,0.0156,0
0.1081,0.0811,0.151351351,0.302702703,168.488,0.427027027,0.151351351,0.0378,0.0216,0.0162,0
0.1111,0.1167,0.15,0.327777778,163.202,0.466666667,0.183333333,0.0722,0.0111,0.0444,0
0.0924,0.125,0.163043478,0.331521739,168.855,0.375,0.163043478,0.0489,0.0163,0.0326,0
0.0934,0.1099,0.148351648,0.302197802,165.932,0.417582418,0.203296703,0.0824,0.0165,0.0385,0
0.0924,0.0489,0.135869565,0.244565217,164.552,0.483695652,0.195652174,0.0707,0.0,0.0217,0
0.1217,0.1111,0.195767196,0.380952381,170.982,0.386243386,0.142857143,0.0529,0.0317,0.0317,0
0.0872,0.0974,0.138461538,0.282051282,163.907,0.420512821,0.21025641,0.0667,0.0154,0.0308,0
0.0739,0.069,0.128078818,0.275862069,162.198,0.477832512,0.216748768,0.0936,0.0296,0.0443,0
0.0891,0.1337,0.163366337,0.331683168,165.269,0.430693069,0.202970297,0.0693,0.0,0.0396,0
0.0833,0.0938,0.130208333,0.28125,162.778,0.442708333,0.21875,0.0573,0.0052,0.0469,0
0.0576,0.0838,0.104712042,0.22513089,157.843,0.497382199,0.256544503,0.1099,0.0366,0.0733,0
0.0995,0.1204,0.136125654,0.287958115,162.166,0.434554974,0.235602094,0.0576,0.0262,0.0524,0
0.0638,0.0957,0.122340426,0.276595745,164.612,0.446808511,0.154255319,0.0532,0.0213,0.0532,0
0.1,0.0842,0.147368421,0.263157895,162.899,0.463157895,0.215789474,0.0737,0.0105,0.0421,0
0.0761,0.0914,0.116751269,0.248730964,164.584,0.436548223,0.182741117,0.0457,0.0254,0.0406,0
0.1327,0.0918,0.168367347,0.31122449,164.735,0.448979592,0.204081633,0.0918,0.0,0.0357,0
0.0634,0.0829,0.136585366,0.27804878,162.912,0.497560976,0.209756098,0.0634,0.0098,0.0195,0
0.08,0.08,0.13,0.26,161.179,0.505,0.185,0.07,0.005,0.06,0
0.1077,0.0923,0.123076923,0.266666667,163.064,0.471794872,0.18974359,0.0615,0.0,0.0359,0
0.0948,0.1422,0.156398104,0.345971564,168.42,0.388625592,0.184834123,0.0711,0.019,0.0332,0
0.1327,0.1276,0.18877551,0.37755102,169.881,0.37755102,0.153061224,0.0459,0.0153,0.0459,0
0.1472,0.0609,0.187817259,0.335025381,164.956,0.472081218,0.162436548,0.0406,0.0102,0.0508,0
0.0914,0.1066,0.192893401,0.345177665,169.716,0.370558376,0.177664975,0.0558,0.0203,0.0203,0
0.1043,0.0758,0.203791469,0.317535545,170.955,0.388625592,0.151658768,0.0284,0.0379,0.0142,0
0.0966,0.1111,0.169082126,0.338164251,167.996,0.434782609,0.164251208,0.0435,0.0145,0.0386,0
0.0697,0.1194,0.144278607,0.293532338,167.749,0.412935323,0.189054726,0.0448,0.0199,0.0249,0
0.1407,0.0553,0.211055276,0.32160804,166.607,0.467336683,0.16080402,0.0553,0.0201,0.0251,0
0.0791,0.1023,0.130232558,0.28372093,162.364,0.437209302,0.2,0.0651,0.0233,0.0372,0
0.0861,0.0909,0.133971292,0.291866029,163.898,0.454545455,0.162679426,0.0813,0.0048,0.0526,0
0.1122,0.1073,0.131707317,0.263414634,158.94,0.507317073,0.229268293,0.0829,0.0146,0.0537,0
0.1304,0.0628,0.188405797,0.289855072,160.58,0.512077295,0.217391304,0.0483,0.0242,0.0338,0
0.0725,0.1063,0.140096618,0.304347826,159.902,0.497584541,0.231884058,0.1014,0.0242,0.0338,0
0.0769,0.0769,0.168269231,0.283653846,163.134,0.466346154,0.192307692,0.0769,0.0288,0.0625,0
0.1159,0.0773,0.1352657,0.265700483,163.006,0.47826087,0.169082126,0.0242,0.0097,0.0676,0
0.1024,0.1512,0.170731707,0.365853659,169.53,0.370731707,0.165853659,0.0537,0.0293,0.039,0
0.0865,0.1106,0.144230769,0.293269231,161.576,0.471153846,0.230769231,0.0769,0.0096,0.0192,0
0.0737,0.1106,0.101382488,0.258064516,161.463,0.474654378,0.188940092,0.0645,0.0092,0.0645,0
0.0732,0.1024,0.141463415,0.292682927,167.564,0.395121951,0.195121951,0.0829,0.0244,0.0293,0
0.087,0.1014,0.125603865,0.265700483,163.679,0.439613527,0.193236715,0.0386,0.0193,0.0242,0
0.0664,0.0853,0.09478673,0.246445498,158.072,0.521327014,0.218009479,0.0569,0.0142,0.0332,0
0.108,0.0939,0.136150235,0.300469484,163.793,0.450704225,0.169014085,0.0563,0.0047,0.0563,0
0.0545,0.0864,0.113636364,0.263636364,164.153,0.454545455,0.177272727,0.0682,0.0091,0.0318,0
0.1045,0.1,0.172727273,0.35,166.705,0.436363636,0.154545455,0.0409,0.0273,0.0455,0
0.0939,0.1221,0.201877934,0.356807512,169.905,0.403755869,0.154929577,0.0423,0.0188,0.0516,0
0.0977,0.1023,0.134883721,0.297674419,166.391,0.427906977,0.144186047,0.0512,0.0093,0.0744,0
0.1226,0.0708,0.20754717,0.316037736,167.639,0.419811321,0.188679245,0.0802,0.033,0.0377,0
0.0655,0.083,0.104803493,0.27510917,159.832,0.506550218,0.19650655,0.083,0.0175,0.0437,0
0.1009,0.1055,0.128440367,0.28440367,162.126,0.467889908,0.188073394,0.0872,0.0138,0.0367,0
0.0773,0.1091,0.154545455,0.322727273,163.563,0.463636364,0.2,0.0818,0.0227,0.0455,0
0.1187,0.1187,0.164383562,0.301369863,169.014,0.378995434,0.168949772,0.0365,0.032,0.0365,0
0.08,0.0933,0.146666667,0.275555556,165.81,0.417777778,0.191111111,0.0489,0.0178,0.04,0
0.105,0.1187,0.146118721,0.301369863,161.785,0.465753425,0.242009132,0.0913,0.0046,0.0411,0
0.0489,0.1022,0.111111111,0.262222222,162.523,0.48,0.213333333,0.0578,0.0089,0.0267,0
0.0885,0.0796,0.101769912,0.238938053,158.885,0.491150442,0.216814159,0.0575,0.0,0.0398,0
0.0529,0.0881,0.105726872,0.251101322,163.236,0.471365639,0.207048458,0.0529,0.022,0.0176,0
0.0873,0.1397,0.161572052,0.323144105,168.034,0.384279476,0.179039301,0.0568,0.0262,0.0218,0
0.0721,0.1171,0.157657658,0.315315315,166.207,0.432432432,0.193693694,0.0766,0.018,0.036,0
0.0862,0.1293,0.137931034,0.310344828,166.644,0.405172414,0.176724138,0.069,0.0216,0.0345,0
0.0786,0.0655,0.165938865,0.292576419,167.998,0.419213974,0.179039301,0.048,0.0044,0.048,0
0.1198,0.0868,0.17768595,0.32231405,163.244,0.479338843,0.198347107,0.0992,0.0207,0.0372,0
0.0753,0.1004,0.133891213,0.280334728,162.123,0.485355649,0.217573222,0.0711,0.0084,0.046,0
0.1083,0.1542,0.1625,0.358333333,166.502,0.383333333,0.2,0.0875,0.0292,0.0292,0
0.0766,0.1036,0.162162162,0.310810811,163.485,0.45045045,0.211711712,0.0495,0.009,0.0405,0
0.1169,0.0996,0.155844156,0.316017316,165.532,0.437229437,0.164502165,0.0519,0.0043,0.039,0
0.0972,0.1215,0.157894737,0.32388664,162.135,0.453441296,0.214574899,0.0405,0.004,0.0486,0
0.1174,0.0972,0.182186235,0.368421053,167.634,0.425101215,0.153846154,0.0486,0.004,0.0364,0
0.1276,0.07,0.156378601,0.275720165,165.313,0.419753086,0.185185185,0.0412,0.0206,0.0412,0
0.1325,0.1068,0.162393162,0.354700855,167.867,0.393162393,0.153846154,0.0598,0.0043,0.0256,0
0.0966,0.1218,0.168067227,0.323529412,167.753,0.403361345,0.168067227,0.0462,0.0126,0.0252,0
0.0667,0.0875,0.125,0.25,160.279,0.470833333,0.233333333,0.1,0.0208,0.0375,0
0.1102,0.1441,0.18220339,0.368644068,170.296,0.368644068,0.148305085,0.0551,0.0169,0.0339,0
0.1013,0.0844,0.135021097,0.291139241,165.842,0.438818565,0.156118143,0.0338,0.0211,0.0422,0
0.0709,0.0906,0.118110236,0.263779528,159.672,0.535433071,0.196850394,0.0433,0.0079,0.0551,0
0.0702,0.1322,0.144628099,0.318181818,166.257,0.404958678,0.169421488,0.095,0.0289,0.0455,0
0.0854,0.065,0.134146341,0.292682927,161.869,0.504065041,0.203252033,0.065,0.0122,0.0447,0
0.0735,0.1102,0.146938776,0.326530612,168.462,0.416326531,0.146938776,0.0327,0.0122,0.0408,0
0.0906,0.1339,0.149606299,0.342519685,163.264,0.44488189,0.208661417,0.0945,0.0197,0.0354,0
0.068,0.104,0.104,0.252,160.823,0.456,0.236,0.092,0.016,0.028,0
0.0866,0.1063,0.149606299,0.311023622,167.404,0.413385827,0.200787402,0.0669,0.0197,0.0433,0
0.1167,0.0708,0.158333333,0.266666667,161.086,0.491666667,0.229166667,0.0625,0.0208,0.0375,0
0.1197,0.1004,0.150579151,0.301158301,163.839,0.451737452,0.185328185,0.0695,0.0154,0.0425,0
0.1138,0.1057,0.166666667,0.321138211,166.583,0.430894309,0.170731707,0.0407,0.0041,0.0325,0
0.0769,0.1174,0.117408907,0.255060729,162.953,0.441295547,0.198380567,0.0607,0.0243,0.0648,0
0.0891,0.1012,0.16194332,0.307692308,170.315,0.400809717,0.145748988,0.0324,0.0121,0.0324,0
0.0677,0.0797,0.111553785,0.250996016,161.835,0.498007968,0.195219124,0.0518,0.004,0.0518,0
0.0691,0.061,0.105691057,0.223577236,159.589,0.524390244,0.207317073,0.0447,0.0163,0.0569,0
0.1167,0.1323,0.159533074,0.346303502,166.217,0.392996109,0.186770428,0.0623,0.0156,0.035,0
0.0817,0.0661,0.116731518,0.241245136,157.985,0.517509728,0.26459144,0.1128,0.0156,0.035,0
0.1358,0.07,0.148148148,0.279835391,163.599,0.452674897,0.193415638,0.0535,0.0165,0.0288,0
0.0871,0.1023,0.185606061,0.340909091,172.957,0.367424242,0.136363636,0.0492,0.0152,0.0189,0
0.0627,0.0902,0.129411765,0.278431373,161.383,0.474509804,0.223529412,0.0667,0.0471,0.0706,0
0.0742,0.1133,0.125,0.30078125,164.372,0.46484375,0.16796875,0.0586,0.0195,0.0352,0
0.0627,0.102,0.125490196,0.282352941,161.491,0.478431373,0.215686275,0.0902,0.0118,0.0275,0
0.0802,0.0802,0.129770992,0.255725191,164.24,0.442748092,0.183206107,0.0496,0.0076,0.0534,0
0.068,0.1,0.144,0.28,163.725,0.476,0.208,0.092,0.012,0.036,0
0.1004,0.1158,0.154440154,0.301158301,163.461,0.432432432,0.208494208,0.0463,0.0039,0.0193,0
0.0229,0.0534,0.072519084,0.179389313,155.447,0.553435115,0.240458015,0.084,0.0611,0.0878,0
0.0899,0.0637,0.119850187,0.243445693,159.451,0.516853933,0.224719101,0.1124,0.0225,0.0599,0
0.0746,0.0858,0.115671642,0.23880597,158.013,0.53358209,0.25,0.1194,0.0,0.0597,0
0.069,0.0766,0.118773946,0.22605364,158.425,0.505747126,0.237547893,0.0651,0.0268,0.0421,0
0.1284,0.1556,0.178988327,0.408560311,171.298,0.33463035,0.143968872,0.0506,0.0428,0.0156,0
0.1216,0.0784,0.141176471,0.266666667,161.292,0.462745098,0.231372549,0.0824,0.0118,0.0431,0
0.0798,0.0951,0.152091255,0.296577947,167.517,0.410646388,0.190114068,0.0608,0.0228,0.0266,0
0.0984,0.0945,0.145669291,0.279527559,161.651,0.476377953,0.224409449,0.0709,0.0157,0.0472,0
0.0846,0.0923,0.134615385,0.284615385,163.79,0.453846154,0.192307692,0.0615,0.0038,0.0423,0
0.0687,0.1298,0.148854962,0.335877863,166.259,0.423664122,0.179389313,0.042,0.0153,0.0534,0
0.0981,0.0755,0.128301887,0.245283019,159.591,0.483018868,0.245283019,0.0868,0.0302,0.0453,0
0.0956,0.0846,0.143382353,0.308823529,161.537,0.485294118,0.224264706,0.0846,0.0074,0.0404,0
0.0985,0.0947,0.128787879,0.276515152,161.264,0.473484848,0.231060606,0.0758,0.0076,0.0152,0
0.0896,0.1119,0.145522388,0.328358209,168.165,0.444029851,0.138059701,0.041,0.0037,0.041,0
0.0725,0.0954,0.133587786,0.286259542,164.584,0.461832061,0.187022901,0.084,0.0191,0.042,0
0.1161,0.0974,0.176029963,0.329588015,164.421,0.460674157,0.202247191,0.0599,0.015,0.0187,0
0.0679,0.0792,0.116981132,0.237735849,160.463,0.505660377,0.20754717,0.0679,0.0113,0.0491,0
0.0906,0.1019,0.135849057,0.286792453,159.74,0.479245283,0.226415094,0.083,0.0113,0.0566,0
0.0923,0.0996,0.162361624,0.313653137,168.194,0.402214022,0.166051661,0.0369,0.0258,0.048,0
0.087,0.0471,0.195652174,0.282608696,161.043,0.503623188,0.231884058,0.0652,0.0072,0.0471,0
0.1064,0.078,0.124113475,0.265957447,160.908,0.482269504,0.195035461,0.1028,0.0071,0.0355,0
0.1419,0.0761,0.183391003,0.339100346,170.919,0.404844291,0.134948097,0.0242,0.0208,0.0173,0
0.0852,0.0963,0.133333333,0.266666667,160.285,0.485185185,0.22962963,0.0778,0.0222,0.037,0
0.0997,0.0653,0.130584192,0.254295533,161.079,0.491408935,0.192439863,0.0515,0.0137,0.0481,0
0.0789,0.1111,0.143369176,0.315412186,165.139,0.422939068,0.193548387,0.0681,0.0108,0.0323,0
0.1444,0.1232,0.161971831,0.327464789,163.921,0.440140845,0.197183099,0.0775,0.007,0.0317,0
0.0647,0.0971,0.133093525,0.291366906,165.37,0.464028777,0.154676259,0.0468,0.018,0.054,0
0.0978,0.0906,0.141304348,0.27173913,164.304,0.427536232,0.213768116,0.0797,0.0254,0.0507,0
0.1324,0.0809,0.161764706,0.305147059,167.564,0.411764706,0.158088235,0.0478,0.0147,0.0441,0
0.0714,0.1143,0.157142857,0.328571429,169.055,0.421428571,0.146428571,0.0429,0.025,0.0357,0
0.0949,0.0876,0.120437956,0.266423358,160.631,0.467153285,0.240875912,0.0876,0.0219,0.0219,0
0.1024,0.0887,0.126279863,0.290102389,166.596,0.447098976,0.146757679,0.0444,0.0205,0.0478,0
0.0949,0.0983,0.138983051,0.308474576,163.74,0.471186441,0.176271186,0.0441,0.0034,0.0339,0
0.079,0.11,0.151202749,0.302405498,166.839,0.446735395,0.164948454,0.0962,0.0309,0.0515,0
0.0949,0.1058,0.164233577,0.332116788,167.147,0.427007299,0.167883212,0.062,0.0255,0.0438,0
0.0964,0.0607,0.139285714,0.267857143,162.371,0.492857143,0.217857143,0.1036,0.0214,0.0786,0
0.0745,0.0745,0.120567376,0.24822695,162.639,0.482269504,0.187943262,0.0709,0.0248,0.0603,0
0.1111,0.0932,0.17562724,0.326164875,166.376,0.440860215,0.186379928,0.0573,0.0215,0.0394,0
0.1166,0.106,0.155477032,0.307420495,168.299,0.395759717,0.166077739,0.0565,0.0283,0.0247,0
0.1095,0.0954,0.155477032,0.310954064,165.344,0.434628975,0.187279152,0.0671,0.0071,0.0424,0
0.0793,0.1103,0.137931034,0.296551724,163.157,0.468965517,0.210344828,0.0724,0.0241,0.0345,0
0.1138,0.1448,0.189655172,0.386206897,168.301,0.365517241,0.175862069,0.0621,0.0345,0.0241,0
0.0822,0.1404,0.143835616,0.325342466,168.767,0.373287671,0.147260274,0.0308,0.0411,0.0205,0
0.1067,0.1033,0.126666667,0.283333333,160.547,0.446666667,0.203333333,0.0667,0.0067,0.0433,0
0.0881,0.1119,0.142372881,0.305084746,164.974,0.447457627,0.166101695,0.0305,0.0169,0.0576,0
0.0912,0.098,0.138513514,0.287162162,165.777,0.425675676,0.179054054,0.0541,0.0236,0.0541,0
0.0491,0.1018,0.105263158,0.263157895,168.916,0.392982456,0.164912281,0.0561,0.0491,0.0351,0
0.0871,0.1045,0.132404181,0.296167247,163.192,0.428571429,0.205574913,0.0453,0.0244,0.0279,0
0.0785,0.1092,0.146757679,0.303754266,161.252,0.467576792,0.242320819,0.1229,0.0137,0.0273,0
0.0938,0.0729,0.142361111,0.284722222,162.825,0.486111111,0.180555556,0.0799,0.0035,0.0521,0
0.0671,0.0839,0.11409396,0.261744966,158.541,0.533557047,0.218120805,0.0638,0.0134,0.0503,0
0.0578,0.0986,0.108843537,0.25170068,162.701,0.462585034,0.210884354,0.0612,0.0102,0.0408,0
0.1178,0.0808,0.158249158,0.272727273,162.979,0.457912458,0.215488215,0.0404,0.0101,0.0236,0
0.0885,0.1049,0.104918033,0.242622951,154.546,0.531147541,0.262295082,0.1049,0.0164,0.0623,0
0.0872,0.047,0.17114094,0.27852349,169.499,0.395973154,0.174496644,0.0436,0.0201,0.0268,0
0.0691,0.0789,0.115131579,0.25,169.039,0.421052632,0.131578947,0.0493,0.023,0.0625,0
0.1067,0.0833,0.15,0.293333333,163.617,0.463333333,0.183333333,0.0667,0.0233,0.0433,0
0.1254,0.0868,0.189710611,0.331189711,168.782,0.398713826,0.147909968,0.0386,0.0322,0.0354,0
0.085,0.0817,0.111111111,0.238562092,160.067,0.496732026,0.209150327,0.0686,0.0131,0.0458,0
0.0726,0.1089,0.138613861,0.297029703,163.938,0.445544554,0.204620462,0.0462,0.0132,0.0462,0
0.1044,0.0842,0.138047138,0.255892256,160.916,0.484848485,0.225589226,0.0774,0.0236,0.0572,0
0.1235,0.0864,0.141975309,0.274691358,166.132,0.388888889,0.179012346,0.0525,0.0123,0.037,0
0.074,0.1093,0.131832797,0.276527331,166.377,0.421221865,0.189710611,0.0772,0.0161,0.0547,0
0.0791,0.1044,0.120253165,0.268987342,159.68,0.474683544,0.240506329,0.0949,0.0095,0.0506,0
0.0736,0.1405,0.190635452,0.377926421,169.887,0.377926421,0.160535117,0.0502,0.0134,0.0368,0
0.0749,0.1042,0.13029316,0.296416938,163.69,0.459283388,0.198697068,0.0586,0.0098,0.0391,0
0.0796,0.1051,0.130573248,0.28343949,159.396,0.487261146,0.219745223,0.0924,0.0414,0.0478,0
0.114,0.1075,0.13029316,0.302931596,162.433,0.45276873,0.19218241,0.0619,0.0098,0.0391,0
0.0809,0.0874,0.129449838,0.262135922,160.075,0.491909385,0.249190939,0.11,0.0194,0.0615,0
0.0991,0.1115,0.160990712,0.309597523,163.245,0.430340557,0.222910217,0.065,0.0186,0.0372,0
0.0798,0.0706,0.104294479,0.211656442,160.206,0.490797546,0.23006135,0.1012,0.0491,0.0399,0
0.1242,0.1178,0.194267516,0.343949045,170.373,0.369426752,0.152866242,0.035,0.0159,0.0318,0
0.0885,0.1016,0.186885246,0.357377049,171.427,0.373770492,0.140983607,0.0492,0.0131,0.0393,0
0.0476,0.073,0.120634921,0.253968254,161.361,0.514285714,0.20952381,0.0952,0.0159,0.0444,0
0.1056,0.099,0.158415842,0.290429043,165.162,0.435643564,0.178217822,0.0726,0.033,0.0396,0
0.0948,0.1144,0.176470588,0.323529412,167.116,0.408496732,0.205882353,0.0719,0.0196,0.0392,0
0.0564,0.0784,0.122257053,0.253918495,158.139,0.498432602,0.257053292,0.094,0.0188,0.0564,0
0.0757,0.0694,0.119873817,0.261829653,161.521,0.498422713,0.217665615,0.1009,0.0315,0.0473,0
0.0615,0.08,0.12,0.255384615,163.758,0.467692308,0.212307692,0.0738,0.0308,0.04,0
0.0825,0.0921,0.123809524,0.285714286,161.015,0.498412698,0.20952381,0.0635,0.019,0.0476,0
0.0783,0.1084,0.108433735,0.246987952,156.659,0.506024096,0.268072289,0.0813,0.0271,0.0361,0
0.0769,0.0858,0.115384615,0.24556213,163.158,0.443786982,0.183431953,0.0503,0.0089,0.0473,0
0.0823,0.0823,0.12195122,0.256097561,159.887,0.490853659,0.204268293,0.0549,0.0244,0.0579,0
0.1065,0.1419,0.174193548,0.351612903,169.061,0.348387097,0.167741935,0.0581,0.0452,0.0323,0
0.0637,0.0924,0.121019108,0.257961783,157.088,0.52866242,0.25477707,0.1051,0.0191,0.051,0
0.0878,0.1066,0.128526646,0.269592476,164.451,0.429467085,0.203761755,0.0596,0.0282,0.0376,0
0.0946,0.0915,0.14511041,0.287066246,166.332,0.438485804,0.170347003,0.0536,0.0315,0.0726,0
0.1084,0.096,0.167182663,0.306501548,163.717,0.442724458,0.232198142,0.0867,0.0093,0.031,0
0.0828,0.0917,0.121301775,0.25739645,159.361,0.482248521,0.224852071,0.0828,0.0207,0.0503,0
0.0818,0.0788,0.121212121,0.245454545,158.835,0.481818182,0.236363636,0.0667,0.0091,0.0485,0
0.0636,0.0879,0.127272727,0.284848485,163.006,0.490909091,0.212121212,0.0909,0.0091,0.0303,0
0.0839,0.0932,0.127329193,0.273291925,159.542,0.48757764,0.229813665,0.0807,0.0062,0.059,0
0.0658,0.0721,0.122257053,0.247648903,159.72,0.504702194,0.24137931,0.0878,0.0219,0.047,0
0.1188,0.1,0.146875,0.2875,164.787,0.41875,0.1875,0.075,0.0094,0.0375,0
0.064,0.125,0.118902439,0.286585366,167.168,0.408536585,0.149390244,0.0274,0.0335,0.0549,0
0.0871,0.0991,0.171171171,0.318318318,167.458,0.408408408,0.195195195,0.0691,0.018,0.036,0
0.0725,0.0665,0.135951662,0.250755287,159.948,0.489425982,0.241691843,0.0695,0.0211,0.0483,0
0.0681,0.0991,0.133126935,0.26625387,162.601,0.458204334,0.222910217,0.0774,0.0186,0.0402,0
0.0678,0.0796,0.120943953,0.256637168,160.356,0.492625369,0.247787611,0.1003,0.0177,0.0442,0
0.0583,0.0758,0.125364431,0.262390671,159.013,0.524781341,0.239067055,0.102,0.0117,0.0437,0
0.0904,0.1114,0.144578313,0.298192771,164.888,0.448795181,0.195783133,0.0633,0.012,0.0482,0
0.0833,0.0926,0.154320988,0.317901235,161.361,0.475308642,0.212962963,0.0772,0.0154,0.0586,0
0.0925,0.1284,0.16119403,0.340298507,166.151,0.405970149,0.173134328,0.0836,0.0388,0.0358,0
0.0811,0.0691,0.123123123,0.255255255,159.374,0.537537538,0.201201201,0.0751,0.009,0.0811,0
0.0659,0.0838,0.134730539,0.278443114,163.111,0.449101796,0.200598802,0.0808,0.021,0.0599,0
0.1068,0.0801,0.136498516,0.252225519,158.626,0.49851632,0.237388724,0.095,0.0089,0.0267,0
0.0734,0.0673,0.116207951,0.241590214,158.645,0.5382263,0.229357798,0.0979,0.0183,0.0306,0
0.0848,0.0789,0.134502924,0.242690058,158.277,0.502923977,0.248538012,0.0877,0.0205,0.0409,0
0.1136,0.1108,0.136363636,0.289772727,166.315,0.448863636,0.15625,0.0682,0.0199,0.0511,0
0.1012,0.1012,0.133928571,0.285714286,164.54,0.419642857,0.193452381,0.0774,0.0327,0.0476,0
0.0696,0.1014,0.130434783,0.28115942,164.961,0.443478261,0.191304348,0.0754,0.029,0.0493,0
0.0718,0.0747,0.097701149,0.215517241,157.461,0.537356322,0.238505747,0.0776,0.0259,0.0489,0
0.0762,0.1006,0.137195122,0.292682927,166.447,0.43902439,0.18597561,0.061,0.0183,0.0427,0
0.1042,0.1101,0.130952381,0.285714286,159.594,0.476190476,0.226190476,0.1012,0.006,0.0506,0
0.0917,0.1302,0.150887574,0.322485207,169.391,0.378698225,0.142011834,0.0237,0.0237,0.0414,0
0.0799,0.0799,0.124260355,0.269230769,166.162,0.443786982,0.174556213,0.0503,0.0178,0.0266,0
0.0967,0.1027,0.126888218,0.271903323,162.063,0.456193353,0.193353474,0.0453,0.0121,0.0423,0
0.0737,0.0885,0.112094395,0.238938053,161.984,0.474926254,0.203539823,0.056,0.0147,0.0501,0
0.0778,0.0928,0.149700599,0.323353293,162.786,0.479041916,0.206586826,0.0689,0.006,0.0389,0
0.1098,0.0534,0.154302671,0.252225519,162.318,0.504451039,0.225519288,0.1068,0.0178,0.0445,0
0.0616,0.0968,0.120234604,0.252199413,158.544,0.492668622,0.231671554,0.0909,0.0176,0.0674,0
0.1092,0.1293,0.16091954,0.33908046,167.352,0.385057471,0.16091954,0.0776,0.0316,0.0489,0
0.0959,0.064,0.130813953,0.25872093,160.624,0.511627907,0.197674419,0.0756,0.0145,0.0581,0
0.1042,0.1458,0.160714286,0.354166667,167.515,0.398809524,0.154761905,0.0417,0.006,0.0357,0
0.1105,0.1134,0.154069767,0.308139535,162.791,0.456395349,0.188953488,0.0843,0.0291,0.0378,0
0.0888,0.086,0.126074499,0.272206304,159.359,0.484240688,0.212034384,0.0716,0.0086,0.0602,0
0.0776,0.1164,0.16119403,0.313432836,168.418,0.402985075,0.146268657,0.0597,0.0269,0.0567,0
0.1192,0.093,0.14244186,0.290697674,159.182,0.476744186,0.226744186,0.0901,0.0116,0.0436,0
0.0534,0.0702,0.101123596,0.22752809,160.253,0.514044944,0.196629213,0.0506,0.0197,0.0815,0
0.0706,0.1118,0.138235294,0.288235294,161.425,0.470588235,0.220588235,0.0941,0.0029,0.0382,0
0.0941,0.0941,0.135294118,0.279411765,161.335,0.508823529,0.211764706,0.0853,0.0206,0.0382,0
0.0986,0.1043,0.139130435,0.286956522,158.569,0.47826087,0.252173913,0.0841,0.0377,0.0348,0
0.0613,0.117,0.125348189,0.298050139,161.547,0.456824513,0.228412256,0.0669,0.0251,0.0474,0
0.0728,0.0924,0.140056022,0.296918768,165.61,0.43977591,0.173669468,0.0588,0.0336,0.0532,0
0.1,0.0857,0.137142857,0.297142857,160.781,0.491428571,0.208571429,0.0571,0.0114,0.04,0
0.0806,0.1028,0.138888889,0.297222222,167.707,0.416666667,0.161111111,0.0389,0.0083,0.0389,0
0.1006,0.0833,0.163793103,0.290229885,168.479,0.416666667,0.149425287,0.0517,0.0402,0.0546,0
0.0304,0.0414,0.113259669,0.226519337,159.393,0.555248619,0.267955801,0.0994,0.0249,0.0691,1
0.0577,0.0824,0.112637363,0.255494505,163.671,0.445054945,0.192307692,0.0604,0.033,0.0742,1
0.0493,0.0959,0.106849315,0.257534247,163.697,0.446575342,0.180821918,0.0575,0.0384,0.0685,1
0.0795,0.0795,0.115068493,0.252054795,160.178,0.487671233,0.208219178,0.0767,0.0493,0.0603,1
0.0164,0.0164,0.068493151,0.126027397,151.588,0.610958904,0.276712329,0.0822,0.0904,0.0849,1
0.071,0.1066,0.109289617,0.275956284,159.362,0.50273224,0.218579235,0.0902,0.0383,0.0492,1
0.0354,0.079,0.068119891,0.190735695,153.201,0.550408719,0.302452316,0.1553,0.0354,0.0599,1
0.0272,0.0845,0.103542234,0.264305177,156.131,0.550408719,0.250681199,0.1281,0.0381,0.0708,1
0.0627,0.0572,0.108991826,0.253405995,157.959,0.561307902,0.237057221,0.1063,0.03,0.0381,1
0.03,0.049,0.100817439,0.215258856,154.85,0.542234332,0.291553134,0.1226,0.0354,0.0518,1
0.0899,0.0981,0.136239782,0.277929155,158.469,0.498637602,0.253405995,0.1172,0.0109,0.049,1
0.0842,0.0571,0.125,0.247282609,161.438,0.489130435,0.190217391,0.0516,0.0353,0.0707,1
0.0353,0.1005,0.105978261,0.29076087,160.515,0.5,0.22826087,0.0924,0.0543,0.0435,1
0.0652,0.0679,0.119565217,0.239130435,155.915,0.5625,0.25,0.1168,0.0326,0.0679,1
0.0515,0.0569,0.078590786,0.181571816,157.282,0.52303523,0.241192412,0.1003,0.0434,0.065,1
0.0755,0.0701,0.118598383,0.253369272,160.958,0.48787062,0.218328841,0.0674,0.0593,0.0512,1
0.0591,0.0941,0.110215054,0.25,161.308,0.483870968,0.225806452,0.0968,0.0242,0.0484,1
0.0268,0.059,0.085790885,0.195710456,159.529,0.512064343,0.241286863,0.0938,0.067,0.0456,1
0.048,0.0613,0.128,0.272,163.009,0.482666667,0.2,0.0453,0.0293,0.0453,1
0.0691,0.0824,0.140957447,0.276595745,157.072,0.502659574,0.271276596,0.0718,0.0612,0.0479,1
0.0343,0.058,0.089709763,0.189973615,159.314,0.496042216,0.245382586,0.1266,0.0475,0.0765,1
0.0604,0.0866,0.112860892,0.24671916,162.04,0.488188976,0.196850394,0.0656,0.0236,0.0656,1
0.0524,0.0524,0.094240838,0.212041885,156.49,0.536649215,0.246073298,0.1021,0.0366,0.0707,1
0.0812,0.0812,0.120418848,0.235602094,162.152,0.463350785,0.193717277,0.0628,0.0366,0.0812,1
0.0628,0.0864,0.112565445,0.259162304,154.72,0.534031414,0.272251309,0.1204,0.0445,0.0524,1
0.0576,0.0916,0.104712042,0.246073298,160.687,0.47382199,0.219895288,0.0916,0.0314,0.055,1
0.0654,0.0654,0.104712042,0.222513089,156.863,0.523560209,0.232984293,0.0916,0.0471,0.0916,1
0.0497,0.055,0.112565445,0.243455497,164.378,0.471204188,0.22513089,0.0759,0.0419,0.0236,1
0.0881,0.0959,0.116580311,0.269430052,157.703,0.505181347,0.243523316,0.0907,0.0285,0.0389,1
0.0517,0.0672,0.082687339,0.209302326,158.233,0.521963824,0.224806202,0.0853,0.0362,0.0724,1
0.0051,0.054,0.071979434,0.177377892,153.805,0.557840617,0.29562982,0.144,0.036,0.0566,1
0.0308,0.0795,0.08974359,0.238461538,157.18,0.556410256,0.248717949,0.1231,0.0256,0.0564,1
0.0667,0.1,0.130769231,0.279487179,157.894,0.507692308,0.261538462,0.1128,0.0282,0.0385,1
0.046,0.087,0.092071611,0.222506394,158.234,0.498721228,0.237851662,0.0716,0.0256,0.0563,1
0.056,0.0789,0.109414758,0.267175573,160.127,0.478371501,0.213740458,0.0687,0.0254,0.0509,1
0.0761,0.0761,0.109137056,0.258883249,155.416,0.543147208,0.263959391,0.132,0.0254,0.033,1
0.033,0.0863,0.088832487,0.233502538,156.137,0.527918782,0.246192893,0.1117,0.0406,0.0584,1
0.0505,0.053,0.126262626,0.25,162.095,0.472222222,0.247474747,0.0884,0.053,0.0354,1
0.0985,0.0682,0.116161616,0.244949495,158.821,0.515151515,0.23989899,0.1263,0.0227,0.0581,1
0.0402,0.0653,0.103015075,0.228643216,156.672,0.51758794,0.298994975,0.1407,0.0402,0.0402,1
0.0451,0.0802,0.110275689,0.263157895,158.304,0.521303258,0.233082707,0.0852,0.0451,0.0752,1
0.0821,0.0423,0.169154229,0.236318408,164.137,0.475124378,0.248756219,0.092,0.0821,0.0398,1
0.0767,0.0817,0.138613861,0.28960396,162.525,0.455445545,0.193069307,0.0644,0.0347,0.0594,1
0.0817,0.0693,0.116336634,0.242574257,158.599,0.524752475,0.23019802,0.1089,0.0421,0.0644,1
0.059,0.0786,0.105651106,0.240786241,157.301,0.501228501,0.267813268,0.1179,0.0393,0.0418,1
0.0319,0.0956,0.090686275,0.232843137,156.063,0.551470588,0.276960784,0.1348,0.0196,0.0637,1
0.0564,0.0735,0.085784314,0.223039216,159.952,0.495098039,0.223039216,0.1127,0.0441,0.0588,1
0.0636,0.0685,0.105134474,0.246943765,160.212,0.513447433,0.217603912,0.0856,0.0244,0.0685,1
0.0929,0.1076,0.117359413,0.271393643,161.367,0.476772616,0.212713936,0.0831,0.0293,0.0416,1
0.0683,0.0805,0.109756098,0.253658537,156.067,0.558536585,0.251219512,0.1317,0.0122,0.0488,1
0.0535,0.0681,0.077858881,0.194647202,152.795,0.588807786,0.274939173,0.1192,0.0292,0.0949,1
0.0462,0.0706,0.087591241,0.214111922,153.241,0.574209246,0.296836983,0.129,0.0268,0.0657,1
0.0243,0.0657,0.082725061,0.194647202,155.032,0.552311436,0.270072993,0.09,0.0462,0.0608,1
0.0485,0.0631,0.126213592,0.25,162.287,0.495145631,0.230582524,0.1044,0.0243,0.0388,1
0.0922,0.1019,0.140776699,0.310679612,164.785,0.42961165,0.172330097,0.0534,0.0485,0.0413,1
0.0533,0.0872,0.101694915,0.242130751,158.028,0.503631961,0.242130751,0.0944,0.0339,0.0533,1
0.0601,0.0817,0.108173077,0.247596154,158.719,0.512019231,0.237980769,0.1082,0.0505,0.0529,1
0.0769,0.0769,0.139423077,0.252403846,165.872,0.430288462,0.201923077,0.0865,0.0264,0.0793,1
0.0673,0.0745,0.110576923,0.240384615,158.423,0.504807692,0.247596154,0.0986,0.0337,0.0481,1
0.0745,0.0841,0.115384615,0.259615385,159.812,0.492788462,0.233173077,0.0913,0.0264,0.0433,1
0.0738,0.0976,0.121428571,0.273809524,164.198,0.454761905,0.195238095,0.069,0.0452,0.0476,1
0.05,0.0881,0.097619048,0.223809524,159.144,0.488095238,0.228571429,0.0738,0.0476,0.0738,1
0.0713,0.0641,0.128266033,0.266033254,159.923,0.513064133,0.2304038,0.0855,0.0238,0.057,1
0.038,0.0831,0.097387173,0.247030879,154.232,0.58432304,0.275534442,0.1211,0.0261,0.0618,1
0.0711,0.0853,0.090047393,0.225118483,156.085,0.526066351,0.251184834,0.1137,0.0284,0.0711,1
0.0425,0.0778,0.089622642,0.224056604,156.171,0.535377358,0.261792453,0.1297,0.0425,0.0519,1
0.0873,0.1132,0.127358491,0.304245283,161.952,0.450471698,0.202830189,0.059,0.0377,0.0472,1
0.0682,0.1059,0.143529412,0.315294118,164.79,0.442352941,0.190588235,0.08,0.0353,0.0471,1
0.0282,0.0706,0.103529412,0.24,159.594,0.487058824,0.230588235,0.0776,0.0447,0.04,1
0.0562,0.0867,0.133489461,0.297423888,160.328,0.491803279,0.208430913,0.0656,0.0258,0.0468,1
0.0561,0.1028,0.093457944,0.25,156.417,0.521028037,0.254672897,0.1028,0.0467,0.0467,1
0.0491,0.0911,0.091121495,0.23364486,161.602,0.457943925,0.212616822,0.0864,0.0374,0.0514,1
0.0607,0.0631,0.102803738,0.226635514,155.816,0.523364486,0.280373832,0.1121,0.0304,0.035,1
0.0537,0.0818,0.114485981,0.259345794,161.736,0.474299065,0.212616822,0.0794,0.0491,0.0561,1
0.0583,0.0956,0.088578089,0.242424242,156.183,0.515151515,0.249417249,0.0956,0.035,0.0513,1
0.0628,0.0907,0.111627907,0.234883721,163.985,0.439534884,0.206976744,0.0721,0.0326,0.0558,1
0.0512,0.0558,0.076744186,0.18372093,155.577,0.53255814,0.262790698,0.1023,0.0395,0.0698,1
0.0535,0.0884,0.109302326,0.260465116,163.868,0.444186047,0.202325581,0.0698,0.0302,0.0581,1
0.0441,0.0696,0.118329466,0.255220418,162.623,0.498839907,0.225058005,0.0719,0.0302,0.0278,1
0.065,0.0835,0.102088167,0.245939675,157.828,0.522041763,0.234338747,0.0951,0.0232,0.0626,1
0.058,0.0696,0.102088167,0.222737819,154.234,0.542923434,0.26450116,0.0812,0.0255,0.0812,1
0.0509,0.0671,0.115740741,0.25462963,158.253,0.534722222,0.226851852,0.0741,0.0231,0.0764,1
0.0531,0.127,0.127020785,0.288683603,166.477,0.415704388,0.184757506,0.0831,0.0277,0.06,1
0.0231,0.067,0.099307159,0.242494226,156.033,0.570438799,0.247113164,0.0947,0.0231,0.0785,1
0.0693,0.0716,0.099307159,0.237875289,155.677,0.533487298,0.260969977,0.1109,0.0346,0.0577,1
0.069,0.0805,0.11954023,0.234482759,161.034,0.494252874,0.216091954,0.092,0.0368,0.0644,1
0.0618,0.0778,0.128146453,0.28375286,162.431,0.494279176,0.180778032,0.0664,0.0275,0.0435,1
0.0387,0.082,0.086560364,0.225512528,158.884,0.501138952,0.243735763,0.0866,0.0364,0.0387,1
0.0569,0.0774,0.104783599,0.271070615,165.945,0.437357631,0.177676538,0.0478,0.0547,0.0364,1
0.041,0.0752,0.097949886,0.239179954,155.252,0.560364465,0.277904328,0.139,0.0251,0.0547,1
0.0682,0.0773,0.1,0.247727273,162.227,0.468181818,0.202272727,0.0932,0.0273,0.0614,1
0.0455,0.0909,0.102272727,0.231818182,156.622,0.525,0.25,0.1136,0.0159,0.0545,1
0.0584,0.0629,0.087640449,0.208988764,152.649,0.57752809,0.283146067,0.1213,0.027,0.0607,1
0.0562,0.0854,0.119101124,0.242696629,159.801,0.483146067,0.256179775,0.0854,0.0225,0.0517,1
0.0604,0.0828,0.096196868,0.22147651,159.406,0.489932886,0.232662192,0.1007,0.0537,0.0515,1
0.0714,0.1004,0.136160714,0.290178571,164.238,0.459821429,0.1875,0.067,0.0469,0.0603,1
0.0824,0.078,0.129175947,0.278396437,165.051,0.452115813,0.167037862,0.078,0.0356,0.0579,1
0.0711,0.08,0.14,0.28,163.248,0.466666667,0.204444444,0.0844,0.0422,0.0533,1
0.0643,0.0998,0.090909091,0.22616408,162.221,0.430155211,0.215077605,0.082,0.0532,0.0554,1
0.1064,0.0843,0.155210643,0.297117517,162.922,0.450110865,0.195121951,0.0843,0.0599,0.0488,1
0.0597,0.0996,0.10840708,0.25,158.863,0.5,0.245575221,0.1018,0.0199,0.0553,1
0.0507,0.0881,0.118942731,0.284140969,161.559,0.475770925,0.218061674,0.1013,0.0551,0.0441,1
0.0659,0.0769,0.105494505,0.232967033,156.459,0.540659341,0.246153846,0.0857,0.044,0.0747,1
0.046,0.0591,0.111597374,0.245076586,165.838,0.426695842,0.190371991,0.0788,0.0788,0.0394,1
0.0547,0.081,0.115973742,0.236323851,158.371,0.514223195,0.249452954,0.0678,0.0394,0.0591,1
0.0547,0.0941,0.10940919,0.269146608,161.196,0.474835886,0.18380744,0.0788,0.0394,0.0788,1
0.0328,0.0786,0.07860262,0.227074236,153.455,0.57860262,0.288209607,0.131,0.0218,0.0546,1
0.0742,0.0742,0.135371179,0.266375546,163.026,0.489082969,0.189956332,0.0742,0.048,0.0459,1
0.0764,0.083,0.111353712,0.255458515,161.98,0.447598253,0.218340611,0.0873,0.0415,0.0568,1
0.0195,0.0586,0.082429501,0.182212581,159.5,0.496746204,0.21691974,0.0911,0.0738,0.0738,1
0.0281,0.0691,0.105831533,0.22462203,159.153,0.501079914,0.254859611,0.1166,0.0475,0.0583,1
0.0711,0.1121,0.140086207,0.30387931,165.277,0.42887931,0.159482759,0.0711,0.0625,0.0625,1
0.0559,0.071,0.105376344,0.223655914,158.508,0.498924731,0.266666667,0.0882,0.043,0.043,1
0.0601,0.1052,0.130901288,0.302575107,165.031,0.435622318,0.199570815,0.0687,0.0322,0.03,1
0.0749,0.0835,0.111349036,0.256959315,163.847,0.458244111,0.194860814,0.0664,0.0471,0.0557,1
0.0684,0.0769,0.102564103,0.256410256,163.694,0.47008547,0.192307692,0.0726,0.0235,0.0449,1
0.0512,0.0768,0.10021322,0.243070362,159.026,0.515991471,0.240938166,0.0959,0.0213,0.0426,1
0.066,0.1,0.106382979,0.246808511,158.121,0.512765957,0.229787234,0.0936,0.0277,0.066,1
0.0723,0.0745,0.117021277,0.24893617,157.299,0.536170213,0.236170213,0.0872,0.0255,0.0723,1
0.0723,0.0936,0.10212766,0.253191489,160.947,0.487234043,0.227659574,0.0787,0.0298,0.0553,1
0.0425,0.0828,0.097664544,0.225053079,159.55,0.492569002,0.227176221,0.0998,0.0382,0.0531,1
0.0551,0.0636,0.108050847,0.245762712,165.508,0.453389831,0.180084746,0.0593,0.0381,0.0614,1
0.0551,0.0847,0.122881356,0.264830508,158.785,0.523305085,0.245762712,0.0805,0.0318,0.0403,1
0.0423,0.0719,0.095137421,0.209302326,156.529,0.526427061,0.274841438,0.0909,0.0381,0.0423,1
0.0591,0.0696,0.101265823,0.244725738,159.55,0.5,0.244725738,0.097,0.0359,0.0443,1
0.0675,0.0844,0.094936709,0.234177215,156.318,0.523206751,0.248945148,0.0907,0.0211,0.0549,1
0.0945,0.105,0.134453782,0.302521008,162.512,0.462184874,0.197478992,0.0714,0.0315,0.0441,1
0.044,0.0545,0.083857442,0.20754717,162.598,0.471698113,0.211740042,0.0692,0.044,0.0419,1
0.046,0.0816,0.10460251,0.251046025,159.856,0.525104603,0.238493724,0.1025,0.0293,0.0377,1
0.0688,0.0875,0.127083333,0.254166667,159.442,0.491666667,0.235416667,0.0813,0.0229,0.0625,1
0.0395,0.0665,0.093555094,0.222453222,154.271,0.555093555,0.278586279,0.0832,0.0416,0.052,1
0.0539,0.0954,0.116182573,0.2406639,158.414,0.491701245,0.261410788,0.11,0.0415,0.0602,1
0.068,0.0784,0.115463918,0.253608247,157.544,0.515463918,0.230927835,0.0804,0.0351,0.0639,1
0.0639,0.0619,0.105154639,0.237113402,157.297,0.534020619,0.255670103,0.099,0.0309,0.0577,1
0.0639,0.1072,0.113402062,0.270103093,163.194,0.437113402,0.212371134,0.0845,0.0515,0.033,1
0.0617,0.0741,0.106995885,0.251028807,159.322,0.514403292,0.220164609,0.0885,0.0412,0.0761,1
0.043,0.0881,0.094262295,0.233606557,160.074,0.493852459,0.202868852,0.0799,0.0307,0.0635,1
0.0523,0.0624,0.106639839,0.23943662,161.29,0.513078471,0.197183099,0.0744,0.0362,0.0604,1
0.0584,0.0845,0.100603622,0.247484909,163.253,0.444668008,0.199195171,0.0865,0.0503,0.0503,1
0.0643,0.0884,0.098393574,0.234939759,158.172,0.506024096,0.263052209,0.0944,0.0341,0.0542,1
0.058,0.07,0.102,0.242,161.478,0.504,0.218,0.08,0.032,0.05,1
0.0499,0.0758,0.115768463,0.255489022,160.519,0.493013972,0.219560878,0.0619,0.0319,0.0499,1
0.0639,0.0739,0.119760479,0.251497006,160.162,0.4750499,0.229540918,0.0679,0.0399,0.0519,1
0.0599,0.1058,0.125748503,0.299401198,165.174,0.437125749,0.161676647,0.0559,0.0319,0.0559,1
0.0518,0.0996,0.115537849,0.270916335,162.402,0.472111554,0.211155378,0.0916,0.0339,0.0518,1
0.0713,0.1089,0.112871287,0.273267327,165.615,0.40990099,0.186138614,0.0515,0.0535,0.0455,1
0.0495,0.0812,0.099009901,0.259405941,163.916,0.467326733,0.211881188,0.0871,0.0317,0.0475,1
0.0435,0.0711,0.112648221,0.225296443,158.919,0.488142292,0.250988142,0.1008,0.0415,0.0514,1
0.0565,0.0643,0.099415205,0.230019493,153.155,0.571150097,0.292397661,0.1228,0.0253,0.078,1
0.0546,0.0916,0.099415205,0.253411306,161.181,0.479532164,0.210526316,0.0604,0.0409,0.0487,1
0.0311,0.0739,0.110894942,0.249027237,160.282,0.511673152,0.233463035,0.1128,0.035,0.0545,1
0.068,0.0816,0.104854369,0.236893204,157.732,0.518446602,0.246601942,0.101,0.0466,0.068,1
0.062,0.064,0.11627907,0.242248062,158.02,0.521317829,0.246124031,0.093,0.0291,0.0388,1
0.0817,0.0894,0.125475285,0.269961977,163.018,0.44486692,0.199619772,0.0875,0.0418,0.038,1
0.0529,0.0681,0.109640832,0.241965974,156.858,0.536862004,0.279773157,0.1323,0.0378,0.0435,1
0.0583,0.0789,0.110902256,0.253759398,161.01,0.486842105,0.206766917,0.0658,0.0395,0.0489,1
0.0648,0.0852,0.103703704,0.242592593,158.849,0.501851852,0.225925926,0.0981,0.0352,0.0593,1
0.0754,0.1029,0.113970588,0.272058824,154.316,0.549632353,0.266544118,0.1176,0.0257,0.0625,1
0.04,0.0491,0.08,0.192727273,157.683,0.518181818,0.256363636,0.0982,0.0436,0.0582,1
0.0523,0.0793,0.100900901,0.237837838,156.199,0.531531532,0.268468468,0.0901,0.0126,0.0468,1
0.0809,0.0971,0.129496403,0.287769784,163.178,0.451438849,0.212230216,0.0953,0.036,0.045,1
0.0629,0.0629,0.098920863,0.223021583,156.444,0.543165468,0.237410072,0.1097,0.0216,0.0629,1
0.0511,0.0529,0.086419753,0.194003527,158.577,0.541446208,0.232804233,0.0811,0.037,0.0582,1
0.0422,0.0685,0.121265378,0.25483304,164.091,0.485061511,0.188049209,0.058,0.0281,0.0545,1
0.0562,0.0861,0.121265378,0.282952548,161.911,0.476274165,0.207381371,0.0808,0.0387,0.0439,1
0.0701,0.1121,0.129597198,0.304728546,163.68,0.434325744,0.197898424,0.0876,0.0263,0.0578,1
0.0553,0.1002,0.09671848,0.233160622,158.845,0.490500864,0.231433506,0.0898,0.0363,0.0587,1
0.0356,0.0712,0.108474576,0.245762712,158.117,0.53220339,0.238983051,0.0983,0.0237,0.0644,1
0.044,0.0795,0.101522843,0.236886633,159.634,0.500846024,0.228426396,0.0694,0.0406,0.0626,1
0.102,0.0612,0.244897959,0.326530612,172.09,0.428571429,0.183673469,0.0204,0.0408,0.1224,1
0.0364,0.0727,0.090909091,0.309090909,155.002,0.636363636,0.309090909,0.1091,0.0182,0.0182,1
0.1803,0.0492,0.31147541,0.360655738,176.285,0.344262295,0.229508197,0.0656,0.0492,0.0328,1
0.0597,0.1045,0.089552239,0.223880597,156.312,0.507462687,0.23880597,0.0597,0.0597,0.0746,1
0.0896,0.1194,0.208955224,0.343283582,169.734,0.388059701,0.119402985,0.0597,0.0448,0.1045,1
0.0571,0.0857,0.1,0.228571429,163.369,0.457142857,0.142857143,0.0429,0.0429,0.0714,1
0.0563,0.1127,0.14084507,0.309859155,167.739,0.394366197,0.169014085,0.0563,0.0563,0.0563,1
0.0694,0.0972,0.152777778,0.291666667,167.908,0.416666667,0.138888889,0.0417,0.0,0.0556,1
0.0789,0.0395,0.157894737,0.315789474,162.547,0.5,0.197368421,0.0921,0.0263,0.0395,1
0.1299,0.026,0.272727273,0.350649351,172.71,0.428571429,0.142857143,0.0649,0.039,0.0779,1
0.0513,0.1795,0.064102564,0.320512821,159.119,0.474358974,0.179487179,0.0897,0.0513,0.0769,1
0.0769,0.0641,0.115384615,0.205128205,165.945,0.435897436,0.128205128,0.0256,0.0897,0.0641,1
0.075,0.05,0.175,0.25,169.293,0.4125,0.2,0.0375,0.0375,0.025,1
0.0833,0.131,0.119047619,0.30952381,166.265,0.428571429,0.154761905,0.0357,0.0357,0.0476,1
0.0465,0.0814,0.104651163,0.220930233,152.077,0.558139535,0.337209302,0.1744,0.0233,0.0349,1
0.0682,0.0682,0.079545455,0.215909091,159.239,0.5,0.227272727,0.0909,0.0455,0.0568,1
0.0787,0.0787,0.202247191,0.325842697,172.004,0.382022472,0.08988764,0.0225,0.0449,0.0899,1
0.1222,0.1,0.166666667,0.311111111,156.203,0.533333333,0.266666667,0.1222,0.0444,0.0444,1
0.087,0.1087,0.097826087,0.260869565,157.729,0.532608696,0.195652174,0.0435,0.0435,0.0435,1
0.1304,0.0543,0.206521739,0.336956522,165.857,0.47826087,0.173913043,0.0435,0.0,0.0761,1
0.117,0.0106,0.212765957,0.287234043,158.436,0.542553191,0.255319149,0.0426,0.0532,0.0532,1
0.0957,0.1383,0.138297872,0.329787234,158.848,0.489361702,0.212765957,0.0638,0.0213,0.0638,1
0.0737,0.0737,0.115789474,0.263157895,158.26,0.536842105,0.252631579,0.0737,0.0316,0.0316,1
0.1354,0.0729,0.21875,0.364583333,167.094,0.489583333,0.145833333,0.0625,0.0104,0.0938,1
0.07,0.1,0.12,0.31,159.617,0.55,0.17,0.09,0.01,0.11,1
0.0792,0.0495,0.168316832,0.297029703,165.133,0.504950495,0.168316832,0.0792,0.0198,0.0594,1
0.1275,0.1275,0.156862745,0.31372549,171.027,0.284313725,0.166666667,0.0588,0.0294,0.0392,1
0.1569,0.098,0.196078431,0.333333333,162.791,0.460784314,0.205882353,0.0686,0.0392,0.0294,1
0.1748,0.068,0.203883495,0.32038835,160.399,0.514563107,0.184466019,0.0388,0.0291,0.0291,1
0.0849,0.0755,0.132075472,0.254716981,156.529,0.518867925,0.273584906,0.1321,0.0283,0.0755,1
0.028,0.0841,0.102803738,0.23364486,154.38,0.542056075,0.299065421,0.1028,0.0374,0.0748,1
0.0367,0.1101,0.073394495,0.266055046,164.583,0.449541284,0.137614679,0.0642,0.0275,0.1101,1
0.0455,0.1,0.109090909,0.3,164.34,0.418181818,0.154545455,0.0545,0.0364,0.0636,1
0.0893,0.0714,0.151785714,0.330357143,162.148,0.5,0.169642857,0.0714,0.0179,0.0804,1
0.0265,0.0973,0.07079646,0.221238938,161.136,0.486725664,0.265486726,0.0796,0.0796,0.0265,1
0.0877,0.0789,0.245614035,0.350877193,170.69,0.412280702,0.149122807,0.0263,0.0175,0.0614,1
0.1186,0.0169,0.254237288,0.305084746,168.671,0.415254237,0.271186441,0.1864,0.0593,0.0085,1
0.0252,0.0756,0.084033613,0.210084034,161.93,0.43697479,0.193277311,0.084,0.042,0.0504,1
0.1,0.0583,0.191666667,0.291666667,160.757,0.508333333,0.25,0.125,0.0167,0.05,1
0.0667,0.0833,0.191666667,0.35,163.354,0.45,0.241666667,0.1417,0.0333,0.05,1
0.0826,0.0413,0.115702479,0.272727273,159.927,0.504132231,0.231404959,0.1405,0.0496,0.0331,1
0.0579,0.0826,0.099173554,0.231404959,163.491,0.47107438,0.190082645,0.0661,0.0083,0.0744,1
0.0984,0.1393,0.106557377,0.303278689,150.93,0.56557377,0.319672131,0.2131,0.0,0.041,1
0.0902,0.0574,0.229508197,0.344262295,165.851,0.442622951,0.196721311,0.0738,0.0492,0.0738,1
0.082,0.0574,0.196721311,0.319672131,161.509,0.524590164,0.221311475,0.0738,0.0164,0.0328,1
0.0902,0.0738,0.139344262,0.295081967,161.812,0.475409836,0.229508197,0.1066,0.0246,0.0492,1
0.1138,0.122,0.138211382,0.284552846,165.389,0.365853659,0.219512195,0.0732,0.0569,0.0244,1
0.1048,0.0323,0.225806452,0.282258065,161.6,0.548387097,0.241935484,0.0726,0.0323,0.0645,1
0.0645,0.0806,0.088709677,0.209677419,159.997,0.524193548,0.185483871,0.0806,0.0645,0.0565,1
0.0472,0.0945,0.094488189,0.228346457,159.279,0.535433071,0.204724409,0.0866,0.0315,0.0472,1
0.0551,0.0787,0.086614173,0.228346457,157.971,0.527559055,0.244094488,0.1024,0.0236,0.0394,1
0.0465,0.1318,0.054263566,0.271317829,153.258,0.573643411,0.294573643,0.1318,0.0078,0.0388,1
0.0853,0.0465,0.178294574,0.240310078,156.336,0.573643411,0.294573643,0.1395,0.0233,0.0775,1
0.0769,0.0692,0.223076923,0.323076923,166.495,0.423076923,0.230769231,0.0769,0.0538,0.0385,1
0.0379,0.0682,0.106060606,0.234848485,156.877,0.553030303,0.28030303,0.1364,0.0455,0.0455,1
0.0909,0.0833,0.174242424,0.295454545,164.766,0.431818182,0.212121212,0.0606,0.0303,0.0455,1
0.0606,0.053,0.113636364,0.196969697,160.444,0.507575758,0.21969697,0.0833,0.0758,0.0606,1
0.0376,0.0677,0.097744361,0.233082707,161.782,0.518796992,0.165413534,0.0451,0.0301,0.1278,1
0.015,0.1053,0.052631579,0.203007519,155.599,0.54887218,0.248120301,0.0902,0.0301,0.0301,1
0.0522,0.0299,0.074626866,0.156716418,151.237,0.641791045,0.28358209,0.1418,0.0597,0.0522,1
0.0522,0.0746,0.104477612,0.23880597,157.396,0.537313433,0.28358209,0.1194,0.0299,0.0373,1
0.0942,0.1232,0.130434783,0.282608696,162.36,0.405797101,0.224637681,0.0652,0.0435,0.0072,1
0.0504,0.0647,0.115107914,0.26618705,160.522,0.54676259,0.223021583,0.0719,0.0216,0.0432,1
0.0432,0.0719,0.071942446,0.172661871,159.209,0.489208633,0.208633094,0.0647,0.0791,0.1007,1
0.0935,0.0863,0.136690647,0.302158273,159.442,0.525179856,0.251798561,0.0935,0.0288,0.0576,1
0.0647,0.0791,0.136690647,0.273381295,164.57,0.446043165,0.201438849,0.1007,0.0288,0.0791,1
0.0993,0.0567,0.127659574,0.212765957,154.43,0.588652482,0.255319149,0.1418,0.0355,0.0922,1
0.0625,0.1319,0.118055556,0.298611111,163.799,0.416666667,0.1875,0.0694,0.0486,0.0625,1
0.1111,0.0972,0.208333333,0.3125,164.37,0.444444444,0.25,0.0903,0.0139,0.0278,1
0.0414,0.0897,0.110344828,0.24137931,160.028,0.475862069,0.248275862,0.0828,0.0138,0.0414,1
0.0621,0.0966,0.137931034,0.296551724,162.398,0.475862069,0.227586207,0.0966,0.0276,0.0414,1
0.1103,0.0759,0.172413793,0.282758621,164.559,0.427586207,0.193103448,0.0759,0.0345,0.0621,1
0.0753,0.0548,0.116438356,0.267123288,160.232,0.5,0.232876712,0.0753,0.0479,0.0479,1
0.0548,0.0959,0.102739726,0.253424658,159.377,0.465753425,0.219178082,0.0753,0.0479,0.0548,1
0.1164,0.089,0.191780822,0.294520548,155.174,0.52739726,0.280821918,0.0753,0.0137,0.0479,1
0.0272,0.0816,0.095238095,0.231292517,156.428,0.557823129,0.278911565,0.1293,0.0272,0.034,1
0.1088,0.1156,0.163265306,0.346938776,166.895,0.394557823,0.163265306,0.0544,0.068,0.0204,1
0.0612,0.102,0.115646259,0.272108844,161.694,0.489795918,0.204081633,0.0748,0.0204,0.0612,1
0.047,0.0671,0.11409396,0.268456376,155.676,0.543624161,0.234899329,0.1007,0.0201,0.0671,1
0.0738,0.047,0.127516779,0.268456376,164.143,0.476510067,0.154362416,0.0537,0.047,0.0604,1
0.0403,0.0671,0.100671141,0.208053691,156.022,0.523489933,0.302013423,0.1141,0.047,0.0336,1
0.08,0.1333,0.133333333,0.346666667,167.313,0.386666667,0.16,0.04,0.04,0.04,1
0.0,0.08,0.113333333,0.253333333,159.296,0.533333333,0.26,0.12,0.0333,0.0533,1
0.053,0.0927,0.125827815,0.251655629,164.073,0.450331126,0.185430464,0.0728,0.0265,0.0596,1
0.0464,0.0993,0.132450331,0.278145695,168.299,0.430463576,0.17218543,0.0728,0.0397,0.0397,1
0.0461,0.0461,0.078947368,0.164473684,153.878,0.585526316,0.269736842,0.0789,0.0395,0.0658,1
0.0855,0.0658,0.138157895,0.276315789,166.645,0.427631579,0.151315789,0.0461,0.0526,0.0395,1
0.0523,0.1307,0.183006536,0.37254902,168.732,0.424836601,0.169934641,0.0392,0.0261,0.0327,1
0.0719,0.0654,0.124183007,0.248366013,162.046,0.503267974,0.202614379,0.0654,0.0392,0.0458,1
0.1169,0.0909,0.155844156,0.331168831,165.649,0.467532468,0.162337662,0.0455,0.0195,0.0519,1
0.0387,0.1355,0.116129032,0.296774194,164.715,0.419354839,0.219354839,0.0968,0.0194,0.0258,1
0.071,0.071,0.135483871,0.258064516,162.785,0.470967742,0.219354839,0.0968,0.0323,0.0516,1
0.0833,0.0769,0.198717949,0.320512821,167.464,0.461538462,0.173076923,0.0962,0.0192,0.0385,1
0.0641,0.0833,0.096153846,0.217948718,152.271,0.564102564,0.314102564,0.141,0.0128,0.0641,1
0.0637,0.0764,0.095541401,0.23566879,155.759,0.503184713,0.261146497,0.121,0.0318,0.0573,1
0.121,0.0892,0.210191083,0.331210191,167.89,0.388535032,0.184713376,0.0637,0.0446,0.0573,1
0.0573,0.1083,0.114649682,0.286624204,162.834,0.439490446,0.197452229,0.0701,0.0191,0.0701,1
0.0443,0.0949,0.088607595,0.253164557,162.318,0.5,0.170886076,0.057,0.019,0.0633,1
0.0886,0.1899,0.132911392,0.373417722,163.304,0.417721519,0.196202532,0.0506,0.019,0.038,1
0.0185,0.0432,0.080246914,0.197530864,154.79,0.604938272,0.24691358,0.1049,0.0247,0.0494,1
0.0926,0.0556,0.148148148,0.259259259,159.232,0.512345679,0.24691358,0.0988,0.0247,0.0432,1
0.0185,0.0741,0.086419753,0.191358025,156.46,0.567901235,0.296296296,0.0802,0.0864,0.0432,1
0.0305,0.0976,0.079268293,0.231707317,159.159,0.475609756,0.207317073,0.0976,0.0183,0.0488,1
0.0305,0.1037,0.097560976,0.280487805,160.275,0.5,0.207317073,0.1037,0.0488,0.0305,1
0.0788,0.0667,0.115151515,0.236363636,161.205,0.515151515,0.218181818,0.0848,0.0303,0.0364,1
0.0848,0.0788,0.127272727,0.248484848,158.764,0.515151515,0.260606061,0.0909,0.0242,0.0848,1
0.0606,0.0545,0.090909091,0.2,151.127,0.587878788,0.309090909,0.1455,0.0121,0.0424,1
0.0422,0.0904,0.090361446,0.234939759,160.875,0.469879518,0.222891566,0.0964,0.0602,0.0482,1
0.0663,0.0723,0.102409639,0.246987952,156.148,0.584337349,0.246987952,0.1265,0.0181,0.0663,1
0.0536,0.0833,0.130952381,0.255952381,158.427,0.523809524,0.25,0.0893,0.0357,0.0536,1
0.0592,0.1243,0.094674556,0.289940828,167.705,0.396449704,0.195266272,0.0947,0.0414,0.0178,1
0.0651,0.1183,0.147928994,0.337278107,167.533,0.390532544,0.159763314,0.071,0.0533,0.0178,1
0.0588,0.0706,0.135294118,0.276470588,161.594,0.458823529,0.235294118,0.0941,0.0353,0.0706,1
0.0702,0.0819,0.128654971,0.274853801,162.065,0.467836257,0.192982456,0.0702,0.0351,0.0585,1
0.0465,0.093,0.104651163,0.244186047,163.319,0.406976744,0.215116279,0.0814,0.0523,0.0407,1
0.0814,0.0698,0.13372093,0.296511628,158.862,0.534883721,0.215116279,0.0872,0.0233,0.064,1
0.0405,0.0347,0.10982659,0.184971098,158.446,0.50867052,0.271676301,0.1272,0.0809,0.0405,1
0.0578,0.1214,0.144508671,0.317919075,163.203,0.456647399,0.184971098,0.0694,0.052,0.0636,1
0.0809,0.0578,0.098265896,0.219653179,148.377,0.595375723,0.329479769,0.1156,0.0347,0.0462,1
0.0287,0.0747,0.103448276,0.24137931,162.826,0.494252874,0.189655172,0.0747,0.0287,0.0632,1
0.0909,0.0852,0.113636364,0.278409091,161.801,0.505681818,0.198863636,0.0909,0.0114,0.0227,1
0.0452,0.096,0.096045198,0.225988701,162.675,0.457627119,0.18079096,0.0565,0.0395,0.0904,1
0.0899,0.1011,0.157303371,0.280898876,158.934,0.516853933,0.219101124,0.0449,0.0169,0.0674,1
0.0787,0.0787,0.123595506,0.241573034,152.752,0.556179775,0.337078652,0.2191,0.0169,0.0674,1
0.0838,0.0782,0.12849162,0.268156425,162.051,0.469273743,0.212290503,0.0894,0.0335,0.067,1
0.0782,0.1061,0.134078212,0.290502793,162.095,0.469273743,0.223463687,0.0726,0.0279,0.0447,1
0.0782,0.1006,0.117318436,0.301675978,163.746,0.446927374,0.167597765,0.0335,0.0168,0.0503,1
0.0889,0.0778,0.144444444,0.272222222,160.507,0.505555556,0.216666667,0.0833,0.0167,0.0556,1
0.0667,0.0889,0.111111111,0.238888889,158.034,0.488888889,0.272222222,0.1389,0.0278,0.05,1
0.1167,0.1167,0.2,0.355555556,167.543,0.383333333,0.177777778,0.0556,0.0667,0.0278,1
0.0773,0.0829,0.138121547,0.276243094,170.084,0.375690608,0.17679558,0.0276,0.0166,0.0497,1
0.0656,0.1421,0.109289617,0.306010929,164.705,0.420765027,0.158469945,0.071,0.0437,0.071,1
0.0435,0.0707,0.114130435,0.255434783,153.872,0.576086957,0.288043478,0.1467,0.0109,0.0707,1
0.0272,0.0543,0.059782609,0.157608696,158.153,0.510869565,0.222826087,0.0924,0.0543,0.0217,1
0.0326,0.0707,0.10326087,0.201086957,160.915,0.472826087,0.255434783,0.1196,0.0435,0.0272,1
0.0919,0.1081,0.183783784,0.378378378,165.459,0.454054054,0.167567568,0.0919,0.0432,0.0703,1
0.0595,0.1027,0.102702703,0.248648649,159.648,0.508108108,0.189189189,0.0541,0.0432,0.0973,1
0.0703,0.0757,0.140540541,0.281081081,160.865,0.486486486,0.216216216,0.0703,0.0216,0.0324,1
0.0432,0.0595,0.102702703,0.237837838,164.365,0.464864865,0.2,0.0486,0.0432,0.0324,1
0.0376,0.0699,0.064516129,0.231182796,154.273,0.564516129,0.290322581,0.1129,0.0161,0.0538,1
0.0691,0.1011,0.117021277,0.260638298,158.952,0.505319149,0.234042553,0.117,0.0266,0.0532,1
0.0479,0.0904,0.106382979,0.244680851,161.835,0.473404255,0.239361702,0.0851,0.0319,0.0638,1
0.0159,0.037,0.08994709,0.19047619,159.641,0.513227513,0.232804233,0.0952,0.0529,0.0688,1
0.0366,0.0838,0.130890052,0.277486911,164.273,0.476439791,0.209424084,0.089,0.0471,0.0314,1
0.0733,0.0471,0.09947644,0.193717277,159.436,0.507853403,0.246073298,0.0995,0.0366,0.0419,1
0.0464,0.0619,0.113402062,0.242268041,160.953,0.474226804,0.221649485,0.0979,0.0412,0.0722,1
0.0876,0.1031,0.139175258,0.309278351,162.492,0.453608247,0.221649485,0.0979,0.0309,0.0619,1
0.0619,0.0773,0.108247423,0.257731959,160.822,0.484536082,0.190721649,0.0825,0.0155,0.0979,1
0.0102,0.0663,0.086734694,0.204081633,154.021,0.556122449,0.316326531,0.1633,0.0204,0.0663,1
0.0204,0.0561,0.096938776,0.198979592,150.945,0.607142857,0.321428571,0.1735,0.0153,0.0765,1
0.0459,0.0816,0.112244898,0.260204082,160.881,0.474489796,0.214285714,0.0714,0.0561,0.0408,1
0.0406,0.0711,0.106598985,0.23857868,158.287,0.507614213,0.243654822,0.1066,0.066,0.0609,1
0.0455,0.0909,0.095959596,0.237373737,160.942,0.474747475,0.217171717,0.0707,0.0303,0.0556,1
0.0556,0.0758,0.116161616,0.232323232,159.023,0.494949495,0.262626263,0.1414,0.0202,0.0303,1
0.0653,0.0603,0.090452261,0.226130653,154.639,0.567839196,0.256281407,0.1005,0.0553,0.0452,1
0.0299,0.0796,0.089552239,0.208955224,159.811,0.482587065,0.223880597,0.0796,0.0348,0.0448,1
0.0746,0.1045,0.129353234,0.273631841,164.088,0.452736318,0.184079602,0.0498,0.0199,0.0597,1
0.0149,0.0846,0.089552239,0.218905473,157.65,0.502487562,0.268656716,0.0896,0.0597,0.0647,1
0.0547,0.0746,0.134328358,0.288557214,164.42,0.447761194,0.179104478,0.0697,0.0697,0.0348,1
0.0547,0.0597,0.129353234,0.263681592,163.153,0.487562189,0.199004975,0.0597,0.0498,0.0448,1
0.0545,0.0792,0.128712871,0.267326733,161.433,0.465346535,0.207920792,0.0792,0.0644,0.0297,1
0.064,0.0739,0.162561576,0.261083744,164.764,0.443349754,0.197044335,0.0591,0.0443,0.0493,1
0.0784,0.1471,0.147058824,0.328431373,166.377,0.416666667,0.176470588,0.0588,0.0245,0.0441,1
0.0485,0.068,0.106796117,0.213592233,163.458,0.432038835,0.213592233,0.0631,0.068,0.0777,1
0.087,0.0628,0.149758454,0.256038647,157.971,0.54589372,0.251207729,0.0918,0.0386,0.0531,1
0.0288,0.0721,0.110576923,0.225961538,162.552,0.456730769,0.206730769,0.0962,0.0865,0.0481,1
0.0813,0.0813,0.124401914,0.267942584,160.023,0.497607656,0.205741627,0.0861,0.0144,0.0574,1
0.0574,0.0526,0.076555024,0.167464115,154.088,0.545454545,0.291866029,0.1196,0.0526,0.0718,1
0.11,0.0622,0.162679426,0.277511962,156.804,0.545454545,0.244019139,0.0861,0.0431,0.0383,1
0.0667,0.0619,0.10952381,0.228571429,158.675,0.523809524,0.219047619,0.1048,0.0476,0.0905,1
0.0616,0.0664,0.180094787,0.298578199,156.269,0.55450237,0.279620853,0.1137,0.0474,0.0332,1
0.09,0.0569,0.113744076,0.222748815,160.031,0.497630332,0.208530806,0.0284,0.0379,0.0758,1
0.0806,0.1232,0.127962085,0.317535545,163.45,0.464454976,0.199052133,0.0853,0.0237,0.0569,1
0.0711,0.0474,0.118483412,0.208530806,161.827,0.502369668,0.194312796,0.0806,0.0284,0.0616,1
0.0519,0.066,0.089622642,0.212264151,157.994,0.504716981,0.231132075,0.1179,0.033,0.066,1
0.066,0.0991,0.117924528,0.287735849,161.103,0.452830189,0.20754717,0.0708,0.0283,0.0425,1
0.0561,0.0701,0.093457944,0.210280374,159.056,0.5,0.228971963,0.0467,0.0234,0.0514,1
0.0326,0.0558,0.069767442,0.204651163,158.845,0.497674419,0.213953488,0.0465,0.0512,0.0419,1
0.0791,0.0884,0.120930233,0.288372093,162.658,0.48372093,0.162790698,0.0605,0.0093,0.0651,1
0.0463,0.0648,0.074074074,0.199074074,155.192,0.550925926,0.240740741,0.0972,0.0278,0.0417,1
0.0691,0.0737,0.119815668,0.290322581,161.195,0.479262673,0.193548387,0.0507,0.0507,0.0415,1
0.0826,0.0688,0.151376147,0.275229358,164.894,0.467889908,0.206422018,0.078,0.0505,0.0459,1
0.0642,0.078,0.105504587,0.247706422,161.451,0.5,0.183486239,0.0642,0.0321,0.055,1
0.0913,0.0822,0.173515982,0.305936073,162.108,0.465753425,0.232876712,0.1005,0.032,0.0502,1
0.0594,0.0502,0.086757991,0.200913242,152.68,0.570776256,0.278538813,0.1096,0.0365,0.0502,1
0.0591,0.0682,0.109090909,0.263636364,159.863,0.5,0.222727273,0.1,0.0182,0.0455,1
0.0676,0.0856,0.135135135,0.288288288,162.014,0.490990991,0.211711712,0.0856,0.0495,0.0766,1
0.0493,0.0762,0.107623318,0.237668161,161.712,0.488789238,0.219730942,0.0673,0.0448,0.0807,1
0.0448,0.0583,0.121076233,0.233183857,160.658,0.511210762,0.260089686,0.1166,0.0314,0.0314,1
0.0804,0.0804,0.107142857,0.241071429,152.296,0.589285714,0.303571429,0.1429,0.0223,0.0759,1
0.0533,0.0933,0.097777778,0.217777778,161.016,0.466666667,0.208888889,0.0622,0.0444,0.0533,1
0.0575,0.0664,0.066371681,0.194690265,156.458,0.522123894,0.225663717,0.0885,0.031,0.0796,1
0.0308,0.0881,0.079295154,0.220264317,158.63,0.524229075,0.224669604,0.0661,0.0264,0.0441,1
0.057,0.1053,0.131578947,0.293859649,163.233,0.464912281,0.206140351,0.0702,0.0439,0.0395,1
0.0658,0.1096,0.109649123,0.25877193,161.036,0.460526316,0.228070175,0.1228,0.057,0.0482,1
0.0217,0.0913,0.086956522,0.217391304,159.012,0.465217391,0.273913043,0.113,0.0478,0.0652,1
0.0565,0.0391,0.117391304,0.239130435,158.01,0.560869565,0.265217391,0.113,0.0348,0.0478,1
0.1255,0.0649,0.155844156,0.285714286,156.799,0.558441558,0.246753247,0.1212,0.0303,0.0563,1
0.0519,0.0519,0.103896104,0.229437229,158.979,0.541125541,0.246753247,0.1126,0.0303,0.0649,1
0.1034,0.1034,0.142241379,0.306034483,164.065,0.409482759,0.206896552,0.0819,0.0474,0.0345,1
0.0345,0.0948,0.120689655,0.25,165.045,0.426724138,0.193965517,0.0603,0.0345,0.0517,1
0.0558,0.0687,0.081545064,0.201716738,158.212,0.506437768,0.248927039,0.1159,0.0644,0.0515,1
0.0636,0.0763,0.131355932,0.262711864,158.249,0.508474576,0.245762712,0.089,0.0212,0.0805,1
0.072,0.1017,0.139830508,0.31779661,167.332,0.423728814,0.148305085,0.0508,0.0339,0.0466,1
0.0424,0.0593,0.118644068,0.25,161.042,0.516949153,0.203389831,0.0847,0.0466,0.0424,1
0.0886,0.1013,0.130801688,0.308016878,163.614,0.438818565,0.185654008,0.0759,0.0338,0.0549,1
0.0886,0.0802,0.130801688,0.261603376,166.887,0.417721519,0.151898734,0.0802,0.0422,0.038,1
0.0586,0.0795,0.108786611,0.238493724,157.673,0.531380753,0.263598326,0.1088,0.0293,0.0418,1
0.0251,0.1046,0.125523013,0.288702929,166.231,0.414225941,0.179916318,0.0753,0.0711,0.046,1
0.0335,0.0377,0.079497908,0.188284519,153.733,0.60251046,0.242677824,0.1004,0.0251,0.0795,1
0.0496,0.062,0.090909091,0.223140496,161.632,0.5,0.198347107,0.062,0.0537,0.0455,1
0.0453,0.0823,0.115226337,0.263374486,158.346,0.497942387,0.259259259,0.1646,0.037,0.0617,1
0.0905,0.0453,0.111111111,0.222222222,159.035,0.526748971,0.230452675,0.1029,0.0494,0.0741,1
0.0569,0.0976,0.12601626,0.280487805,164.024,0.43495935,0.199186992,0.0488,0.0569,0.0569,1
0.061,0.0772,0.117886179,0.296747967,154.587,0.573170732,0.288617886,0.1382,0.0081,0.061,1
0.0324,0.081,0.076923077,0.20242915,156.913,0.518218623,0.251012146,0.1012,0.0364,0.0567,1
0.0685,0.0968,0.096774194,0.282258065,164.369,0.459677419,0.197580645,0.0766,0.0282,0.0685,1
0.0643,0.0803,0.136546185,0.265060241,161.015,0.477911647,0.232931727,0.0924,0.0402,0.0402,1
0.012,0.0319,0.087649402,0.187250996,153.525,0.593625498,0.294820717,0.1633,0.0398,0.0757,1
0.0717,0.0996,0.135458167,0.270916335,165.044,0.406374502,0.199203187,0.0637,0.0359,0.0717,1
0.0717,0.0996,0.099601594,0.25498008,156.112,0.541832669,0.266932271,0.1076,0.0398,0.0518,1
0.0119,0.0595,0.138888889,0.261904762,163.724,0.48015873,0.218253968,0.0833,0.0317,0.0476,1
0.0198,0.0237,0.079051383,0.185770751,152.903,0.62055336,0.268774704,0.0949,0.0356,0.0672,1
0.0709,0.0512,0.098425197,0.200787402,159.943,0.503937008,0.212598425,0.0709,0.0433,0.0709,1
0.0431,0.1137,0.098039216,0.262745098,164.696,0.411764706,0.176470588,0.0902,0.0706,0.0471,1
0.0392,0.0549,0.066666667,0.160784314,154.397,0.549019608,0.282352941,0.1137,0.051,0.0627,1
0.0196,0.051,0.094117647,0.196078431,154.879,0.560784314,0.294117647,0.1216,0.0314,0.0902,1
0.0313,0.0664,0.12890625,0.2734375,163.398,0.48828125,0.21484375,0.0703,0.0313,0.043,1
0.0545,0.0895,0.120622568,0.272373541,159.888,0.478599222,0.245136187,0.1012,0.0467,0.0584,1
0.0584,0.1128,0.097276265,0.272373541,161.922,0.46692607,0.190661479,0.0934,0.0272,0.0856,1
0.0506,0.0545,0.097276265,0.221789883,157.772,0.517509728,0.249027237,0.1051,0.0428,0.0506,1
0.0661,0.0778,0.093385214,0.237354086,159.092,0.521400778,0.186770428,0.0856,0.0156,0.0934,1
0.0194,0.0891,0.085271318,0.23255814,158.678,0.523255814,0.271317829,0.124,0.0426,0.0504,1
0.0615,0.0885,0.126923077,0.246153846,166.011,0.434615385,0.2,0.0577,0.0423,0.0462,1
0.0231,0.0423,0.053846154,0.134615385,153.01,0.573076923,0.253846154,0.0769,0.1115,0.0923,1
0.0498,0.0728,0.103448276,0.214559387,156.11,0.540229885,0.260536398,0.1188,0.0192,0.0651,1
0.0575,0.0575,0.084291188,0.195402299,150.514,0.624521073,0.30651341,0.1303,0.0153,0.069,1
0.0382,0.0611,0.095419847,0.198473282,154.858,0.553435115,0.270992366,0.0954,0.0229,0.0611,1
0.0456,0.1217,0.125475285,0.326996198,166.347,0.425855513,0.178707224,0.1027,0.0646,0.0456,1
0.0646,0.0456,0.087452471,0.190114068,156.661,0.532319392,0.239543726,0.0989,0.0532,0.0798,1
0.0532,0.0608,0.133079848,0.247148289,159.894,0.520912548,0.25095057,0.1065,0.0304,0.0646,1
0.0455,0.0682,0.09469697,0.212121212,160.461,0.496212121,0.215909091,0.0644,0.0455,0.0492,1
0.0606,0.0606,0.113636364,0.234848485,160.213,0.507575758,0.204545455,0.072,0.0303,0.0682,1
0.0302,0.0679,0.101886792,0.252830189,156.737,0.569811321,0.256603774,0.1132,0.0113,0.0679,1
0.0415,0.0642,0.075471698,0.173584906,154.403,0.505660377,0.316981132,0.1321,0.0642,0.0415,1
0.015,0.0412,0.082397004,0.205992509,148.072,0.666666667,0.34082397,0.176,0.0187,0.0599,1
0.0449,0.0524,0.116104869,0.235955056,157.64,0.546816479,0.247191011,0.1199,0.0262,0.0712,1
0.0784,0.1007,0.108208955,0.27238806,161.226,0.481343284,0.197761194,0.0858,0.0149,0.0672,1
0.0554,0.0996,0.118081181,0.276752768,164.796,0.457564576,0.180811808,0.0775,0.0406,0.048,1
0.0846,0.0846,0.154411765,0.297794118,163.752,0.459558824,0.194852941,0.0551,0.0221,0.0441,1
0.0368,0.0772,0.077205882,0.191176471,158.401,0.503676471,0.209558824,0.0735,0.0551,0.0551,1
0.044,0.0586,0.098901099,0.234432234,152.709,0.553113553,0.318681319,0.1465,0.022,0.0513,1
0.0836,0.0945,0.141818182,0.301818182,163.236,0.465454545,0.203636364,0.0545,0.0291,0.0327,1
0.1087,0.0471,0.195652174,0.278985507,159.721,0.5,0.246376812,0.0688,0.0217,0.0507,1
0.0504,0.0791,0.100719424,0.23381295,159.603,0.489208633,0.226618705,0.0683,0.0504,0.0612,1
0.0647,0.0683,0.133093525,0.248201439,165.471,0.467625899,0.212230216,0.0935,0.0252,0.036,1
0.0753,0.0609,0.093189964,0.218637993,156.129,0.534050179,0.247311828,0.1183,0.0466,0.0645,1
0.0609,0.0753,0.103942652,0.229390681,157.338,0.537634409,0.225806452,0.0789,0.0323,0.0609,1
0.0502,0.0681,0.082437276,0.207885305,158.927,0.505376344,0.247311828,0.1147,0.0323,0.0466,1
0.0393,0.0643,0.078571429,0.217857143,150.435,0.596428571,0.335714286,0.1571,0.0143,0.05,1
0.0643,0.0643,0.114285714,0.260714286,157.915,0.535714286,0.242857143,0.1,0.0143,0.0571,1
0.0674,0.0745,0.134751773,0.262411348,161.755,0.471631206,0.226950355,0.0674,0.0213,0.0709,1
0.0567,0.0887,0.078014184,0.209219858,161.904,0.443262411,0.216312057,0.1099,0.0638,0.0461,1
0.0389,0.0954,0.116607774,0.275618375,162.302,0.48409894,0.201413428,0.0813,0.0459,0.0424,1
0.0561,0.0772,0.101754386,0.228070175,160.767,0.466666667,0.21754386,0.0386,0.0456,0.0596,1
0.0629,0.0804,0.097902098,0.262237762,164.036,0.465034965,0.178321678,0.0594,0.0315,0.042,1
0.0524,0.0909,0.08041958,0.216783217,155.487,0.555944056,0.251748252,0.0839,0.021,0.0629,1
0.0801,0.0523,0.12543554,0.236933798,160.028,0.508710801,0.243902439,0.0941,0.0488,0.0453,1
0.0592,0.0767,0.118466899,0.24738676,157.002,0.533101045,0.257839721,0.1289,0.0383,0.0906,1
0.0662,0.0627,0.12195122,0.243902439,162.809,0.466898955,0.226480836,0.0906,0.0557,0.0592,1
0.0556,0.0417,0.086805556,0.190972222,156.056,0.548611111,0.256944444,0.0764,0.0451,0.059,1
0.0692,0.0761,0.128027682,0.24567474,162.015,0.494809689,0.186851211,0.1107,0.045,0.0692,1
0.0588,0.0692,0.117647059,0.249134948,166.609,0.442906574,0.179930796,0.0727,0.0381,0.0311,1
0.0414,0.0552,0.089655172,0.217241379,157.678,0.520689655,0.268965517,0.1172,0.0345,0.0621,1
0.055,0.0928,0.092783505,0.240549828,156.087,0.529209622,0.264604811,0.0997,0.0241,0.0515,1
0.099,0.1297,0.14334471,0.327645051,161.177,0.460750853,0.228668942,0.1024,0.0444,0.0307,1
0.068,0.1259,0.136054422,0.316326531,167.087,0.391156463,0.180272109,0.068,0.051,0.0238,1
0.0272,0.0408,0.085034014,0.197278912,153.413,0.598639456,0.258503401,0.119,0.0238,0.0748,1
0.0544,0.102,0.119047619,0.272108844,163.898,0.445578231,0.18707483,0.051,0.034,0.051,1
0.0507,0.0541,0.118243243,0.25,161.145,0.510135135,0.233108108,0.098,0.0304,0.0473,1
0.0438,0.1044,0.094276094,0.245791246,165.039,0.441077441,0.188552189,0.064,0.0471,0.0572,1
0.0705,0.0872,0.10738255,0.248322148,159.938,0.466442953,0.208053691,0.0638,0.0268,0.047,1
0.0503,0.0973,0.110738255,0.261744966,156.07,0.536912752,0.275167785,0.1309,0.0201,0.0537,1
0.0435,0.0803,0.127090301,0.274247492,162.926,0.451505017,0.220735786,0.0769,0.0368,0.0435,1
0.0467,0.0633,0.073333333,0.196666667,154.189,0.563333333,0.243333333,0.09,0.0233,0.0833,1
0.0465,0.0465,0.083056478,0.189368771,157.63,0.541528239,0.23255814,0.093,0.0365,0.0698,1
0.0698,0.0631,0.112956811,0.225913621,158.513,0.49833887,0.235880399,0.0731,0.0465,0.0598,1
0.0695,0.0762,0.082781457,0.19205298,151.184,0.582781457,0.278145695,0.0894,0.0265,0.0894,1
0.1056,0.0528,0.165016502,0.273927393,168.511,0.445544554,0.155115512,0.0462,0.0231,0.0627,1
0.0627,0.0726,0.102310231,0.234323432,167.107,0.435643564,0.141914191,0.0462,0.0561,0.066,1
0.0888,0.0855,0.134868421,0.273026316,165.848,0.417763158,0.151315789,0.0395,0.0592,0.0461,1
0.059,0.0852,0.118032787,0.259016393,163.586,0.46557377,0.157377049,0.0426,0.0557,0.0754,1
0.0328,0.0525,0.075409836,0.183606557,153.428,0.590163934,0.268852459,0.1082,0.0262,0.0459,1
0.0458,0.0752,0.081699346,0.205882353,156.009,0.509803922,0.290849673,0.1013,0.0458,0.0425,1
0.0421,0.0744,0.074433657,0.181229773,156.965,0.514563107,0.242718447,0.0712,0.0583,0.0421,1
0.0583,0.0744,0.106796117,0.226537217,161.112,0.45631068,0.220064725,0.0744,0.0421,0.0453,1
0.0388,0.0712,0.097087379,0.220064725,158.488,0.517799353,0.262135922,0.0906,0.0324,0.0485,1
0.0484,0.0742,0.103225806,0.238709677,161.273,0.458064516,0.222580645,0.0581,0.0355,0.0419,1
0.0677,0.1,0.138709677,0.290322581,163.409,0.441935484,0.212903226,0.0806,0.0355,0.0452,1
0.0484,0.0613,0.093548387,0.241935484,160.814,0.480645161,0.225806452,0.0871,0.0387,0.0419,1
0.0645,0.0774,0.106451613,0.232258065,155.788,0.525806452,0.274193548,0.1226,0.0452,0.0484,1
0.045,0.0965,0.067524116,0.209003215,155.609,0.54340836,0.260450161,0.1318,0.0289,0.0482,1
0.0609,0.0737,0.112179487,0.25,156.553,0.525641026,0.275641026,0.109,0.0256,0.0545,1
0.0256,0.0767,0.111821086,0.249201278,157.687,0.517571885,0.261980831,0.1086,0.0319,0.0319,1
0.0447,0.1086,0.095846645,0.242811502,156.072,0.523961661,0.290734824,0.1246,0.0351,0.0351,1
0.0415,0.0607,0.134185304,0.24600639,161.625,0.469648562,0.223642173,0.0895,0.0479,0.0447,1
0.0732,0.0796,0.140127389,0.299363057,164.625,0.458598726,0.178343949,0.0732,0.0287,0.0573,1
0.0633,0.0728,0.113924051,0.243670886,160.021,0.509493671,0.215189873,0.1044,0.019,0.057,1
0.0694,0.0757,0.116719243,0.249211356,160.061,0.492113565,0.211356467,0.0883,0.041,0.0536,1
0.0597,0.0818,0.103773585,0.232704403,159.668,0.487421384,0.229559748,0.1164,0.0346,0.0566,1
0.047,0.0627,0.109717868,0.244514107,155.426,0.517241379,0.263322884,0.069,0.0345,0.0658,1
0.0564,0.0846,0.087774295,0.222570533,158.23,0.504702194,0.228840125,0.1097,0.0533,0.0815,1
0.0408,0.0627,0.097178683,0.228840125,162.852,0.473354232,0.194357367,0.0815,0.0376,0.0627,1
0.0564,0.0909,0.097178683,0.228840125,157.632,0.501567398,0.250783699,0.1066,0.0313,0.0658,1
0.0311,0.0621,0.077639752,0.192546584,153.031,0.562111801,0.295031056,0.1398,0.0311,0.0497,1
0.0683,0.0901,0.102484472,0.242236025,161.036,0.450310559,0.217391304,0.0963,0.0342,0.0466,1
0.0745,0.0621,0.118012422,0.236024845,156.175,0.540372671,0.248447205,0.059,0.0217,0.0559,1
0.0402,0.0898,0.151702786,0.315789474,163.364,0.452012384,0.222910217,0.1084,0.031,0.0464,1
0.0772,0.0772,0.108024691,0.24382716,154.356,0.537037037,0.280864198,0.1327,0.0278,0.0463,1
0.037,0.0926,0.114197531,0.265432099,161.844,0.475308642,0.228395062,0.0864,0.0432,0.0463,1
0.0615,0.0862,0.12,0.261538462,166.165,0.436923077,0.172307692,0.0462,0.0462,0.04,1
0.08,0.1108,0.141538462,0.307692308,163.069,0.424615385,0.215384615,0.0862,0.04,0.04,1
0.0615,0.0677,0.098461538,0.236923077,154.075,0.569230769,0.270769231,0.1046,0.0308,0.0369,1
0.0305,0.0732,0.073170732,0.192073171,155.812,0.521341463,0.262195122,0.122,0.0335,0.0518,1
0.0518,0.0671,0.106707317,0.25,159.709,0.509146341,0.24695122,0.1128,0.0366,0.0366,1
0.0427,0.0488,0.094512195,0.204268293,156.588,0.536585366,0.262195122,0.0976,0.0244,0.0579,1
0.064,0.0701,0.088414634,0.213414634,156.263,0.530487805,0.265243902,0.128,0.0518,0.0427,1
0.0304,0.0547,0.075987842,0.17325228,155.821,0.541033435,0.23100304,0.1125,0.0365,0.079,1
0.0515,0.103,0.1,0.254545455,164.524,0.436363636,0.16969697,0.0576,0.0576,0.0485,1
0.0303,0.0576,0.093939394,0.215151515,160.421,0.496969697,0.212121212,0.0848,0.0576,0.0788,1
0.0514,0.0604,0.123867069,0.223564955,159.811,0.49244713,0.247734139,0.0725,0.0514,0.0725,1
0.0361,0.0753,0.090361446,0.201807229,151.805,0.584337349,0.328313253,0.1386,0.0271,0.0723,1
0.042,0.0631,0.096096096,0.219219219,162.014,0.45045045,0.24024024,0.0721,0.042,0.0571,1
0.039,0.0661,0.108108108,0.234234234,158.702,0.516516517,0.264264264,0.1411,0.033,0.045,1
0.0601,0.0811,0.099099099,0.231231231,159.693,0.495495495,0.231231231,0.0721,0.045,0.0571,1
0.021,0.0629,0.125748503,0.251497006,157.883,0.54491018,0.245508982,0.1198,0.0359,0.0749,1
0.0448,0.1194,0.101492537,0.28358209,162.753,0.43880597,0.2,0.0806,0.0627,0.0478,1
0.0657,0.0627,0.104477612,0.23880597,155.352,0.588059701,0.247761194,0.1134,0.0119,0.0507,1
0.0268,0.0714,0.110119048,0.255952381,160.905,0.485119048,0.211309524,0.1012,0.0327,0.0536,1
0.0742,0.0772,0.112759644,0.231454006,156.708,0.519287834,0.255192878,0.1039,0.0237,0.0623,1
0.0414,0.0888,0.073964497,0.213017751,155.363,0.529585799,0.263313609,0.1272,0.0325,0.0473,1
0.0207,0.071,0.091715976,0.186390533,154.59,0.544378698,0.284023669,0.1065,0.0414,0.0651,1
0.1124,0.068,0.118343195,0.25739645,158.005,0.541420118,0.233727811,0.068,0.0296,0.071,1
0.0588,0.0853,0.097058824,0.229411765,157.164,0.517647059,0.252941176,0.1059,0.05,0.05,1
0.0265,0.0647,0.111764706,0.238235294,161.549,0.497058824,0.238235294,0.1,0.0294,0.0647,1
0.0528,0.0528,0.099706745,0.217008798,157.994,0.527859238,0.249266862,0.0762,0.0147,0.0469,1
0.0616,0.0821,0.120234604,0.269794721,162.667,0.46627566,0.190615836,0.0674,0.0411,0.0469,1
0.0439,0.0731,0.099415205,0.219298246,156.214,0.51754386,0.280701754,0.1287,0.0497,0.0614,1
0.0669,0.0901,0.136627907,0.287790698,163.533,0.444767442,0.203488372,0.0581,0.0465,0.0436,1
0.0698,0.0756,0.101744186,0.23255814,163.553,0.473837209,0.174418605,0.0727,0.0436,0.0552,1
0.0522,0.0638,0.084057971,0.220289855,154.457,0.565217391,0.272463768,0.0812,0.0232,0.0464,1
0.0377,0.0754,0.084057971,0.202898551,159.148,0.515942029,0.223188406,0.0754,0.0435,0.058,1
0.0522,0.0812,0.104347826,0.255072464,158.94,0.51884058,0.243478261,0.0986,0.0319,0.0522,1
0.0925,0.0434,0.106936416,0.208092486,154.422,0.578034682,0.277456647,0.1156,0.0405,0.0723,1
0.0607,0.0723,0.10982659,0.242774566,154.84,0.560693642,0.260115607,0.104,0.0202,0.0867,1
0.0549,0.0954,0.13583815,0.289017341,164.005,0.453757225,0.187861272,0.1012,0.0434,0.052,1
0.0809,0.0809,0.130057803,0.260115607,159.878,0.50867052,0.219653179,0.0723,0.0202,0.0607,1
0.0432,0.0893,0.095100865,0.25648415,156.987,0.547550432,0.221902017,0.0663,0.0259,0.0692,1
0.0259,0.0778,0.129682997,0.265129683,157.131,0.553314121,0.262247839,0.1153,0.0317,0.0519,1
0.0461,0.0778,0.089337176,0.204610951,153.836,0.544668588,0.291066282,0.1095,0.0231,0.0605,1
0.0605,0.0893,0.115273775,0.25648415,163.033,0.443804035,0.193083573,0.072,0.0403,0.0692,1
0.0317,0.049,0.074927954,0.175792507,153.883,0.585014409,0.270893372,0.1239,0.0288,0.0807,1
0.0402,0.092,0.091954023,0.25,160.892,0.494252874,0.183908046,0.0316,0.0374,0.0805,1
0.0575,0.069,0.103448276,0.224137931,157.963,0.531609195,0.224137931,0.0977,0.0402,0.0575,1
0.0688,0.0946,0.097421203,0.226361032,158.064,0.521489971,0.223495702,0.0774,0.0487,0.0573,1
0.0688,0.106,0.123209169,0.277936963,158.248,0.478510029,0.263610315,0.1032,0.0458,0.0258,1
0.0592,0.0986,0.107042254,0.256338028,158.201,0.487323944,0.245070423,0.0873,0.0225,0.0704,1
0.056,0.0812,0.114845938,0.263305322,164.053,0.43977591,0.173669468,0.0616,0.0448,0.0448,1
0.0748,0.0637,0.121883657,0.268698061,158.617,0.529085873,0.216066482,0.0803,0.0222,0.0582,1
0.0499,0.072,0.108033241,0.254847645,165.35,0.457063712,0.171745152,0.0582,0.0305,0.0416,1
0.0663,0.0912,0.132596685,0.273480663,164.856,0.444751381,0.17679558,0.0552,0.0552,0.0635,1
