C,Cr,W,Si,Mn,V,Ta,Zr,Y,Ti,N,NT ,Nt ,TT ,Tt ,Ttest ,UTS
0.1,9.3,0.93,0.11,0.4,0.22,0.094,0,0,0,0.002,1000,60,650,120,25,783
0.1,9.3,0.93,0.11,0.4,0.22,0.094,0,0,0,0.002,1000,60,750,120,25,657
0.1,9.3,0.95,0.13,0.41,0.23,0,0,0,0.056,0.002,1000,60,650,120,25,698
0.1,9.3,0.95,0.13,0.41,0.23,0,0,0,0.056,0.002,1000,60,750,120,25,605
0.11,8.7,1,0,0.44,0.19,0.1,0,0,0,0,980,27,760,90,25,660
0.11,8.7,1,0,0.44,0.19,0.1,0,0,0,0,980,27,760,90,400,511
0.11,8.7,1,0,0.44,0.19,0.1,0,0,0,0,980,27,760,90,500,433
0.11,8.7,1,0,0.44,0.19,0.1,0,0,0,0,980,27,760,90,600,309
0.08,9.04,1,0.09,0.55,0.22,0.06,0,0,0.005,0.0226,980,30,763,90,25,686
0.08,9.04,1,0.09,0.55,0.22,0.06,0,0,0.005,0.0226,980,30,763,90,100,612
0.08,9.04,1,0.09,0.55,0.22,0.06,0,0,0.005,0.0226,980,30,763,90,200,546
0.08,9.04,1,0.09,0.55,0.22,0.06,0,0,0.005,0.0226,980,30,763,90,250,528
0.08,9.04,1,0.09,0.55,0.22,0.06,0,0,0.005,0.0226,980,30,763,90,300,502
0.08,9.04,1,0.09,0.55,0.22,0.06,0,0,0.005,0.0226,980,30,763,90,350,499
0.08,9.04,1,0.09,0.55,0.22,0.06,0,0,0.005,0.0226,980,30,763,90,400,467
0.08,9.04,1,0.09,0.55,0.22,0.06,0,0,0.005,0.0226,980,30,763,90,450,463
0.08,9.04,1,0.09,0.55,0.22,0.06,0,0,0.005,0.0226,980,30,763,90,500,453
0.08,9.04,1,0.09,0.55,0.22,0.06,0,0,0.005,0.0226,980,30,763,90,550,418
0.08,9.04,1,0.09,0.55,0.22,0.06,0,0,0.005,0.0226,980,30,763,90,600,353
0.126,9.03,1.39,0.06,0.56,0.24,0.06,0,0,0.005,0.03,980,30,763,90,25,655
0.126,9.03,1.39,0.06,0.56,0.24,0.06,0,0,0.005,0.03,980,30,763,90,100,628
0.126,9.03,1.39,0.06,0.56,0.24,0.06,0,0,0.005,0.03,980,30,763,90,200,582
0.126,9.03,1.39,0.06,0.56,0.24,0.06,0,0,0.005,0.03,980,30,763,90,250,560
0.126,9.03,1.39,0.06,0.56,0.24,0.06,0,0,0.005,0.03,980,30,763,90,300,535
0.126,9.03,1.39,0.06,0.56,0.24,0.06,0,0,0.005,0.03,980,30,763,90,350,532
0.126,9.03,1.39,0.06,0.56,0.24,0.06,0,0,0.005,0.03,980,30,763,90,400,500
0.126,9.03,1.39,0.06,0.56,0.24,0.06,0,0,0.005,0.03,980,30,763,90,450,480
0.126,9.03,1.39,0.06,0.56,0.24,0.06,0,0,0.005,0.03,980,30,763,90,500,443
0.126,9.03,1.39,0.06,0.56,0.24,0.06,0,0,0.005,0.03,980,30,763,90,550,404
0.126,9.03,1.39,0.06,0.56,0.24,0.06,0,0,0.005,0.03,980,30,763,90,600,348
0.12,8.99,2.06,0.06,0.65,0.24,0.06,0,0,0.005,0.02,980,30,763,90,25,676
0.12,8.99,2.06,0.06,0.65,0.24,0.06,0,0,0.005,0.02,980,30,763,90,100,618
0.12,8.99,2.06,0.06,0.65,0.24,0.06,0,0,0.005,0.02,980,30,763,90,200,583
0.12,8.99,2.06,0.06,0.65,0.24,0.06,0,0,0.005,0.02,980,30,763,90,250,564
0.12,8.99,2.06,0.06,0.65,0.24,0.06,0,0,0.005,0.02,980,30,763,90,300,542
0.12,8.99,2.06,0.06,0.65,0.24,0.06,0,0,0.005,0.02,980,30,763,90,350,516
0.12,8.99,2.06,0.06,0.65,0.24,0.06,0,0,0.005,0.02,980,30,763,90,400,504
0.12,8.99,2.06,0.06,0.65,0.24,0.06,0,0,0.005,0.02,980,30,763,90,450,471
0.12,8.99,2.06,0.06,0.65,0.24,0.06,0,0,0.005,0.02,980,30,763,90,500,452
0.12,8.99,2.06,0.06,0.65,0.24,0.06,0,0,0.005,0.02,980,30,763,90,550,386
0.12,8.99,2.06,0.06,0.65,0.24,0.06,0,0,0.005,0.02,980,30,763,90,600,347
0.12,8.5,1.5,0,0.51,0.25,0.1,0,0,0,0.0067,980,45,740,90,25,679
0.11,8.55,1.48,0,0.51,0.25,0.1,0,0,0,0.025,980,45,740,90,25,671
0.11,8.86,2.07,0.05,0.5,0.24,0.11,0,0,0,0,1050,60,750,120,25,659
0.11,8.86,2.07,0.05,0.5,0.24,0.11,0,0,0,0,1050,60,750,120,500,431
0.11,8.86,2.07,0.05,0.5,0.24,0.11,0,0,0,0,1050,60,750,120,550,375
0.11,8.86,2.07,0.05,0.5,0.24,0.11,0,0,0,0,1050,60,750,120,600,327
0.11,8.86,2.07,0.05,0.5,0.24,0.11,0,0,0,0,1050,60,750,120,650,260.6
0.12,8.79,2.01,0.22,0.52,0.24,0.11,0,0,0,0,1050,60,750,120,25,680
0.12,8.79,2.01,0.22,0.52,0.24,0.11,0,0,0,0,1050,60,750,120,500,444
0.12,8.79,2.01,0.22,0.52,0.24,0.11,0,0,0,0,1050,60,750,120,550,369
0.12,8.79,2.01,0.22,0.52,0.24,0.11,0,0,0,0,1050,60,750,120,600,323
0.12,8.79,2.01,0.22,0.52,0.24,0.11,0,0,0,0,1050,60,750,120,650,260.6
0.12,8.84,2.05,0.77,0.51,0.24,0.11,0,0,0,0,1050,60,750,120,25,730
0.12,8.84,2.05,0.77,0.51,0.24,0.11,0,0,0,0,1050,60,750,120,500,466
0.12,8.84,2.05,0.77,0.51,0.24,0.11,0,0,0,0,1050,60,750,120,550,385
0.12,8.84,2.05,0.77,0.51,0.24,0.11,0,0,0,0,1050,60,750,120,600,336
0.12,8.84,2.05,0.77,0.51,0.24,0.11,0,0,0,0,1050,60,750,120,650,256
0.11,9.4,1.35,0.05,0.46,0.22,0.071,0,0.006,0,0.0023,1050,30,750,90,25,699
0.11,9.4,1.35,0.05,0.46,0.22,0.071,0,0.006,0,0.0023,1050,30,750,90,300,567
0.11,9.4,1.35,0.05,0.46,0.22,0.071,0,0.006,0,0.0023,1050,30,750,90,500,469
0.11,9.4,1.35,0.05,0.46,0.22,0.071,0,0.006,0,0.0023,1050,30,750,90,600,336
0.11,9.4,1.35,0.05,0.46,0.22,0.071,0,0.006,0,0.0023,1050,30,750,90,650,275
0.11,9.4,1.35,0.05,0.45,0.21,0.073,0,0.036,0,0.0022,1050,30,750,90,25,718
0.11,9.4,1.35,0.05,0.45,0.21,0.073,0,0.036,0,0.0022,1050,30,750,90,300,583
0.11,9.4,1.35,0.05,0.45,0.21,0.073,0,0.036,0,0.0022,1050,30,750,90,500,486
0.11,9.4,1.35,0.05,0.45,0.21,0.073,0,0.036,0,0.0022,1050,30,750,90,600,354
0.11,9.4,1.35,0.05,0.45,0.21,0.073,0,0.036,0,0.0022,1050,30,750,90,650,276
0.11,9.4,1.35,0.05,0.45,0.22,0.071,0,0.071,0,0.0022,1050,30,750,90,25,663
0.11,9.4,1.35,0.05,0.45,0.22,0.071,0,0.071,0,0.0022,1050,30,750,90,300,500
0.11,9.4,1.35,0.05,0.45,0.22,0.071,0,0.071,0,0.0022,1050,30,750,90,500,406
0.11,9.4,1.35,0.05,0.45,0.22,0.071,0,0.071,0,0.0022,1050,30,750,90,600,310
0.11,9.4,1.35,0.05,0.45,0.22,0.071,0,0.071,0,0.0022,1050,30,750,90,650,254
0.092,8.87,1.71,0.01,0.28,0.19,0.002,0,0,0,0,1050,30,750,90,25,625
0.092,8.87,1.71,0.01,0.28,0.19,0.002,0,0,0,0,1050,30,750,90,200,522
0.092,8.87,1.71,0.01,0.28,0.19,0.002,0,0,0,0,1050,30,750,90,300,497
0.092,8.87,1.71,0.01,0.28,0.19,0.002,0,0,0,0,1050,30,750,90,400,468
0.092,8.87,1.71,0.01,0.28,0.19,0.002,0,0,0,0,1050,30,750,90,500,416
0.092,8.87,1.71,0.01,0.28,0.19,0.002,0,0,0,0,1050,30,750,90,600,328
0.1,9.1,1.49,0.05,0.46,0.22,0.15,0.002,0.001,0,0.0032,1050,30,750,90,25,684.6
0.1,9.1,1.49,0.05,0.46,0.22,0.15,0.002,0.001,0,0.0032,1050,30,750,90,300,541
0.1,9.1,1.49,0.05,0.46,0.22,0.15,0.002,0.001,0,0.0032,1050,30,750,90,550,391
0.1,9.1,1.49,0.05,0.46,0.22,0.15,0.002,0.001,0,0.0032,1050,30,750,90,600,335
0.1,9.1,1.49,0.05,0.46,0.22,0.15,0.002,0.001,0,0.0032,1050,30,750,90,650,258
0.11,9.2,1.5,0.05,0.45,0.22,0.14,0.003,0.005,0,0.0034,1050,30,750,90,25,743.5
0.11,9.2,1.5,0.05,0.45,0.22,0.14,0.003,0.005,0,0.0034,1050,30,750,90,300,575
0.11,9.2,1.5,0.05,0.45,0.22,0.14,0.003,0.005,0,0.0034,1050,30,750,90,500,472
0.11,9.2,1.5,0.05,0.45,0.22,0.14,0.003,0.005,0,0.0034,1050,30,750,90,550,415
0.11,9.2,1.5,0.05,0.45,0.22,0.14,0.003,0.005,0,0.0034,1050,30,750,90,600,349
0.11,9.2,1.5,0.05,0.45,0.22,0.14,0.003,0.005,0,0.0034,1050,30,750,90,650,260
0.1,9.1,1.49,0.06,0.44,0.22,0.15,0.002,0.011,0,0.0031,1050,30,750,90,25,697.9
0.1,9.1,1.49,0.06,0.44,0.22,0.15,0.002,0.011,0,0.0031,1050,30,750,90,300,555
0.1,9.1,1.49,0.06,0.44,0.22,0.15,0.002,0.011,0,0.0031,1050,30,750,90,500,461
0.1,9.1,1.49,0.06,0.44,0.22,0.15,0.002,0.011,0,0.0031,1050,30,750,90,550,409
0.1,9.1,1.49,0.06,0.44,0.22,0.15,0.002,0.011,0,0.0031,1050,30,750,90,600,340
0.1,9.1,1.49,0.06,0.44,0.22,0.15,0.002,0.011,0,0.0031,1050,30,750,90,650,260
0.126,9.03,1.39,0.06,0.56,0.24,0.06,0,0,0.005,0.03,980,15,765,90,25,687
0.126,9.03,1.39,0.06,0.56,0.24,0.06,0,0,0.005,0.03,980,15,765,90,200,583
0.126,9.03,1.39,0.06,0.56,0.24,0.06,0,0,0.005,0.03,980,15,765,90,300,551
0.126,9.03,1.39,0.06,0.56,0.24,0.06,0,0,0.005,0.03,980,15,765,90,400,516
0.126,9.03,1.39,0.06,0.56,0.24,0.06,0,0,0.005,0.03,980,15,765,90,500,434
0.126,9.03,1.39,0.06,0.56,0.24,0.06,0,0,0.005,0.03,980,15,765,90,600,313
0.12,8.73,2.09,0.25,0.51,0.25,0,0,0,0,0,1050,30,750,60,25,659
0.1,8.72,2.09,0.23,0.43,0.23,0.07,0,0,0,0,1050,30,750,60,25,652
0.11,9.3,1.51,0.06,0.45,0.22,0.15,0,0.046,0,0.0153,1050,30,650,90,25,917
0.11,9.3,1.51,0.06,0.45,0.22,0.15,0,0.046,0,0.0153,1050,30,650,90,300,758
0.11,9.3,1.51,0.06,0.45,0.22,0.15,0,0.046,0,0.0153,1050,30,650,90,500,629
0.11,9.3,1.51,0.06,0.45,0.22,0.15,0,0.046,0,0.0153,1050,30,650,90,600,485
0.11,9.3,1.51,0.06,0.45,0.22,0.15,0,0.046,0,0.0153,1050,30,650,90,650,397
0.11,9.3,1.51,0.06,0.45,0.22,0.15,0,0.046,0,0.0153,1050,30,750,90,25,707
0.11,9.3,1.51,0.06,0.45,0.22,0.15,0,0.046,0,0.0153,1050,30,750,90,300,566
0.11,9.3,1.51,0.06,0.45,0.22,0.15,0,0.046,0,0.0153,1050,30,750,90,500,469
0.11,9.3,1.51,0.06,0.45,0.22,0.15,0,0.046,0,0.0153,1050,30,750,90,600,336
0.11,9.3,1.51,0.06,0.45,0.22,0.15,0,0.046,0,0.0153,1050,30,750,90,650,272
0.11,9.2,1.5,0.05,0.45,0.22,0.15,0.013,0.043,0,0.0157,1050,30,650,90,25,803
0.11,9.2,1.5,0.05,0.45,0.22,0.15,0.013,0.043,0,0.0157,1050,30,650,90,300,621
0.11,9.2,1.5,0.05,0.45,0.22,0.15,0.013,0.043,0,0.0157,1050,30,650,90,500,489
0.11,9.2,1.5,0.05,0.45,0.22,0.15,0.013,0.043,0,0.0157,1050,30,650,90,600,361
0.11,9.2,1.5,0.05,0.45,0.22,0.15,0.013,0.043,0,0.0157,1050,30,650,90,650,295
0.11,9.2,1.5,0.05,0.45,0.22,0.15,0.013,0.043,0,0.0157,1050,30,750,90,25,657
0.11,9.2,1.5,0.05,0.45,0.22,0.15,0.013,0.043,0,0.0157,1050,30,750,90,300,507
0.11,9.2,1.5,0.05,0.45,0.22,0.15,0.013,0.043,0,0.0157,1050,30,750,90,500,409
0.11,9.2,1.5,0.05,0.45,0.22,0.15,0.013,0.043,0,0.0157,1050,30,750,90,600,307
0.11,9.2,1.5,0.05,0.45,0.22,0.15,0.013,0.043,0,0.0157,1050,30,750,90,650,263
0.09,7.87,1.98,0.07,0.1,0.19,0.03,0,0,0.004,0.007,1040,38,750,60,25,638
0.12,8.93,1.07,0.06,0.47,0.2,0.14,0,0,0.009,0.018,980,27,760,90,25,676
0.12,8.93,1.1,0.04,0.44,0.19,0.14,0,0,0.009,0.017,979,111,739,222,25,676
0.09,7.7,1.95,0.11,0.16,0.16,0.02,0,0,0,0,1040,38,750,60,25,630
0.09,9,2,0.09,0.5,0.18,0.09,0,0,0,0,1030,30,750,60,25,606
0.12,8.95,2.01,0.23,0.51,0.24,0,0,0,0.01,0,1040,60,760,60,25,695
0.11,8.9,2.01,0.21,0.44,0.23,0.06,0,0,0.01,0,1040,60,760,60,25,702
0.09,7.87,1.98,0.07,0.1,0.19,0.03,0,0,0.04,0.007,1040,38,750,60,25,601
0.098,9.3,0.97,0.02,0.6,0.24,0,0,0,0,0.055,1050,120,750,120,25,586
0.12,8.91,1.08,0.04,0.48,0.2,0.14,0,0,0.006,0.02,980,30,760,90,25,640
0.1,8.72,2.09,0.23,0.43,0.23,0.07,0,0,0,0,1050,60,750,120,25,646
0.1,8.85,1.99,0.05,0.45,0.2,0.08,0,0,0,0.0231,1050,60,780,60,25,644
0.12,8.91,1.08,0.04,0.48,0.2,0.14,0,0,0.006,0.02,980,30,760,90,325,533.5
0.1,8.72,2.09,0.23,0.43,0.23,0.07,0,0,0,0,1050,60,750,120,325,522
0.1,8.85,1.99,0.05,0.45,0.2,0.08,0,0,0,0.0231,1050,60,780,60,325,511
0.12,8.73,2.09,0.25,0.51,0.25,0,0,0,0,0,1050,30,750,60,25,659
0.1,8.72,2.09,0.23,0.43,0.23,0.07,0,0,0,0,1050,30,750,60,25,652
0.11,9,1.5,0.05,0.45,0.2,0.15,0,0.015,0,0.0028,1050,30,750,90,25,679
0.11,9,1.5,0.05,0.45,0.2,0.15,0,0.015,0,0.0028,1050,30,750,90,300,554
0.11,9,1.5,0.05,0.45,0.2,0.15,0,0.015,0,0.0028,1050,30,750,90,500,454
0.11,9,1.5,0.05,0.45,0.2,0.15,0,0.015,0,0.0028,1050,30,750,90,550,397
0.11,9,1.5,0.05,0.45,0.2,0.15,0,0.015,0,0.0028,1050,30,750,90,600,348.8
0.11,9,1.5,0.05,0.45,0.2,0.15,0,0.015,0,0.0028,1050,30,750,90,650,267
0.11,9,1.5,0.05,0.45,0.2,0.15,0,0.015,0.01,0.0027,1050,30,750,90,25,702
0.11,9,1.5,0.05,0.45,0.2,0.15,0,0.015,0.01,0.0027,1050,30,750,90,300,572
0.11,9,1.5,0.05,0.45,0.2,0.15,0,0.015,0.01,0.0027,1050,30,750,90,500,466
0.11,9,1.5,0.05,0.45,0.2,0.15,0,0.015,0.01,0.0027,1050,30,750,90,550,415
0.11,9,1.5,0.05,0.45,0.2,0.15,0,0.015,0.01,0.0027,1050,30,750,90,600,352
0.11,9,1.5,0.05,0.45,0.2,0.15,0,0.015,0.01,0.0027,1050,30,750,90,650,282
0.11,9,1.5,0.05,0.45,0.2,0.15,0,0.015,0.03,0.003,1050,30,750,90,25,672
0.11,9,1.5,0.05,0.45,0.2,0.15,0,0.015,0.03,0.003,1050,30,750,90,300,541
0.11,9,1.5,0.05,0.45,0.2,0.15,0,0.015,0.03,0.003,1050,30,750,90,500,435
0.11,9,1.5,0.05,0.45,0.2,0.15,0,0.015,0.03,0.003,1050,30,750,90,550,375
0.11,9,1.5,0.05,0.45,0.2,0.15,0,0.015,0.03,0.003,1050,30,750,90,600,334
0.11,9,1.5,0.05,0.45,0.2,0.15,0,0.015,0.03,0.003,1050,30,750,90,650,250
0.11,9,1.5,0.05,0.45,0.2,0.15,0,0.015,0.05,0.0029,1050,30,750,90,25,617
0.11,9,1.5,0.05,0.45,0.2,0.15,0,0.015,0.05,0.0029,1050,30,750,90,300,487
0.11,9,1.5,0.05,0.45,0.2,0.15,0,0.015,0.05,0.0029,1050,30,750,90,500,395
0.11,9,1.5,0.05,0.45,0.2,0.15,0,0.015,0.05,0.0029,1050,30,750,90,550,345
0.11,9,1.5,0.05,0.45,0.2,0.15,0,0.015,0.05,0.0029,1050,30,750,90,600,296
0.11,9,1.5,0.05,0.45,0.2,0.15,0,0.015,0.05,0.0029,1050,30,750,90,650,232
0.11,9.2,1.48,0.05,0.46,0.22,0.14,0,0,0,0.0154,1100,30,740,90,25,575
0.11,9.3,1.51,0.06,0.45,0.22,0.15,0,0.253,0,0.0153,1100,30,740,90,25,640
0.11,9.2,1.5,0.05,0.45,0.22,0.15,0,0.255,0.093,0.0157,1100,30,740,90,25,700
0.11,9.2,1.48,0.05,0.46,0.22,0.14,0,0,0,0.0154,1100,30,740,90,650,234
0.11,9.3,1.51,0.06,0.45,0.22,0.15,0,0.253,0,0.0153,1100,30,740,90,650,254
0.11,9.2,1.5,0.05,0.45,0.22,0.15,0,0.255,0.093,0.0157,1100,30,740,90,650,279
0.11,9.2,1.51,0.05,0.44,0.22,0.15,0,0.013,0,0,1050,30,650,90,25,838
0.11,9.3,1.51,0.06,0.45,0.21,0.15,0,0.014,0.008,0,1050,30,650,90,25,853
0.1,9.2,1.5,0.05,0.44,0.22,0.15,0,0.014,0.025,0,1050,30,650,90,25,760
0.11,9.2,1.51,0.06,0.45,0.22,0.15,0,0.015,0.039,0,1050,30,650,90,25,715
0.11,9.2,1.51,0.05,0.44,0.22,0.15,0,0.013,0,0,1050,30,650,90,300,722
0.11,9.3,1.51,0.06,0.45,0.21,0.15,0,0.014,0.008,0,1050,30,650,90,300,734
0.1,9.2,1.5,0.05,0.44,0.22,0.15,0,0.014,0.025,0,1050,30,650,90,300,643
0.11,9.2,1.51,0.06,0.45,0.22,0.15,0,0.015,0.039,0,1050,30,650,90,300,615
0.11,9.2,1.51,0.05,0.44,0.22,0.15,0,0.013,0,0,1050,30,650,90,500,610
0.11,9.3,1.51,0.06,0.45,0.21,0.15,0,0.014,0.008,0,1050,30,650,90,500,623
0.1,9.2,1.5,0.05,0.44,0.22,0.15,0,0.014,0.025,0,1050,30,650,90,500,540
0.11,9.2,1.51,0.06,0.45,0.22,0.15,0,0.015,0.039,0,1050,30,650,90,500,506
0.11,9.2,1.51,0.05,0.44,0.22,0.15,0,0.013,0,0,1050,30,650,90,550,541
0.11,9.3,1.51,0.06,0.45,0.21,0.15,0,0.014,0.008,0,1050,30,650,90,550,555
0.1,9.2,1.5,0.05,0.44,0.22,0.15,0,0.014,0.025,0,1050,30,650,90,550,454
0.11,9.2,1.51,0.06,0.45,0.22,0.15,0,0.015,0.039,0,1050,30,650,90,550,441
0.11,9.2,1.51,0.05,0.44,0.22,0.15,0,0.013,0,0,1050,30,650,90,600,463
0.11,9.3,1.51,0.06,0.45,0.21,0.15,0,0.014,0.008,0,1050,30,650,90,600,469
0.1,9.2,1.5,0.05,0.44,0.22,0.15,0,0.014,0.025,0,1050,30,650,90,600,388
0.11,9.2,1.51,0.06,0.45,0.22,0.15,0,0.015,0.039,0,1050,30,650,90,600,376
0.11,9.2,1.51,0.05,0.44,0.22,0.15,0,0.013,0,0,1050,30,650,90,650,379
0.11,9.3,1.51,0.06,0.45,0.21,0.15,0,0.014,0.008,0,1050,30,650,90,650,384
0.1,9.2,1.5,0.05,0.44,0.22,0.15,0,0.014,0.025,0,1050,30,650,90,650,282
0.11,9.2,1.51,0.06,0.45,0.22,0.15,0,0.015,0.039,0,1050,30,650,90,650,275
0.006,9.11,1.47,0.16,0.47,0.21,0.11,0,0,0,0.043,1050,50,760,90,25,642
0.006,9.11,1.47,0.16,0.47,0.21,0.11,0,0,0,0.043,1050,50,760,90,600,375
0.09,9,1.98,0,0.49,0.2,0.083,0,0,0,0.015,1050,60,780,60,25,625
0.13,8.94,1.45,0,0.44,0.19,0.15,0,0,0,0,980,30,760,90,25,678
0.09,9,1.98,0,0.49,0.2,0.083,0,0,0,0.015,1050,60,780,60,400,446
0.13,8.94,1.45,0,0.44,0.19,0.15,0,0,0,0,980,30,760,90,400,517
0.09,9,1.98,0,0.49,0.2,0.083,0,0,0,0.015,1050,60,780,60,500,396
0.13,8.94,1.45,0,0.44,0.19,0.15,0,0,0,0,980,30,760,90,500,442
0.09,9,1.98,0,0.49,0.2,0.083,0,0,0,0.015,1050,60,780,60,550,350
0.13,8.94,1.45,0,0.44,0.19,0.15,0,0,0,0,980,30,760,90,550,386
0.09,9,1.98,0,0.49,0.2,0.083,0,0,0,0.015,1050,60,780,60,600,314
0.13,8.94,1.45,0,0.44,0.19,0.15,0,0,0,0,980,30,760,90,600,320
0.1,8.74,0.94,0.09,0.23,0.18,0.06,0.009,0,0.005,0.004,1000,40,750,70,25,667
0.1,8.74,0.94,0.09,0.23,0.18,0.06,0.009,0,0.005,0.004,1000,40,750,70,500,453
0.12,9.11,1.52,0.03,0.41,0.19,0.2,0,0,0,0.002,1000,40,740,90,50,713
0.12,9.11,1.52,0.03,0.41,0.19,0.2,0,0,0,0.002,1000,40,740,90,100,690
0.12,9.11,1.52,0.03,0.41,0.19,0.2,0,0,0,0.002,1000,40,740,90,150,673
0.12,9.11,1.52,0.03,0.41,0.19,0.2,0,0,0,0.002,1000,40,740,90,200,650
0.12,9.11,1.52,0.03,0.41,0.19,0.2,0,0,0,0.002,1000,40,740,90,250,642
0.12,9.11,1.52,0.03,0.41,0.19,0.2,0,0,0,0.002,1000,40,740,90,300,615
0.12,9.11,1.52,0.03,0.41,0.19,0.2,0,0,0,0.002,1000,40,740,90,350,607
0.12,9.11,1.52,0.03,0.41,0.19,0.2,0,0,0,0.002,1000,40,740,90,400,574
0.12,9.11,1.52,0.03,0.41,0.19,0.2,0,0,0,0.002,1000,40,740,90,450,545
0.12,9.11,1.52,0.03,0.41,0.19,0.2,0,0,0,0.002,1000,40,740,90,500,493
0.12,9.11,1.52,0.03,0.41,0.19,0.2,0,0,0,0.002,1000,40,740,90,550,431
0.12,8.91,1.44,0,0.49,0.2,0.15,0,0,0,0,980,30,760,90,25,670
0.09,9,1.98,0,0.49,0.2,0.083,0,0,0,0.015,1050,60,780,60,25,639
0.12,8.91,1.44,0,0.49,0.2,0.15,0,0,0,0,980,30,760,90,400,556
0.09,9,1.98,0,0.49,0.2,0.083,0,0,0,0.015,1050,60,780,60,400,465
0.12,8.91,1.44,0,0.49,0.2,0.15,0,0,0,0,980,30,760,90,500,495
0.09,9,1.98,0,0.49,0.2,0.083,0,0,0,0.015,1050,60,780,60,500,452
0.12,8.91,1.44,0,0.49,0.2,0.15,0,0,0,0,980,30,760,90,600,373
0.09,9,1.98,0,0.49,0.2,0.083,0,0,0,0.015,1050,60,780,60,600,342
0.12,8.91,2.03,0.01,0.01,0.26,0.069,0,0,0.05,0,1050,30,750,60,25,697
0.1,8.92,2.02,0.01,0.01,0.26,0.069,0,0,0.04,0,1050,30,750,60,25,716
0.1,8.85,1.99,0.05,0.45,0.2,0.08,0,0,0,0.0231,1050,60,780,60,25,627
0.1,8.85,1.99,0.05,0.45,0.2,0.08,0,0,0,0.0231,1050,60,780,60,400,518
0.1,8.85,1.99,0.05,0.45,0.2,0.08,0,0,0,0.0231,1050,60,780,30,25,605
0.089,8.97,1.96,0.051,0.5,0.2,0.098,0,0,0,0.0277,1050,60,780,30,25,617
0.098,8.99,2,0.05,0.5,0.2,0.098,0,0,0.002,0.0149,1050,60,780,30,25,598
0.097,8.99,2.01,0.049,0.5,0.2,0.1,0,0,0.002,0.015,1050,60,780,30,25,609
0.096,8.97,2.01,0.05,0.49,0.2,0.14,0,0,0.002,0.0151,1050,60,780,30,25,602
0.096,8.97,2.01,0.051,0.5,0.2,0.14,0,0,0.048,0.0152,1050,60,800,30,25,595
0.098,8.99,2,0.05,0.5,0.2,0.098,0,0,0.002,0.0149,1050,60,780,30,300,571
0.097,8.99,2.01,0.049,0.5,0.2,0.1,0,0,0.002,0.015,1050,60,780,30,300,547
0.096,8.97,2.01,0.05,0.49,0.2,0.14,0,0,0.002,0.0151,1050,60,780,30,300,533
0.098,8.99,2,0.05,0.5,0.2,0.098,0,0,0.002,0.0149,1050,60,780,30,400,514
0.097,8.99,2.01,0.049,0.5,0.2,0.1,0,0,0.002,0.015,1050,60,780,30,400,514
0.096,8.97,2.01,0.05,0.49,0.2,0.14,0,0,0.002,0.0151,1050,60,780,30,400,500
0.098,8.99,2,0.05,0.5,0.2,0.098,0,0,0.002,0.0149,1050,60,780,30,500,456
0.097,8.99,2.01,0.049,0.5,0.2,0.1,0,0,0.002,0.015,1050,60,780,30,500,426
0.096,8.97,2.01,0.05,0.49,0.2,0.14,0,0,0.002,0.0151,1050,60,780,30,500,435
0.098,8.99,2,0.05,0.5,0.2,0.098,0,0,0.002,0.0149,1050,60,780,30,600,299
0.097,8.99,2.01,0.049,0.5,0.2,0.1,0,0,0.002,0.015,1050,60,780,30,600,310
0.096,8.97,2.01,0.05,0.49,0.2,0.14,0,0,0.002,0.0151,1050,60,780,30,600,326
0.1,8.85,1.99,0.05,0.45,0.2,0.08,0,0,0,0.0231,1050,60,780,30,400,537
0.1,8.85,1.99,0.05,0.45,0.2,0.08,0,0,0,0.0231,1050,60,780,30,600,309
0.09,9,1.06,0.13,0.43,0.23,0.075,0,0,0,0.0036,1000,30,650,90,25,795
0.09,9,1.06,0.13,0.43,0.23,0.075,0,0,0,0.0036,1000,30,700,90,25,728
0.09,9,1.06,0.13,0.43,0.23,0.075,0,0,0,0.0036,1000,30,760,90,25,631
0.09,8.8,1.02,0.13,0.44,0.21,0.089,0,0,0.014,0.002,1000,30,650,90,25,768
0.09,8.8,1.02,0.13,0.44,0.21,0.089,0,0,0.014,0.002,1000,30,700,90,25,699
0.09,8.8,1.02,0.13,0.44,0.21,0.089,0,0,0.014,0.002,1000,30,760,90,25,629
0.099,7.88,1.78,0.1,0.45,0.19,0.093,0,0,0.001,0.0098,1040,40,750,60,25,750
0.099,7.88,1.78,0.1,0.45,0.19,0.093,0,0,0.001,0.0098,1040,40,750,60,200,640
0.099,7.88,1.78,0.1,0.45,0.19,0.093,0,0,0.001,0.0098,1040,40,750,60,250,631
0.099,7.88,1.78,0.1,0.45,0.19,0.093,0,0,0.001,0.0098,1040,40,750,60,300,619
0.099,7.88,1.78,0.1,0.45,0.19,0.093,0,0,0.001,0.0098,1040,40,750,60,350,606
0.099,7.88,1.78,0.1,0.45,0.19,0.093,0,0,0.001,0.0098,1040,40,750,60,400,583
0.099,7.88,1.78,0.1,0.45,0.19,0.093,0,0,0.001,0.0098,1040,40,750,60,450,538
0.099,7.88,1.78,0.1,0.45,0.19,0.093,0,0,0.001,0.0098,1040,40,750,60,500,495
0.099,7.88,1.78,0.1,0.45,0.19,0.093,0,0,0.001,0.0098,1040,40,750,60,550,430
0.099,7.88,1.78,0.1,0.45,0.19,0.093,0,0,0.001,0.0098,1040,40,750,60,600,345
0.093,7.95,1.87,0.11,0.45,0.21,0.03,0,0,0.001,0.003,1040,40,750,60,25,672
0.089,7.86,1.99,0.098,0.077,0.19,0.019,0,0,0.003,0.0073,1040,40,750,60,25,669
0.09,7.71,1.95,0.11,0.16,0.16,0.02,0,0,0,0.006,1040,30,750,60,25,621.6
0.1,9,1.5,0,0.45,0.2,0.15,0,0.2,0,0,980,30,760,90,25,628
0.1,9,1.5,0,0.45,0.2,0.15,0,0.2,0,0,980,30,760,90,500,399
0.1,9,1.5,0,0.45,0.2,0.15,0,0.2,0,0,980,30,760,90,600,312
